sample_index,sim_time_s,ego_x,ego_y,ego_speed_mps,obstacle_count,nearest_ttc_s,nearest_ttc_obstacle_id,nearest_ttc_reason,nearest_ttc_longitudinal_gap_m,nearest_ttc_lateral_gap_m,nearest_ttc_bumper_gap_m,nearest_ttc_bumper_gap_raw_m,nearest_ttc_closing_speed_mps,nearest_ttc_obstacle_x,nearest_ttc_obstacle_y,nearest_ttc_obstacle_v_mps,max_drac_mps2,min_pet_s,behavior_decision,fsm_state,blocking_obstacle_id,decision_reason,collision_count,last_collision_actor_type,cp_provider_source,native_opencda_available,native_opencda_required,cp_obstacle_count,lateral_offset_m,heading_error_rad,Cost_ref,Cost_LaneCenter,Cost_RoadBoundary,Cost_Repulsive,Cost_Control,road_boundary_sample_valid,road_boundary_lateral_offset_m,road_boundary_lane_width_m,road_boundary_ego_half_width_m,road_boundary_clearance_m,road_boundary_breach,road_boundary_breach_count,road_boundary_sample_count,road_boundary_breach_rate
0,7.925920071,-55.5381965637207,133.36973571777344,0.9800000786781311,0,,,,,,,,,,,,0.0,,lane_follow,LANE_KEEP,,,0,,,0,0,0,,,2422.0726063055126,79.24202203324232,0.0,0.0,2713.735180015183,True,2.4077961846558082e-15,3.499999999862693,1.07,0.5299930498895907,False,0,1,0.0
1,7.975920071,-55.5381965637207,133.36973571777344,1.470000147819519,0,,,,,,,,,,,,0.0,,lane_follow,LANE_KEEP,,,0,,,0,0,0,,,3531.4797177003193,89.15398939503585,0.0,0.0,16626.9721204328,True,2.4077961846558082e-15,3.499999999862702,1.07,0.5299930498896507,False,0,2,0.0
2,8.025920072,-55.5381965637207,133.36973571777344,1.9600002765655518,0,,,,,,,,,,,,0.0,,lane_follow,LANE_KEEP,,,0,,,0,0,0,,,,,,,,True,2.4077961846558082e-15,3.499999999862702,1.07,0.5299930498896251,False,0,3,0.0
3,8.075920073,-55.5381965637207,133.36973571777344,2.450000286102295,0,,,,,,,,,,,,0.0,,lane_follow,LANE_KEEP,,,0,,,0,0,0,,,,,,,,True,2.4077961846558082e-15,3.499999999862702,1.07,0.5299930498896853,False,0,4,0.0
4,8.125920074,-55.5381965637207,133.36973571777344,2.9399998188018803,0,,,,,,,,,,,,0.0,,lane_follow,LANE_KEEP,,,0,,,0,0,0,,,,,,,,True,2.4077961846558082e-15,3.499999999862702,1.07,0.5299930498879782,False,0,5,0.0
5,8.175920074,-55.5381965637207,133.36973571777344,3.429999351501465,0,,,,,,,,,,,,0.0,,lane_follow,LANE_KEEP,,,0,,,0,0,0,,,521.6436418191747,9.521645013350001,0.0,0.0,953.6512670576337,True,2.4077961846558082e-15,3.499999999862702,1.07,0.5299930498895947,False,0,6,0.0
6,8.225920075,-55.5381965637207,133.36973571777344,3.9199986457824707,0,,,,,,,,,,,,0.0,,lane_follow,LANE_KEEP,,,0,,,0,0,0,,,,,,,,True,2.4077961846558082e-15,3.4999999998626534,1.07,0.5299930498895965,False,0,7,0.0
7,8.275920076,-55.5381965637207,133.36973571777344,2.6454360485076918,0,,,,,,,,,,,,0.0,,lane_follow,LANE_KEEP,,,0,,,0,0,0,,,,,,,,True,2.4077961846558082e-15,3.499999999862693,1.07,0.5299930498896394,False,0,8,0.0
8,8.325920077,-55.5381965637207,133.36973571777344,0.028028115974408224,0,,,,,,,,,,,,0.0,,lane_follow,LANE_KEEP,,,0,,,0,0,0,,,560.2778690109129,202.16091519879217,0.0,0.0,4041.5895317909967,True,2.4077961846558082e-15,3.499999999862702,1.07,0.5299930498895878,False,0,9,0.0
9,8.375920077,-55.53859329223633,133.3697967529297,0.21344303328305336,0,,,,,,,,,,,,0.0,,lane_follow,LANE_KEEP,,,0,,,0,0,0,,,428.94596549406236,103.51564753847947,0.0,0.0,1820.1262939359576,True,-4.215378046623641e-16,3.4999999998626823,1.07,0.5299405529415612,False,0,10,0.0
10,8.425920078,-55.538665771484375,133.36984252929688,0.25738511073737297,0,,,,,,,,,,,,0.0,,lane_follow,LANE_KEEP,,,0,,,0,0,0,,,382.9294535581589,100.9331729538053,0.0,0.0,1781.4893618563494,True,-4.215378046623641e-16,3.49999999986275,1.07,0.5298943320125461,False,0,11,0.0
11,8.475920079,-55.53861618041992,133.36985778808594,0.2390859749410364,0,,,,,,,,,,,,0.0,,lane_follow,LANE_KEEP,,,0,,,0,0,0,,,372.12315292859915,114.72378935787694,0.0,0.0,2343.573448875219,True,-4.215378046623641e-16,3.499999999862702,1.07,0.5298793782762773,False,0,12,0.0
12,8.52592008,-55.538543701171875,133.36985778808594,0.19871419317076833,0,,,,,,,,,,,,0.0,,lane_follow,LANE_KEEP,,,0,,,0,0,0,,,371.79314094801794,133.69616412270645,0.0,0.0,3125.55618586294,True,1.8153881176097286e-15,3.4999999998627302,1.07,0.5298811286529744,False,0,13,0.0
13,8.57592008,-55.53847122192383,133.36985778808594,0.15522327069965078,0,,,,,,,,,,,,0.0,,lane_follow,LANE_KEEP,,,0,,,0,0,0,,,367.40430331914666,148.17737298051088,0.0,0.0,4056.518678406101,True,-1.1623514650782596e-14,3.4999999998626734,1.07,0.5298822265580397,False,0,14,0.0
14,8.625920081,-55.53841018676758,133.36984252929688,0.1165345803809654,0,,,,,,,,,,,,0.0,,lane_follow,LANE_KEEP,,,0,,,0,0,0,,,353.969651352914,151.78877968582643,0.0,0.0,5316.7550881093575,True,-1.2427558981897846e-14,3.499999999862722,1.07,0.529897182142483,False,0,15,0.0
15,8.675920082,-55.53836441040039,133.36985778808594,0.08510189957532685,0,,,,,,,,,,,,0.0,,lane_follow,LANE_KEEP,,,0,,,0,0,0,,,342.81379707878034,154.71778168164826,0.0,0.0,6205.273016156307,True,4.518954654919582e-16,3.499999999862702,1.07,0.5298815524906345,False,0,16,0.0
16,8.725920083,-55.53831100463867,133.36984252929688,0.06089400581609424,0,,,,,,,,,,,,0.0,,lane_follow,LANE_KEEP,,,0,,,0,0,0,,,335.18955226224443,87.17145567663127,0.0,0.0,6508.112264939857,True,4.518954654919582e-16,3.499999999862702,1.07,0.5298971392034598,False,0,17,0.0
17,8.775920083,-55.53827667236328,133.3698272705078,0.04289821743229563,0,,,,,,,,,,,,0.0,,lane_follow,LANE_KEEP,,,0,,,0,0,0,,,327.2416140173296,88.0857223471528,0.0,0.0,6522.215489113561,True,4.518954654919582e-16,3.499999999862702,1.07,0.5299126086967553,False,0,18,0.0
18,8.825920084,-55.538246154785156,133.36981201171875,0.029844011340306197,0,,,,,,,,,,,,0.0,,lane_follow,LANE_KEEP,,,0,,,0,0,0,,,320.50773709415796,88.76005712457746,0.0,0.0,6303.454741175925,True,4.518954654919582e-16,3.499999999862702,1.07,0.529928054746538,False,0,19,0.0
19,8.875920085,-55.53822708129883,133.3698272705078,0.020554040778521146,0,,,,,,,,,,,,0.0,,lane_follow,LANE_KEEP,,,0,,,0,0,0,,,314.81699757118565,89.24828063434435,0.0,0.0,5978.9260384654735,True,4.518954654919582e-16,3.499999999862702,1.07,0.5299129134621418,False,0,20,0.0
20,8.925920086,-55.53821563720703,133.36984252929688,0.014036845225170604,0,,,,,,,,,,,,0.0,,lane_follow,LANE_KEEP,,,0,,,0,0,0,,,310.025290847765,89.59537766230991,0.0,0.0,5632.797688188319,True,4.518954654919582e-16,3.499999999862702,1.07,0.5298977252920981,False,0,21,0.0
21,8.975920086,-55.53820037841797,133.36985778808594,0.009517136066733344,1,,,,,,,,,,,,0.0,,lane_follow,LANE_KEEP,,,0,,,0,0,0,,,306.0057704361819,89.83798867969472,0.0,3.3303535835572503e-81,5310.879989513694,True,4.518954654919582e-16,3.499999999862702,1.07,0.5298825605656131,False,0,22,0.0
22,9.025920087,-55.5381965637207,133.36985778808594,0.0064141055094421116,1,,,,,,,,,,,,0.0,,lane_follow,LANE_KEEP,,,0,,,0,0,0,,,302.64571541197034,90.0041985109953,0.0,3.3447457170637545e-81,5032.745297180894,True,4.518954654919582e-16,3.4999999998626734,1.07,0.5298825840091753,False,0,23,0.0
23,9.075920088,-55.53819274902344,133.36985778808594,0.004301027701535416,1,,,,,,,,,,,,0.0,,lane_follow,LANE_KEEP,,,0,,,0,0,0,,,299.84582754915743,90.11559112934331,0.0,3.35851981518254e-81,4802.869291628671,True,4.518954654919582e-16,3.499999999862702,1.07,0.5298826074527844,False,0,24,0.0
24,9.125920089,-55.53818893432617,133.369873046875,0.0028687221265908986,1,,,,,,,,,,,,0.0,,lane_follow,LANE_KEEP,,,0,,,0,0,0,,,297.5195224989392,90.18842600184779,0.0,3.371674619062253e-81,4618.206593372556,True,4.518954654919582e-16,3.4999999998626734,1.07,0.5298673723954429,False,0,25,0.0
25,9.175920089,-55.53818893432617,133.369873046875,0.0004583957586162525,1,,,,,,,,,,,,0.0,,lane_follow,LANE_KEEP,,,0,,,0,0,0,,,295.74700831915607,90.29207311531073,0.0,3.384804700334514e-81,4518.863735216655,True,4.518954654919582e-16,3.499999999862702,1.07,0.529867372395448,False,0,26,0.0
26,9.22592009,-55.53818893432617,133.369873046875,0.0008519548390672984,1,,,,,,,,,,,,0.0,,lane_follow,LANE_KEEP,,,0,,,0,0,0,,,294.03918058311075,90.27459637104435,0.0,3.3986103934366607e-81,4360.505817283235,True,4.518954654919582e-16,3.4999999998626734,1.07,0.5298673723968702,False,0,27,0.0
27,9.275920091,-55.53818130493164,133.369873046875,0.0008879142015486298,1,,,,,,,,,,,,0.0,,lane_follow,LANE_KEEP,,,0,,,0,0,0,,,292.6711996333704,90.26724003557919,0.0,3.4123333304168894e-81,4258.184771307774,True,4.518954654919582e-16,3.499999999862702,1.07,0.5298674192811598,False,0,28,0.0
28,9.325920092,-55.53818130493164,133.369873046875,0.0007800834081383031,1,,,,,,,,,,,,0.0,,lane_follow,LANE_KEEP,,,0,,,0,0,0,,,878.1576550829133,90.29867405718937,0.0,3.427053232384741e-81,7.668190285434835,True,4.518954654919582e-16,3.499999999862702,1.07,0.5298674192826881,False,0,29,0.0
29,9.375920092,-55.53818130493164,133.369873046875,0.0006298093567107964,1,,,,,,,,,,,,0.0,,lane_follow,LANE_KEEP,,,0,,,0,0,0,,,876.9036856188175,90.32444995491383,0.0,3.441704555604196e-81,68.78710346648714,True,4.518954654919582e-16,3.4999999998626823,1.07,0.529867419284131,False,0,30,0.0
30,9.425920093,-55.53818130493164,133.369873046875,0.00048321717123204,1,,,,,,,,,,,,0.0,,lane_follow,LANE_KEEP,,,0,,,0,0,0,,,875.8759520497669,90.34558619102519,0.0,3.4562707646338174e-81,67.07001206439116,True,4.518954654919582e-16,3.499999999862702,1.07,0.5298674192811931,False,0,31,0.0
31,9.475920094,-55.53818130493164,133.369873046875,0.00035784474418994026,1,,,,,,,,,,,,0.0,,lane_follow,LANE_KEEP,,,0,,,0,0,0,,,875.0335611067956,90.3629179045476,0.0,3.4706570493756283e-81,66.07616530582503,True,4.518954654919582e-16,3.499999999862702,1.07,0.5298674192825695,False,0,32,0.0
32,9.525920095,-55.538177490234375,133.369873046875,0.000258698761989565,1,,,,,,,,,,,,0.0,,lane_follow,LANE_KEEP,,,0,,,0,0,0,,,874.3430341882593,90.37693435389234,0.0,3.485000337996306e-81,65.48084738540292,True,4.518954654919582e-16,3.499999999862702,1.07,0.5298674427277067,False,0,33,0.0
33,9.575920095,-55.538177490234375,133.369873046875,0.00018289040019875893,1,,,,,,,,,,,,0.0,,lane_follow,LANE_KEEP,,,0,,,0,0,0,,,873.7769626995952,90.38858817281178,0.0,3.499129220875932e-81,65.11917786527304,True,4.518954654919582e-16,3.499999999862693,1.07,0.5298674427276847,False,0,34,0.0
34,9.625920096,-55.538177490234375,133.369873046875,6.780075025004763e-05,1,,,,,,,,,,,,0.0,,lane_follow,LANE_KEEP,,,0,,,0,0,0,,,873.3128906585628,90.3981443039592,0.0,3.5131819603145486e-81,64.9809890598011,True,4.518954654919582e-16,3.4999999998626734,1.07,0.5298674427247853,False,0,35,0.0
35,9.675920097,-55.538177490234375,133.369873046875,8.15800758765787e-05,1,,,,,,,,,,,,0.0,,lane_follow,LANE_KEEP,,,0,,,0,0,0,,,872.932423249089,90.4059803316624,0.0,3.5269875398111045e-81,64.76094959609581,True,4.518954654919582e-16,3.499999999862654,1.07,0.5298674427262374,False,0,36,0.0
36,9.725920098,-55.538177490234375,133.369873046875,7.698266657827271e-05,1,,,,,,,,,,,,0.0,,lane_follow,LANE_KEEP,,,0,,,0,0,0,,,872.6204881603105,90.41240587439596,0.0,3.540607170952615e-81,64.6601207517609,True,4.518954654919582e-16,3.4999999998626734,1.07,0.5298674427247988,False,0,37,0.0
37,9.775920098,-55.538177490234375,133.369873046875,6.4498506472437e-05,1,,,,,,,,,,,,0.0,,lane_follow,LANE_KEEP,,,0,,,0,0,0,,,287.6064178411688,96.2392473567248,0.0,1.295675771051482e-81,4000.3670228387655,True,4.518954654919582e-16,3.4999999998626734,1.07,0.5298674427262927,False,0,38,0.0
38,9.825920099,-55.538177490234375,133.369873046875,4.9764189175367e-05,1,,,,,,,,,,,,0.0,,lane_follow,LANE_KEEP,,,0,,,0,0,0,,,872.1554794398795,96.24384607079462,0.0,4.3624277963374284e-82,5.812404043284961,True,4.518954654919582e-16,3.4999999998626534,1.07,0.5298674427262443,False,0,39,0.0
39,9.8759201,-55.538177490234375,133.369873046875,3.706134350997316e-05,1,,,,,,,,,,,,0.0,,lane_follow,LANE_KEEP,,,0,,,0,0,0,,,871.9834630542988,96.24761701630271,0.0,1.5297551716419717e-82,6.361611159055736,True,4.518954654919582e-16,3.4999999998626734,1.07,0.5298674427247688,False,0,40,0.0
40,9.925920100999999,-55.538177490234375,133.369873046875,2.6789104618383527e-05,1,,,,,,,,,,,,0.0,,lane_follow,LANE_KEEP,,,0,,,0,0,0,,,871.842419474428,96.25070919160393,0.0,5.618387742611718e-83,6.352138890149021,True,4.518954654919582e-16,3.499999999862702,1.07,0.529867442726261,False,0,41,0.0
41,9.975920101,-55.538177490234375,133.369873046875,1.921732385604212e-05,1,,,,,,,,,,,,0.0,,lane_follow,LANE_KEEP,,,0,,,0,0,0,,,871.7267703663138,96.25324477532422,0.0,2.165345550787069e-83,6.3464266724995895,True,4.518954654919582e-16,3.499999999862702,1.07,0.5298674427262474,False,0,42,0.0
42,10.025920102,-55.538177490234375,133.369873046875,4.3877488597173935e-06,1,,,,,,,,,,,,0.0,,lane_follow,LANE_KEEP,,,0,,,0,0,0,,,871.6319425539099,96.25532395395676,0.0,8.77645871493745e-84,6.344663033869383,True,4.518954654919582e-16,3.499999999862702,1.07,0.5298674427262474,False,0,43,0.0
43,10.075920103,-55.538177490234375,133.369873046875,8.011661161588509e-06,1,,,,,,,,,,,,0.0,,lane_follow,LANE_KEEP,,,0,,,0,0,0,,,871.5541867441223,96.2570288804355,0.0,3.755793165448307e-84,6.341064196315936,True,4.518954654919582e-16,3.499999999862702,1.07,0.5298674427262474,False,0,44,0.0
44,10.125920104,-55.538177490234375,133.369873046875,7.982446018858373e-06,1,,,,,,,,,,,,0.0,,lane_follow,LANE_KEEP,,,0,,,0,0,0,,,871.4904289948636,96.25842692022432,0.0,1.6931855508821036e-84,6.339570262887404,True,4.518954654919582e-16,3.4999999998626734,1.07,0.529867442726275,False,0,45,0.0
45,10.175920104,-55.538177490234375,133.369873046875,6.533463470528611e-06,1,,,,,,,,,,,,0.0,,lane_follow,LANE_KEEP,,,0,,,0,0,0,,,871.4381489952011,96.25957331278862,0.0,8.084765101778062e-85,6.338896254400893,True,4.518954654919582e-16,3.4999999998626734,1.07,0.529867442726275,False,0,46,0.0
46,10.225920105,-55.538177490234375,133.369873046875,5.054553756230595e-06,1,,,,,,,,,,,,0.0,,lane_follow,LANE_KEEP,,,0,,,0,0,0,,,871.3952803063979,96.26051335469137,0.0,4.0823936840528734e-85,6.338556414709726,True,4.518954654919582e-16,3.4999999998626734,1.07,0.529867442726275,False,0,47,0.0
47,10.275920106,-55.538177490234375,133.369873046875,4.781528321529917e-06,1,,,,,,,,,,,,0.0,,lane_follow,LANE_KEEP,,,0,,,0,0,0,,,286.6851829483168,96.20261952964835,0.0,2.1915636898295122e-85,3991.7770864671857,True,4.518954654919582e-16,3.4999999998626734,1.07,0.529867442726275,False,0,48,0.0
48,10.325920107,-55.538177490234375,133.369873046875,3.1953210802409114e-06,1,,,,,,,,,,,,0.0,,lane_follow,LANE_KEEP,,,0,,,0,0,0,,,871.3312746953955,96.20325122865637,0.0,1.2984759750398074e-85,5.768226047322208,True,4.518954654919582e-16,3.4999999998626734,1.07,0.5298674427262461,False,0,49,0.0
49,10.375920107,-55.54628372192383,133.3697967529297,0.5271282131128026,1,,,,,,,,,,,,0.0,,lane_follow,LANE_KEEP,,,0,,,0,0,0,,,861.2147919090869,145.05392907186322,0.0,8.354248379651862e-86,36828.07072987735,True,1.0305124809040223e-14,3.499999999862645,1.07,0.5298671661973352,False,0,50,0.0
50,10.425920108,-55.6090087890625,133.36923217773438,1.678818697263763,1,,,,,,,,,,,,0.0,,lane_follow,LANE_KEEP,,,0,,,0,0,0,,,2719.4384155156713,4168.2263550958405,0.0,6.608656668805636e-86,33625.01806318651,True,-1.474514954580286e-17,3.499999999860618,1.07,0.5297395945501314,False,0,51,0.0
51,10.475920109,-55.71921920776367,133.36827087402344,2.48720663181182,1,,,,,,,,,,,,0.0,,lane_follow,LANE_KEEP,,,0,,,0,0,0,,,,,,,,True,-4.827735433643454e-15,3.4999999998619913,1.07,0.5295584038364359,False,0,52,0.0
52,10.525920109,-55.85984802246094,133.36756896972656,2.982724852994861,1,,,,,,,,,,,,0.0,,lane_follow,LANE_KEEP,,,0,,,0,0,0,,,2397.988682507217,6735.291390501074,831929.1466251425,5.840469251290946e-87,50496.95100183678,True,1.0526302052227265e-14,3.4999999998595754,1.07,0.5297470385969268,False,0,53,0.0
53,10.57592011,-56.0181770324707,133.36512756347656,3.2680050775623983,1,,,,,,,,,,,,0.0,,lane_follow,LANE_KEEP,,,0,,,0,0,0,,,2296.224116710334,6978.9413639011245,862923.2509749777,7.614187434058345e-88,47995.18771369385,True,-9.46985545535739e-15,3.4999999998589697,1.07,0.5283355472259933,False,0,54,0.0
54,10.625920111,-56.18596649169922,133.3615264892578,3.4057563498604932,1,,,,,,,,,,,,0.0,,lane_follow,LANE_KEEP,,,0,,,0,0,0,,,2243.8504688290095,7173.266370653664,893591.5567637791,2.3278132153624708e-88,45513.47586966551,True,-7.836613302725226e-15,3.499999999858248,1.07,0.5257693209281605,False,0,55,0.0
55,10.675920112,-56.35844421386719,133.357421875,3.487577103703783,1,,,,,,,,,,,,0.0,,lane_follow,LANE_KEEP,,,0,,,0,0,0,,,563.7500174921412,547.8683523257762,0.0,7.537363018797339e-89,45661.64567506399,True,-6.930220286527344e-15,3.4999999998594244,1.07,0.5227328744484746,False,0,56,0.0
56,10.725920112,-56.53472900390625,133.3537139892578,3.5598958608560665,1,,,,,,,,,,,,0.0,,lane_follow,LANE_KEEP,,,0,,,0,0,0,,,563.8961916989145,558.2348147683807,0.0,5.182820569608294e-89,44502.74305894648,True,7.37257477290143e-15,3.4999999998587144,1.07,0.5201152621250341,False,0,57,0.0
57,10.775920113,-56.71443557739258,133.35023498535156,3.6248828603917334,1,,,,,,,,,,,,0.0,,lane_follow,LANE_KEEP,,,0,,,0,0,0,,,2237.78515472996,4909.501893268966,1050.403382049788,5.559297577203587e-89,44263.68737908952,True,-3.5301622736128024e-16,3.499999999855596,1.07,0.5177479468511287,False,0,58,0.0
58,10.825920114,-56.89730453491211,133.3470916748047,3.6853886427291656,1,,,,,,,,,,,,0.0,,lane_follow,LANE_KEEP,,,0,,,0,0,0,,,282.42479916368774,322.5005563841632,0.0,1.367050432005869e-88,1825.9220415142897,True,2.4980018054066022e-15,3.4999999998546474,1.07,0.526054422946462,False,0,59,0.0
59,10.875920115,-57.08312225341797,133.3441619873047,3.7423512203230547,1,,,,,,,,,,,,0.0,,lane_follow,LANE_KEEP,,,0,,,0,0,0,,,,,,,,True,-9.379649834606596e-15,3.499999999853681,1.07,0.5269577151082806,False,0,60,0.0
60,10.925920115,-57.271751403808594,133.34103393554688,3.7968553811661137,1,,,,,,,,,,,,0.0,,lane_follow,LANE_KEEP,,,0,,,0,0,0,,,,,,,,True,-1.235990476633475e-14,3.4999999998529705,1.07,0.5283081386146785,False,0,61,0.0
61,10.975920116,-57.46305465698242,133.33782958984375,3.849147334687976,1,,,,,,,,,,,,0.0,,lane_follow,LANE_KEEP,,,0,,,0,0,0,,,13.54172577603945,12.785959062765462,0.0,4.417554308932056e-87,219.05946631379555,True,-2.8293339893181724e-15,3.499999999854022,1.07,0.5292914053892407,False,0,62,0.0
62,11.025920117,-57.65694808959961,133.33445739746094,3.899808840339289,1,,,,,,,,,,,,0.0,,lane_follow,LANE_KEEP,,,0,,,0,0,0,,,,,,,,True,3.290770433928003e-15,3.4999999998530273,1.07,0.5293500438520277,False,0,63,0.0
63,11.075920118,-57.85334014892578,133.3310089111328,3.9489077295361943,1,,,,,,,,,,,,0.0,,lane_follow,LANE_KEEP,,,0,,,0,0,0,,,279.18996408654425,349.873951518395,0.0,4.784772590891846e-86,2283.523389785871,True,3.526692826660849e-15,3.4999999998496736,1.07,0.5282227610866729,False,0,64,0.0
64,11.125920118,-58.05215072631836,133.32725524902344,3.9968235977313924,1,,,,,,,,,,,,0.0,,lane_follow,LANE_KEEP,,,0,,,0,0,0,,,,,,,,True,-7.062059270701582e-15,3.49999999984867,1.07,0.5267293824918396,False,0,65,0.0
65,11.175920119,-58.25332260131836,133.32334899902344,4.04344898059488,1,,,,,,,,,,,,0.0,,lane_follow,LANE_KEEP,,,0,,,0,0,0,,,,,,,,True,5.7592819402429996e-15,3.4999999998475504,1.07,0.5255070509157415,False,0,66,0.0
66,11.22592012,-58.45680618286133,133.31912231445312,4.089093712190719,1,,,,,,,,,,,,0.0,,lane_follow,LANE_KEEP,,,0,,,0,0,0,,,10.816955440327481,11.986001200727248,0.0,1.4282841922129524e-81,103.73315495696285,True,1.23113325090074e-14,3.499999999848858,1.07,0.5239644375958757,False,0,67,0.0
67,11.275920121,-58.66252899169922,133.3146514892578,4.133511766005768,1,,,,,,,,,,,,0.0,,lane_follow,LANE_KEEP,,,0,,,0,0,0,,,,,,,,True,-9.797718192317006e-15,3.4999999998477973,1.07,0.5226822802123104,False,0,68,0.0
68,11.325920121,-58.87044143676758,133.30979919433594,4.176960180548613,1,,,,,,,,,,,,0.0,,lane_follow,LANE_KEEP,,,0,,,0,0,0,,,266.51561817928825,360.9543547568308,0.0,3.580444283581448e-77,2426.361163176587,True,-7.499209586647737e-15,3.499999999844367,1.07,0.5210445605299961,False,0,69,0.0
69,11.375920122,-59.08047866821289,133.30459594726562,4.219113140138248,1,,,,,,,,,,,,0.0,,lane_follow,LANE_KEEP,,,0,,,0,0,0,,,,,,,,True,-2.0122792321330962e-15,3.4999999998432787,1.07,0.5195952204604662,False,0,70,0.0
70,11.425920123,-59.2925910949707,133.29891967773438,4.260455497317456,1,,,,,,,,,,,,0.0,,lane_follow,LANE_KEEP,,,0,,,0,0,0,,,,,,,,True,-7.632783294297951e-16,3.49999999984217,1.07,0.542373711300984,False,0,71,0.0
71,11.475920124,-59.5067253112793,133.2929229736328,4.300630587342046,1,,,,,,,,,,,,0.0,,lane_follow,LANE_KEEP,,,0,,,0,0,0,,,,,,,,True,-9.853229343548264e-16,3.4999999998410902,1.07,0.5440918576035564,False,0,72,0.0
72,11.525920124,-59.72283172607422,133.28640747070312,4.340086571404612,1,,,,,,,,,,,,0.0,,lane_follow,LANE_KEEP,,,0,,,0,0,0,,,7.239902300412876,13.943068066055009,0.0,2.2509207475083e-67,71.28650989529986,True,-9.610368056911511e-16,3.499999999842264,1.07,0.546192689630873,False,0,73,0.0
73,11.575920125,-59.94086837768555,133.279541015625,4.378446159658193,1,,,,,,,,,,,,0.0,,lane_follow,LANE_KEEP,,,0,,,0,0,0,,,,,,,,True,5.55805401702969e-15,3.4999999998411555,1.07,0.5483509426624572,False,0,74,0.0
74,11.625920126,-60.16079330444336,133.27227783203125,4.41616383203054,1,,,,,,,,,,,,0.0,,lane_follow,LANE_KEEP,,,0,,,0,0,0,,,229.7731920530598,322.16307122152807,0.0,1.4673054949612562e-63,2195.391103094119,True,3.7365943672540425e-15,3.4999999998377733,1.07,0.551008983020549,False,0,75,0.0
75,11.675920127,-60.3825569152832,133.2645263671875,4.452777585790826,1,,,,,,,,,,,,0.0,,lane_follow,LANE_KEEP,,,0,,,0,0,0,,,,,,,,True,-1.426636586643326e-14,3.499999999836656,1.07,0.5537536898325374,False,0,76,0.0
76,11.725920127,-60.606101989746094,133.25616455078125,4.488784641058697,1,,,,,,,,,,,,0.0,,lane_follow,LANE_KEEP,,,0,,,0,0,0,,,,,,,,True,-1.0418749196716703e-14,3.4999999998354907,1.07,0.5568148625535193,False,0,77,0.0
77,11.775920128,-60.83141326904297,133.24728393554688,4.523802782126644,1,,,,,,,,,,,,0.0,,lane_follow,LANE_KEEP,,,0,,,0,0,0,,,4.434920855783864,12.110678611841939,0.0,5.640919348222741e-56,74.7078320390528,True,-5.887651477465283e-15,3.4999999998365796,1.07,0.5214129383820904,False,0,78,0.0
78,11.825920129,-61.058353424072266,133.23793029785156,4.5547992678334985,1,,,,,,,,,,,,0.0,,lane_follow,LANE_KEEP,,,0,,,0,0,0,,,,,,,,True,1.3353901318069461e-14,3.4999999998354427,1.07,0.4920099946607873,False,0,79,0.0
79,11.87592013,-61.2866096496582,133.22808837890625,4.578728822526756,1,,,,,,,,,,,,0.0,,lane_follow,LANE_KEEP,,,0,,,0,0,0,,,195.70511012295555,281.65874705914337,0.0,4.20044888843832e-51,1999.9930603550329,True,1.1074474670635936e-14,3.499999999832032,1.07,0.45988551079765194,False,0,80,0.0
80,11.92592013,-61.51597595214844,133.21762084960938,4.6024857476621035,1,,,,,,,,,,,,0.0,,lane_follow,LANE_KEEP,,,0,,,0,0,0,,,,,,,,True,-8.604228440844963e-16,3.4999999998308864,1.07,0.4415123731417131,False,0,81,0.0
81,11.975920131,-61.74662399291992,133.2066192626953,4.6297654726099715,0,,,,,,,,,,,,0.0,,lane_follow,LANE_KEEP,,,0,,,0,0,0,,,,,,,,True,-5.089678678515952e-15,3.4986942902559286,1.07,0.4173881572296977,False,0,82,0.0
82,12.025920132,-61.978675842285156,133.19491577148438,4.658936273805743,0,,,,,,,,,,,,0.0,,lane_follow,LANE_KEEP,,,0,,,0,0,0,,,,,,,,True,-1.7694179454963432e-15,3.4986942902546487,1.07,0.39383214857488824,False,0,83,0.0
83,12.075920133,-62.21215057373047,133.18240356445312,4.68857144346211,0,,,,,,,,,,,,0.0,,lane_follow,LANE_KEEP,,,0,,,0,0,0,,,856.8337860176488,14.890013178950321,0.0,0.0,1129.818043265702,True,6.716849298982197e-15,3.4972028270394855,1.07,0.37961064800585154,False,0,84,0.0
84,12.125920133,-62.44673156738281,133.16921997070312,4.702425668719086,0,,,,,,,,,,,,0.0,,lane_follow,LANE_KEEP,,,0,,,0,0,0,,,,,,,,True,-1.9012569296705806e-15,3.49734960639024,1.07,0.36198852288145533,False,0,85,0.0
85,12.175920134,-62.6811408996582,133.15548706054688,4.691132448607953,0,,,,,,,,,,,,0.0,,lane_follow,LANE_KEEP,,,0,,,0,0,0,,,,,,,,True,1.1754486273218845e-14,3.497202827037069,1.07,0.35188161245792504,False,0,86,0.0
86,12.225920135,-62.91436004638672,133.1412353515625,4.659975670033094,0,,,,,,,,,,,,0.0,,lane_follow,LANE_KEEP,,,0,,,0,0,0,,,,,,,,True,7.625844400394044e-15,3.497202827035846,1.07,0.35230932344917776,False,0,87,0.0
87,12.275920136,-63.14529037475586,133.12648010253906,4.606009030326626,0,,,,,,,,,,,,0.0,,lane_follow,LANE_KEEP,,,0,,,0,0,0,,,983.8558951753242,14.679976044508203,0.0,0.0,377.5551359260998,True,-1.3815337762679292e-14,3.4972028270346613,1.07,0.3518560720580012,False,0,88,0.0
88,12.325920136,-63.372283935546875,133.11131286621094,4.505007233698778,0,,,,,,,,,,,,0.0,,lane_follow,LANE_KEEP,,,0,,,0,0,0,,,,,,,,True,4.045375145977914e-15,3.4972028270334663,1.07,0.3506492708247043,False,0,89,0.0
89,12.375920137,-63.59201431274414,133.09597778320312,4.336625411574894,0,,,,,,,,,,,,0.0,,lane_follow,LANE_KEEP,,,0,,,0,0,0,,,,,,,,True,-1.0685896612017132e-14,3.4978253787392126,1.07,0.3485119207433466,False,0,90,0.0
90,12.425920138,-63.8022346496582,133.08070373535156,4.136869264159208,0,,,,,,,,,,,,0.0,,lane_follow,LANE_KEEP,,,0,,,0,0,0,,,,,,,,True,-7.13318293321663e-15,3.4972028270308977,1.07,0.3458511757778481,False,0,91,0.0
91,12.475920139,-64.00196838378906,133.06561279296875,3.9227503903257395,0,,,,,,,,,,,,0.0,,lane_follow,LANE_KEEP,,,0,,,0,0,0,,,1714.2086827271255,27.481656238507263,0.0,0.0,374.75558128737555,True,2.185751579730777e-15,3.497202827029816,1.07,0.34231476136632455,False,0,92,0.0
92,12.525920139,-64.1904296875,133.0509796142578,3.688302529054309,0,,,,,,,,,,,,0.0,,lane_follow,LANE_KEEP,,,0,,,0,0,0,,,,,,,,True,9.943434964299058e-15,3.497202827028812,1.07,0.3507004423925678,False,0,93,0.0
93,12.575920140000001,-64.367431640625,133.03713989257812,3.465095804924833,0,,,,,,,,,,,,0.0,,lane_follow,LANE_KEEP,,,0,,,0,0,0,,,,,,,,True,1.0325074129013956e-14,3.497202827027605,1.07,0.33765615699748686,False,0,94,0.0
94,12.625920141,-64.53361511230469,133.02381896972656,3.2504208307270748,0,,,,,,,,,,,,0.0,,lane_follow,LANE_KEEP,,,0,,,0,0,0,,,,,,,,True,-2.9698465908722937e-15,3.4972028270269346,1.07,0.32662474065941705,False,0,95,0.0
95,12.675920142,-64.68931579589844,133.01129150390625,3.042691409543607,0,,,,,,,,,,,,0.0,,lane_follow,LANE_KEEP,,,0,,,0,0,0,,,,,,,,True,6.3352101342672995e-15,3.49738009636058,1.07,0.3141748938390859,False,0,96,0.0
96,12.725920142,-64.83489990234375,132.99928283691406,2.842867002436088,0,,,,,,,,,,,,0.0,,lane_follow,LANE_KEEP,,,0,,,0,0,0,,,1953.290385073565,95.17200307950687,0.0,0.0,2269.2164986576863,True,6.63358257213531e-15,3.498463291849666,1.07,0.3022155180108469,False,0,97,0.0
97,12.775920143,-64.97046661376953,132.98825073242188,2.6399898384364504,0,,,,,,,,,,,,0.0,,lane_follow,LANE_KEEP,,,0,,,0,0,0,,,,,,,,True,5.093148125467906e-15,3.4984394333548603,1.07,0.296746538364446,False,0,98,0.0
98,12.825920144,-65.09623718261719,132.97799682617188,2.4474942951305625,0,,,,,,,,,,,,0.0,,lane_follow,LANE_KEEP,,,0,,,0,0,0,,,,,,,,True,-3.3237301799715624e-15,3.4984394753265553,1.07,0.28671017815617594,False,0,99,0.0
99,12.875920145,-65.21266174316406,132.96861267089844,2.2626533703392235,0,,,,,,,,,,,,0.0,,lane_follow,LANE_KEEP,,,0,,,0,0,0,,,184.50898852283296,415.92122965450545,0.0,0.0,9169.971428486388,True,1.0901002323038256e-14,3.49869429023893,1.07,0.28759137400614077,False,0,100,0.0
100,12.925920145,-65.32007598876953,132.95999145507812,2.084573599161769,0,,,,,,,,,,,,0.0,,lane_follow,LANE_KEEP,,,0,,,0,0,0,,,612.2057271055461,1657.0103999379114,156.975921564101,0.0,25352.925645581876,True,-1.7486012637846216e-15,3.4986942902360507,1.07,0.2884485262547679,False,0,101,0.0
101,12.975920146,-65.41901397705078,132.9540557861328,1.915971431553853,0,,,,,,,,,,,,0.0,,lane_follow,LANE_KEEP,,,0,,,0,0,0,,,,,,,,True,1.304512053934559e-15,3.498694290235519,1.07,0.291252551047123,False,0,102,0.0
102,13.025920147,-65.5075454711914,132.95054626464844,1.5627576893440391,0,,,,,,,,,,,,0.0,,lane_follow,LANE_KEEP,,,0,,,0,0,0,,,,,,,,True,-5.5441762292218755e-15,3.4986942902350364,1.07,0.29559714139266646,False,0,103,0.0
103,13.075920147,-65.54865264892578,132.94845581054688,0.3354795368550012,0,,,,,,,,,,,,0.0,,lane_follow,LANE_KEEP,,,0,,,0,0,0,,,217.8135646455659,424.3991713731628,0.0,0.0,73245.59194938357,True,-6.293576770843856e-15,3.498694290236919,1.07,0.2971859208444284,False,0,104,0.0
104,13.125920148,-65.56906127929688,132.94778442382812,0.5369641520349776,0,,,,,,,,,,,,0.0,,lane_follow,LANE_KEEP,,,0,,,0,0,0,,,199.5022682091716,369.94167132690956,0.0,0.0,23434.868295178283,True,-4.107825191113079e-15,3.4986942902368043,1.07,0.29833464494763573,False,0,105,0.0
105,13.175920149,-65.60393524169922,132.94715881347656,0.7589623139209836,0,,,,,,,,,,,,0.0,,lane_follow,LANE_KEEP,,,0,,,0,0,0,,,180.53516249504696,318.9289715813949,0.0,0.0,5081.461111110474,True,7.077671781985373e-16,3.498694290236586,1.07,0.30080522886398187,False,0,106,0.0
106,13.22592015,-65.64311218261719,132.94630432128906,0.7881874637168702,0,,,,,,,,,,,,0.0,,lane_follow,LANE_KEEP,,,0,,,0,0,0,,,778.4941119636245,1364.000003524965,1.7348155304266537,0.0,8914.561891922509,True,-1.2698175844150228e-14,3.4986942902339586,1.07,0.3034353949460732,False,0,107,0.0
107,13.27592015,-65.68678283691406,132.94537353515625,0.8787723502013021,0,,,,,,,,,,,,0.0,,lane_follow,LANE_KEEP,,,0,,,0,0,0,,,2495.947300915105,1503.5112829390375,12744.102918118577,0.0,29662.731364896597,True,0.009337685506775377,3.498694290228265,1.07,0.3063953047466518,False,0,108,0.0
108,13.325920151,-65.7314682006836,132.94261169433594,0.9012114427762908,0,,,,,,,,,,,,0.0,,lane_follow,LANE_KEEP,,,0,,,0,0,0,,,743.5681445743713,4008.5131106278977,304462.462119314,0.0,29207.55285837985,True,3.309852392163748e-15,3.4986942902358704,1.07,0.30757787505033274,False,0,109,0.0
109,13.375920152,-65.7774887084961,132.93821716308594,0.9302433506396197,0,,,,,,,,,,,,0.0,,lane_follow,LANE_KEEP,,,0,,,0,0,0,,,739.9917471926724,4628.077758222859,369701.34222603665,0.0,28378.350482516173,True,-6.70991040507829e-15,3.4986942902355858,1.07,0.3072276164294093,False,0,110,0.0
110,13.425920153,-65.826904296875,132.93443298339844,1.0095898022018162,0,,,,,,,,,,,,0.0,,lane_follow,LANE_KEEP,,,0,,,0,0,0,,,731.9621717533214,4629.000405514976,369852.64109626564,0.0,32879.032222735535,True,-1.5334955527634975e-15,3.49869429023533,1.07,0.30778134128640244,False,0,111,0.0
111,13.475920153,-65.87998962402344,132.929931640625,1.1250053536370395,0,,,,,,,,,,,,0.0,,lane_follow,LANE_KEEP,,,0,,,0,0,0,,,719.5848490524425,5235.322219073788,433755.5159715366,0.0,35345.334376906394,True,-1.2698175844150228e-15,3.498694290235016,1.07,0.3079434559455009,False,0,112,0.0
112,13.525920154,-65.93920135498047,132.92437744140625,1.2257036056345822,0,,,,,,,,,,,,0.0,,lane_follow,LANE_KEEP,,,0,,,0,0,0,,,707.975088276471,5238.565906114144,434108.3284310045,0.0,40580.07353020938,True,-4.28129753871076e-15,3.4986942902346816,1.07,0.3075949785234505,False,0,113,0.0
113,13.575920155,-66.00291442871094,132.91786193847656,1.333888639416255,0,,,,,,,,,,,,0.0,,lane_follow,LANE_KEEP,,,0,,,0,0,0,,,695.123688155219,5838.937831163893,497977.06903330225,0.0,47638.76127174435,True,3.70536934468646e-15,3.498694290234311,1.07,0.30667191982313946,False,0,114,0.0
114,13.625920156,-66.0705337524414,132.91030883789062,1.3757808021863795,0,,,,,,,,,,,,0.0,,lane_follow,LANE_KEEP,,,0,,,0,0,0,,,2368.4126013170735,1116.6250017455445,2393.1957900764683,0.0,43915.106498989386,True,-7.20951076615961e-15,3.498694290231569,1.07,0.30505541047870743,False,0,115,0.0
115,13.675920156,-66.13973236083984,132.90321350097656,1.4143211736336634,0,,,,,,,,,,,,0.0,,lane_follow,LANE_KEEP,,,0,,,0,0,0,,,2358.7667813174207,1467.0812679058133,10383.961717670378,0.0,41700.163824540534,True,-1.3711254354120683e-14,3.498694290231167,1.07,0.3040430495017653,False,0,116,0.0
116,13.725920157000001,-66.21312713623047,132.89578247070312,1.524801767077325,0,,,,,,,,,,,,0.0,,lane_follow,LANE_KEEP,,,0,,,0,0,0,,,482.8393987294692,1252.5129157194901,10.61399300631761,0.0,3047.939876606726,True,-1.3211653993039363e-14,3.4986942902307088,1.07,0.3030690299466555,False,0,117,0.0
117,13.775920158,-66.29094696044922,132.8882293701172,1.6338307128073655,0,,,,,,,,,,,,0.0,,lane_follow,LANE_KEEP,,,0,,,0,0,0,,,,,,,,True,1.0970391262077328e-14,3.4986942902303255,1.07,0.30237142046640486,False,0,118,0.0
118,13.825920159,-66.37569427490234,132.880126953125,1.751051028159296,0,,,,,,,,,,,,0.0,,lane_follow,LANE_KEEP,,,0,,,0,0,0,,,,,,,,True,-3.2612801348363973e-16,3.4986942902297975,1.07,0.3017437104257076,False,0,119,0.0
119,13.875920159,-66.46467590332031,132.87200927734375,1.816192744424713,0,,,,,,,,,,,,0.0,,lane_follow,LANE_KEEP,,,0,,,0,0,0,,,1168.3233998110684,16.224134495502078,0.0,0.0,1106.9449017911636,True,-7.0013439490423934e-15,3.4984399508422825,1.07,0.3014776920210348,False,0,120,0.0
120,13.92592016,-66.55723571777344,132.86375427246094,1.8890389065178248,0,,,,,,,,,,,,0.0,,lane_follow,LANE_KEEP,,,0,,,0,0,0,,,,,,,,True,-7.716050021144838e-15,3.4984399820776266,1.07,0.3108461549379803,False,0,121,0.0
121,13.975920161,-66.65363311767578,132.85484313964844,1.9684235046459126,0,,,,,,,,,,,,0.0,,lane_follow,LANE_KEEP,,,0,,,0,0,0,,,,,,,,True,1.1657341758564144e-14,3.4984400145950993,1.07,0.31285013187463806,False,0,122,0.0
122,14.025920162,-66.75409698486328,132.84555053710938,2.0511677611909134,0,,,,,,,,,,,,0.0,,lane_follow,LANE_KEEP,,,0,,,0,0,0,,,,,,,,True,-1.3489209749195652e-14,3.4984400484739413,1.07,0.31492163556697184,False,0,123,0.0
123,14.075920162,-66.85873413085938,132.83546447753906,2.1362229974171636,0,,,,,,,,,,,,0.0,,lane_follow,LANE_KEEP,,,0,,,0,0,0,,,,,,,,True,1.199040866595169e-14,3.4984400837473104,1.07,0.3166823531399009,False,0,124,0.0
124,14.125920163,-66.96761322021484,132.82492065429688,2.2217314492056373,0,,,,,,,,,,,,0.0,,lane_follow,LANE_KEEP,,,0,,,0,0,0,,,1168.8391564886633,13.381778758179696,0.0,0.0,1812.7227656511516,True,1.4252488078625447e-14,3.498440120440013,1.07,0.3184560934083899,False,0,125,0.0
125,14.175920164,-67.0807113647461,132.8135223388672,2.3075483550676203,0,,,,,,,,,,,,0.0,,lane_follow,LANE_KEEP,,,0,,,0,0,0,,,,,,,,True,-5.134781488891349e-15,3.498573574753187,1.07,0.3198636513253391,False,0,126,0.0
126,14.225920165,-67.19800567626953,132.8014678955078,2.3922032868843632,0,,,,,,,,,,,,0.0,,lane_follow,LANE_KEEP,,,0,,,0,0,0,,,,,,,,True,-7.688294445529209e-15,3.498485441706134,1.07,0.3136711578660659,False,0,127,0.0
127,14.275920165,-67.3194580078125,132.78855895996094,2.4764364456302856,0,,,,,,,,,,,,0.0,,lane_follow,LANE_KEEP,,,0,,,0,0,0,,,,,,,,True,6.647460359943125e-15,3.4984404058156984,1.07,0.3045800173287535,False,0,128,0.0
128,14.325920166,-67.44499206542969,132.77496337890625,2.5586349149618246,0,,,,,,,,,,,,0.0,,lane_follow,LANE_KEEP,,,0,,,0,0,0,,,283.3918793528737,679.3109872135699,0.0,0.0,1960.5616186302009,True,-4.760081218080359e-15,3.4986942902237477,1.07,0.3042298714582278,False,0,129,0.0
129,14.375920167,-67.5745620727539,132.76060485839844,2.6401502236669763,0,,,,,,,,,,,,0.0,,lane_follow,LANE_KEEP,,,0,,,0,0,0,,,32.2652850946838,55.96091725837929,0.0,0.0,298.4112442172725,True,-1.0186296250935811e-14,3.498694290225175,1.07,0.2940977861747146,False,0,130,0.0
130,14.425920168,-67.70807647705078,132.74563598632812,2.719212204214074,1,,,,,,,,,,,,0.0,,lane_follow,LANE_KEEP,,,0,,,0,0,0,,,,,,,,True,-7.396860901565105e-15,3.4986942902243974,1.07,0.29637054384557715,False,0,131,0.0
131,14.475920168,-67.84544372558594,132.72970581054688,2.7973073067716254,1,,,,,,,,,,,,0.0,,lane_follow,LANE_KEEP,,,0,,,0,0,0,,,,,,,,True,1.3739009929736312e-15,3.498694290223596,1.07,0.29779758005206614,False,0,132,0.0
132,14.525920169,-67.986572265625,132.7130889892578,2.872912193607915,1,,,,,,,,,,,,0.0,,lane_follow,LANE_KEEP,,,0,,,0,0,0,,,,,,,,True,-9.992007221626409e-16,3.498694290222841,1.07,0.29971015210119323,False,0,133,0.0
133,14.57592017,-68.13136291503906,132.69544982910156,2.947531967006138,1,,,,,,,,,,,,0.0,,lane_follow,LANE_KEEP,,,0,,,0,0,0,,,,,,,,True,-2.3314683517128287e-15,3.4986942902219673,1.07,0.3007263172319238,False,0,134,0.0
134,14.625920171,-68.27972412109375,132.6770477294922,3.019573124171886,1,,,,,,,,,,,,0.0,,lane_follow,LANE_KEEP,,,0,,,0,0,0,,,277.2650593359722,377.5061854733584,0.0,3.968421734186572e-46,1884.4161511241111,True,-0.008244727715942327,3.4986942902132157,1.07,0.3021329265029432,False,0,135,0.0
135,14.675920171,-68.43144989013672,132.65701293945312,3.090241577217692,1,,,,,,,,,,,,0.0,,lane_follow,LANE_KEEP,,,0,,,0,0,0,,,,,,,,True,0.0023096620083227493,3.498694290212349,1.07,0.30305287591898333,False,0,136,0.0
136,14.725920172,-68.58650970458984,132.63580322265625,3.1586811683125333,1,,,,,,,,,,,,0.0,,lane_follow,LANE_KEEP,,,0,,,0,0,0,,,264.03765718589733,261.6744699571567,0.0,1.4703302054915875e-46,1454.3465808397593,True,0.1386773661085586,3.4998058646995185,1.07,0.3044929230832919,False,0,137,0.0
137,14.775920173,-68.74449920654297,132.61253356933594,3.233981850992202,1,,,,,,,,,,,,0.0,,lane_follow,LANE_KEEP,,,0,,,0,0,0,,,,,,,,True,0.16730854829922367,3.4998058646995185,1.07,0.3048944791938669,False,0,138,0.0
138,14.825920174,-68.90603637695312,132.58824157714844,3.3079945338350063,1,,,,,,,,,,,,0.0,,lane_follow,LANE_KEEP,,,0,,,0,0,0,,,,,,,,True,0.19538031510305456,3.4998058646995185,1.07,0.3068140670514178,False,0,139,0.0
139,14.875920174,-69.07121276855469,132.56259155273438,3.371792315478503,1,,,,,,,,,,,,0.0,,lane_follow,LANE_KEEP,,,0,,,0,0,0,,,,,,,,True,0.18815811064024943,3.4998058646995185,1.07,0.31851401520493783,False,0,140,0.0
140,14.925920175,-69.23967742919922,132.53451538085938,3.4310586216293535,1,,,,,,,,,,,,0.0,,lane_follow,LANE_KEEP,,,0,,,0,0,0,,,,,,,,True,0.18267049187119233,3.4998058646995185,1.07,0.32311574082013006,False,0,141,0.0
141,14.975920176,-69.41032409667969,132.5041961669922,3.4868773202939716,1,,,,,,,,,,,,0.0,,lane_follow,LANE_KEEP,,,0,,,0,0,0,,,218.43091060498617,208.38644490328247,0.0,1.0672419197075793e-47,1194.4467058146554,True,0.17895473322940492,3.4998058646995185,1.07,0.32609923872150526,False,0,142,0.0
142,15.025920177,-69.5833511352539,132.47235107421875,3.542345280918643,1,,,,,,,,,,,,0.0,,lane_follow,LANE_KEEP,,,0,,,0,0,0,,,,,,,,True,0.17626870235748573,3.4998058646995185,1.07,0.3291719802754346,False,0,143,0.0
143,15.075920177,-69.7588119506836,132.43853759765625,3.600008137077804,1,,,,,,,,,,,,0.0,,lane_follow,LANE_KEEP,,,0,,,0,0,0,,,,,,,,True,0.17503585361679813,3.4998058646995185,1.07,0.3256203459006969,False,0,144,0.0
144,15.125920178,-69.93675994873047,132.40301513671875,3.6551646947028034,1,,,,,,,,,,,,0.0,,lane_follow,LANE_KEEP,,,0,,,0,0,0,,,238.7695759438785,342.5273842845802,0.0,2.0326159992587994e-48,1804.8387380267206,True,0.111413853931792,3.4987289537608315,1.07,0.3323711513929163,False,0,145,0.0
145,15.175920179,-70.11709594726562,132.3654022216797,3.7108307902585396,1,,,,,,,,,,,,0.0,,lane_follow,LANE_KEEP,,,0,,,0,0,0,,,,,,,,True,0.030301510726452013,3.4987289537597737,1.07,0.33779962857942036,False,0,146,0.0
146,15.22592018,-70.29969787597656,132.32571411132812,3.763022190458837,1,,,,,,,,,,,,0.0,,lane_follow,LANE_KEEP,,,0,,,0,0,0,,,,,,,,True,8.326672684688674e-17,3.498728953758694,1.07,0.3428090328235144,False,0,147,0.0
147,15.27592018,-70.48453521728516,132.283935546875,3.8163739942562547,1,,,,,,,,,,,,0.0,,lane_follow,LANE_KEEP,,,0,,,0,0,0,,,,,,,,True,3.3306690738754696e-16,3.498728953757625,1.07,0.34530256067844045,False,0,148,0.0
148,15.325920181,-70.6715087890625,132.24002075195312,3.866025581558497,1,,,,,,,,,,,,0.0,,lane_follow,LANE_KEEP,,,0,,,0,0,0,,,,,,,,True,3.885780586188048e-16,3.498728953756477,1.07,0.3387462605977619,False,0,149,0.0
149,15.375920182,-70.86052703857422,132.19390869140625,3.9168753939315373,1,,,,,,,,,,,,0.0,,lane_follow,LANE_KEEP,,,0,,,0,0,0,,,197.5187809769421,290.4961561073929,0.0,1.121306623141023e-49,1496.6766483077022,True,1.3877787807814457e-16,3.498728953755395,1.07,0.3305020918387874,False,0,150,0.0
150,15.425920183,-71.05156707763672,132.14578247070312,3.9644316520600418,1,,,,,,,,,,,,0.0,,lane_follow,LANE_KEEP,,,0,,,0,0,0,,,,,,,,True,1.1102230246251565e-16,3.4987289537542745,1.07,0.3207465413599745,False,0,151,0.0
151,15.475920183,-71.24455261230469,132.0955047607422,4.012946605825145,1,,,,,,,,,,,,0.0,,lane_follow,LANE_KEEP,,,0,,,0,0,0,,,,,,,,True,0.06413389174393824,3.4987289537524306,1.07,0.31169386110293085,False,0,152,0.0
152,15.525920184,-71.43937683105469,132.0431671142578,4.058073333826324,1,,,,,,,,,,,,0.0,,lane_follow,LANE_KEEP,,,0,,,0,0,0,,,,,,,,True,0.14352275973306644,3.498728953751296,1.07,0.3091523508563617,False,0,153,0.0
153,15.575920185,-71.63597869873047,131.98861694335938,4.104101668827042,1,,,,,,,,,,,,0.0,,lane_follow,LANE_KEEP,,,0,,,0,0,0,,,213.28976727744262,359.63096290678453,0.0,9.920558358010699e-51,1764.0472934024524,True,0.21559430186329726,3.4987289537501325,1.07,0.304985469625802,False,0,154,0.0
154,15.625920185,-71.8343734741211,131.93218994140625,4.147415105675126,1,,,,,,,,,,,,0.0,,lane_follow,LANE_KEEP,,,0,,,0,0,0,,,,,,,,True,0.28433790582332635,3.4987289537489197,1.07,0.2995199997031853,False,0,155,0.0
155,15.675920186,-72.0345230102539,131.87391662597656,4.191502137957355,1,,,,,,,,,,,,0.0,,lane_follow,LANE_KEEP,,,0,,,0,0,0,,,,,,,,True,0.3074819948853932,3.4987289537476878,1.07,0.2927785173274068,False,0,156,0.0
156,15.725920187,-72.2363052368164,131.81370544433594,4.232504851518408,1,,,,,,,,,,,,0.0,,lane_follow,LANE_KEEP,,,0,,,0,0,0,,,,,,,,True,0.3042094722329091,3.4987289537464936,1.07,0.2846321929609502,False,0,157,0.0
157,15.775920188,-72.4396743774414,131.75148010253906,4.274405410540306,1,,,,,,,,,,,,0.0,,lane_follow,LANE_KEEP,,,0,,,0,0,0,,,182.9373075397156,321.7246084930327,0.0,8.061144912359755e-52,1527.9505516700526,True,0.30238049409200596,3.498728953745247,1.07,0.27499569534416135,False,0,158,0.0
158,15.825920188,-72.64464569091797,131.68759155273438,4.313949974318193,1,,,,,,,,,,,,0.0,,lane_follow,LANE_KEEP,,,0,,,0,0,0,,,,,,,,True,0.3016557716292169,3.498728953743967,1.07,0.26420812090596113,False,0,159,0.0
159,15.875920189,-72.8510971069336,131.62173461914062,4.353599432089244,1,,,,,,,,,,,,0.0,,lane_follow,LANE_KEEP,,,0,,,0,0,0,,,,,,,,True,0.3023630657327264,3.4987289537426958,1.07,0.25193932732795676,False,0,160,0.0
160,15.92592019,-73.05900573730469,131.5541229248047,4.391301368219083,1,,,,,,,,,,,,0.0,,lane_follow,LANE_KEEP,,,0,,,0,0,0,,,,,,,,True,0.3043055312126237,3.4987289537414323,1.07,0.23838843463487694,False,0,161,0.0
161,15.975920191,-73.26834106445312,131.48472595214844,4.429284938239474,1,,,,,,,,,,,,0.0,,lane_follow,LANE_KEEP,,,0,,,0,0,0,,,198.37231475263425,368.904220168301,0.0,6.056951219935058e-53,1783.7787464805967,True,0.3075214519129364,3.4987289537395623,1.07,0.22355721675744325,False,0,162,0.0
162,16.025920191,-73.47909545898438,131.4137420654297,4.465438538228416,1,,,,,,,,,,,,0.0,,lane_follow,LANE_KEEP,,,0,,,0,0,0,,,,,,,,True,0.33009546428767744,3.498728953738196,1.07,0.21766080323326067,False,0,163,0.0
163,16.075920192,-73.69123077392578,131.34112548828125,4.501656133083422,1,,,,,,,,,,,,0.0,,lane_follow,LANE_KEEP,,,0,,,0,0,0,,,,,,,,True,0.39560426604871657,3.498728953736891,1.07,0.21213576428728378,False,0,164,0.0
164,16.125920193,-73.90463256835938,131.2667999267578,4.535990115749972,1,,,,,,,,,,,,0.0,,lane_follow,LANE_KEEP,,,0,,,0,0,0,,,,,,,,True,0.40491499023927496,3.4987289537355486,1.07,0.20540589073101914,False,0,165,0.0
165,16.175920194,-74.11924743652344,131.19068908691406,4.570457415597941,1,,,,,,,,,,,,0.0,,lane_follow,LANE_KEEP,,,0,,,0,0,0,,,169.6337504553718,329.69859863210996,0.0,4.2413386189040444e-54,1538.183982411069,True,0.40067361000891755,3.49872895373424,1.07,0.19738107073272385,False,0,166,0.0
166,16.225920194,-74.33509826660156,131.113037109375,4.603610805852658,1,,,,,,,,,,,,0.0,,lane_follow,LANE_KEEP,,,0,,,0,0,0,,,,,,,,True,0.3974401485562631,3.4987289537328774,1.07,0.18829776613763097,False,0,167,0.0
167,16.275920195,-74.55216217041016,131.0338592529297,4.636543961663228,1,,,,,,,,,,,,0.0,,lane_follow,LANE_KEEP,,,0,,,0,0,0,,,,,,,,True,0.3952083728437984,3.498728953731559,1.07,0.17815895938013995,False,0,168,0.0
168,16.325920196,-74.77033233642578,130.95298767089844,4.668080063926401,1,,,,,,,,,,,,0.0,,lane_follow,LANE_KEEP,,,0,,,0,0,0,,,,,,,,True,0.3941729736414489,3.4987289537301964,1.07,0.16677243183230797,False,0,169,0.0
169,16.375920197,-74.98954010009766,130.8704376220703,4.699413925228166,1,,,,,,,,,,,,0.0,,lane_follow,LANE_KEEP,,,0,,,0,0,0,,,184.64700061441368,366.265203769538,0.0,2.7873237339234294e-55,1782.9753817569738,True,0.3943438192986776,3.498728953728142,1.07,0.15413051254609314,False,0,170,0.0
170,16.425920197,-75.20982360839844,130.78636169433594,4.729742451258211,1,,,,,,,,,,,,0.0,,lane_follow,LANE_KEEP,,,0,,,0,0,0,,,,,,,,True,0.39556465477601815,3.498728953726758,1.07,0.1403865348521626,False,0,171,0.0
171,16.475920198,-75.43081665039062,130.7008514404297,4.7440736873518015,1,,,,,,,,,,,,0.0,,lane_follow,LANE_KEEP,,,0,,,0,0,0,,,,,,,,True,0.3978785887077434,3.4987289537253807,1.07,0.13038904901705042,False,0,172,0.0
172,16.525920199,-75.6513442993164,130.6142578125,4.737022944170148,1,,,,,,,,,,,,0.0,,lane_follow,LANE_KEEP,,,0,,,0,0,0,,,,,,,,True,0.44496083610619924,3.4987937842617547,1.07,0.1280518876742908,False,0,173,0.0
173,16.5759202,-75.87141418457031,130.52655029296875,4.743289444782759,1,,,,,,,,,,,,0.0,,lane_follow,LANE_KEEP,,,0,,,0,0,0,,,174.18170137885735,357.8148933016713,0.0,1.8186087565934152e-56,2102.901472980739,True,0.48960549695715827,3.498728953722611,1.07,0.12331256677712546,False,0,174,0.0
174,16.6259202,-76.09095764160156,130.4379119873047,4.733350337497559,1,,,,,,,,,,,,0.0,,lane_follow,LANE_KEEP,,,0,,,0,0,0,,,,,,,,True,0.4825971371475222,3.498728953721211,1.07,0.11754664123942563,False,0,175,0.0
175,16.675920201,-76.31014251708984,130.34828186035156,4.740930811755592,1,,,,,,,,,,,,0.0,,lane_follow,LANE_KEEP,,,0,,,0,0,0,,,,,,,,True,0.47664110394123393,3.4987289537197954,1.07,0.1107538378028278,False,0,176,0.0
176,16.725920202,-76.52875518798828,130.25767517089844,4.730480730315747,1,,,,,,,,,,,,0.0,,lane_follow,LANE_KEEP,,,0,,,0,0,0,,,,,,,,True,0.47180922777729906,3.49872895371836,1.07,0.10287203502549983,False,0,177,0.0
177,16.775920203,-76.74693298339844,130.16600036621094,4.738085382042193,1,,,,,,,,,,,,0.0,,lane_follow,LANE_KEEP,,,0,,,0,0,0,,,162.62614973842713,339.0415607547844,0.0,1.2224471121806814e-57,2260.078451265453,True,0.4681301916743009,3.498728953717024,1.07,0.09386366211394429,False,0,178,0.0
178,16.825920203,-76.96456146240234,130.0734100341797,4.727643373956144,1,,,,,,,,,,,,0.0,,lane_follow,LANE_KEEP,,,0,,,0,0,0,,,,,,,,True,0.46551022405408554,3.498728953714905,1.07,0.08382942023198639,False,0,179,0.0
179,16.875920204,-77.18181610107422,129.97987365722656,4.735426741593963,1,,,,,,,,,,,,0.0,,lane_follow,LANE_KEEP,,,0,,,0,0,0,,,,,,,,True,0.46390679044740396,3.4987289537135373,1.07,0.07280080000499081,False,0,180,0.0
180,16.925920205,-77.39849090576172,129.88540649414062,4.724795462570053,1,,,,,,,,,,,,0.0,,lane_follow,LANE_KEEP,,,0,,,0,0,0,,,196.85698236165246,407.09920638143075,0.0,1.6361795870666524e-58,2923.101160017461,True,0.46338865687063097,3.4987289537121806,1.07,0.06658798195382523,False,0,181,0.0
181,16.975920206,-77.6160659790039,129.78941345214844,4.8234475317884185,1,,,,,,,,,,,,0.0,,lane_follow,LANE_KEEP,,,0,,,0,0,0,,,,,,,,True,0.5067000860907506,3.49886120499662,1.07,0.06566874912118129,False,0,182,0.0
182,17.025920206,-77.84200286865234,129.68861389160156,5.017293900678218,1,,,,,,,,,,,,0.0,,lane_follow,LANE_KEEP,,,0,,,0,0,0,,,,,,,,True,0.5459459450697315,3.498728953709323,1.07,0.06401811033618046,False,0,183,0.0
183,17.075920207,-78.07417297363281,129.5836944580078,5.139872004053307,1,,,,,,,,,,,,0.0,,lane_follow,LANE_KEEP,,,0,,,0,0,0,,,,,,,,True,0.5383431130988307,3.498728953707785,1.07,0.06112178925366055,False,0,184,0.0
184,17.125920208,-78.30838775634766,129.47665405273438,5.119084920189948,1,,,,,,,,,,,,0.0,,lane_follow,LANE_KEEP,,,0,,,0,0,0,,,111.33689513732415,237.66473026591473,0.0,8.335333157864939e-60,703.9161931662899,True,0.528416282696426,3.4987289537062725,1.07,0.05712838079492247,False,0,185,0.0
185,17.175920209,-78.53870391845703,129.36988830566406,5.057251245142016,1,,,,,,,,,,,,0.0,,lane_follow,LANE_KEEP,,,0,,,0,0,0,,,,,,,,True,0.520000239435709,3.4987289537047754,1.07,0.05185068827987807,False,0,186,0.0
186,17.225920209,-78.76630401611328,129.26356506347656,5.00887162781166,1,,,,,,,,,,,,0.0,,lane_follow,LANE_KEEP,,,0,,,0,0,0,,,,,,,,True,0.5124124828008687,3.498728953702618,1.07,0.0459159053052999,False,0,187,0.0
187,17.27592021,-78.9953384399414,129.154052734375,5.132146947710055,1,,,,,,,,,,,,0.0,,lane_follow,LANE_KEEP,,,0,,,0,0,0,,,142.86207667731614,288.8504964764825,0.0,9.858381334892866e-61,1266.760034298662,True,0.5070259549131071,3.4987289537011055,1.07,0.03765896366754032,False,0,188,0.0
188,17.325920211,-79.22474670410156,129.04344177246094,5.0777235470074995,1,,,,,,,,,,,,0.0,,lane_follow,LANE_KEEP,,,0,,,0,0,0,,,,,,,,True,0.5024519220061954,3.4987289536996378,1.07,0.030443235601522872,False,0,189,0.0
189,17.375920212,-79.4516372680664,128.93235778808594,5.040356199667021,1,,,,,,,,,,,,0.0,,lane_follow,LANE_KEEP,,,0,,,0,0,0,,,,,,,,True,0.5441352341616152,3.4987289536981185,1.07,0.02846117836202558,False,0,190,0.0
190,17.425920212,-79.67642974853516,128.82083129882812,5.009627351092704,1,,,,,,,,,,,,0.0,,lane_follow,LANE_KEEP,,,0,,,0,0,0,,,,,,,,True,0.5358500422179218,3.4989125371991703,1.07,0.03198664361087947,False,0,191,0.0
191,17.475920213,-79.90264129638672,128.70643615722656,5.169897585558875,1,,,,,,,,,,,,0.0,,lane_follow,LANE_KEEP,,,0,,,0,0,0,,,122.56535486267528,261.6164636433863,0.0,5.817330751085777e-62,1082.188026900702,True,0.5742844792897867,3.498728953695199,1.07,0.03159283534355542,False,0,192,0.0
192,17.525920214,-80.13433074951172,128.58721923828125,5.198585157761103,1,,,,,,,,,,,,0.0,,lane_follow,LANE_KEEP,,,0,,,0,0,0,,,,,,,,True,0.5623259158252847,3.4987289536936585,1.07,0.029393134710610808,False,0,193,0.0
193,17.575920215,-80.36376953125,128.46751403808594,5.166022323814691,1,,,,,,,,,,,,0.0,,lane_follow,LANE_KEEP,,,0,,,0,0,0,,,,,,,,True,0.5519113464020214,3.4987289536921398,1.07,0.025786290037732057,False,0,194,0.0
194,17.625920215,-80.5912857055664,128.34719848632812,5.140570635373636,1,,,,,,,,,,,,0.0,,lane_follow,LANE_KEEP,,,0,,,0,0,0,,,211.3510920897341,412.1670828092356,0.0,6.946379495747284e-63,2887.7312803844534,True,0.5429833056388218,3.4987289536892963,1.07,0.020808839971555054,False,0,195,0.0
195,17.675920216,-80.81704711914062,128.22584533691406,5.12031230703336,1,,,,,,,,,,,,0.0,,lane_follow,LANE_KEEP,,,0,,,0,0,0,,,,,,,,True,0.5358287597290047,3.4987289536878095,1.07,0.014157785457533795,False,0,196,0.0
196,17.725920217,-81.04112243652344,128.10365295410156,5.099241138830797,1,,,,,,,,,,,,0.0,,lane_follow,LANE_KEEP,,,0,,,0,0,0,,,,,,,,True,0.5302414907091588,3.4987289536863084,1.07,0.006042089737837625,False,0,197,0.0
197,17.775920218,-81.26358032226562,127.98029327392578,5.08434539510352,1,,,,,,,,,,,,0.0,,lane_follow,LANE_KEEP,,,0,,,0,0,0,,,,,,,,True,0.5724868364295684,3.498728953684793,1.07,0.005292910325886885,False,0,198,0.0
198,17.825920218,-81.48469543457031,127.85581970214844,5.073484549594746,1,,,,,,,,,,,,0.0,,lane_follow,LANE_KEEP,,,0,,,0,0,0,,,206.770504459627,411.3867182805395,0.0,4.4371093105314354e-64,3310.29997296845,True,0.563670506088053,3.498827671584301,1.07,0.0011359366769051749,False,0,199,0.0
199,17.875920219,-81.70459747314453,127.72999572753906,5.065181726527711,1,,,,,,,,,,,,0.0,,lane_follow,LANE_KEEP,,,0,,,0,0,0,,,,,,,,True,0.605261830163097,3.4987289536818085,1.07,0.005696023121673305,False,0,200,0.0
200,17.92592022,-81.92314147949219,127.60324096679688,5.048042521384754,1,,,,,,,,,,,,0.0,,lane_follow,LANE_KEEP,,,0,,,0,0,0,,,,,,,,True,0.592772311752479,3.4987289536803607,1.07,0.004427911468679296,False,0,201,0.0
201,17.975920221,-82.14006805419922,127.47543334960938,5.030671185554621,1,,,,,,,,,,,,0.0,,lane_follow,LANE_KEEP,,,0,,,0,0,0,,,243.26076859222667,475.58239093308265,0.0,5.862061559468395e-65,3982.52507544118,True,0.5820459869117467,3.498728953678265,1.07,0.001490457997085054,False,0,202,0.0
202,18.025920221,-82.35540771484375,127.346923828125,5.008108148430948,1,,,,,,,,,,,,0.0,,lane_follow,LANE_KEEP,,,0,,,0,0,0,,,,,,,,True,0.5727717488447106,3.4987289536767996,1.07,-0.0028053151397716414,False,0,203,0.0
203,18.075920222,-82.57356262207031,127.2142562866211,5.193419489505787,1,,,,,,,,,,,,0.0,,lane_follow,LANE_KEEP,,,0,,,0,0,0,,,,,,,,True,0.5654556896460248,3.4987289536752773,1.07,-0.009261817382120258,False,0,204,0.0
204,18.125920223,-82.79345703125,127.07872772216797,5.1869256997897875,1,,,,,,,,,,,,0.0,,lane_follow,LANE_KEEP,,,0,,,0,0,0,,,,,,,,True,0.5595944660084096,3.4987289536737873,1.07,-0.0172920187375257,False,0,205,0.0
205,18.175920223,-83.01082611083984,126.94203186035156,5.125330188266381,1,,,,,,,,,,,,0.0,,lane_follow,LANE_KEEP,,,0,,,0,0,0,,,200.7584920208026,384.8039381626431,0.0,3.7519086866278236e-66,2925.6911863651576,True,0.5739648498202625,3.4987289536725172,1.07,-0.020038316852966614,False,0,206,0.0
206,18.225920224,-83.22795104980469,126.8041763305664,5.170222397649827,1,,,,,,,,,,,,0.0,,lane_follow,LANE_KEEP,,,0,,,0,0,0,,,,,,,,True,0.5945800363665683,3.498728953670804,1.07,-0.024777981910731967,False,0,207,0.0
207,18.275920225,-83.44322967529297,126.66539001464844,5.080045090956719,1,,,,,,,,,,,,0.0,,lane_follow,LANE_KEEP,,,0,,,0,0,0,,,,,,,,True,0.5872179748728168,3.4987289536693207,1.07,-0.02501358145748775,False,0,208,0.0
208,18.325920226,-83.65850067138672,126.52530670166016,5.16405809397196,1,,,,,,,,,,,,0.0,,lane_follow,LANE_KEEP,,,0,,,0,0,0,,,170.95493143808582,338.94155476077054,0.0,4.89174922877544e-67,2160.4915806159247,True,0.6264900210084796,3.4987289536678494,1.07,-0.023832618230697905,False,0,209,0.0
209,18.375920226,-83.87235260009766,126.38407897949219,5.11912532786515,1,,,,,,,,,,,,0.0,,lane_follow,LANE_KEEP,,,0,,,0,0,0,,,,,,,,True,0.6148878241575679,3.4987289536657316,1.07,-0.026154976415031145,False,0,210,0.0
210,18.425920227,-84.08480072021484,126.24305725097656,5.087003696750769,1,,,,,,,,,,,,0.0,,lane_follow,LANE_KEEP,,,0,,,0,0,0,,,,,,,,True,0.6039448924055402,3.4987289536641852,1.07,-0.029069201896898184,False,0,211,0.0
211,18.475920228,-84.2947998046875,126.10160064697266,5.053507134821326,1,,,,,,,,,,,,0.0,,lane_follow,LANE_KEEP,,,0,,,0,0,0,,,246.9670034409527,441.08459440261015,0.0,7.014334428774279e-68,4167.2028912152455,True,0.594794359496846,3.498728953662648,1.07,-0.033634113179666775,False,0,212,0.0
212,18.525920229,-84.5030288696289,125.9604263305664,5.020210011590435,1,,,,,,,,,,,,0.0,,lane_follow,LANE_KEEP,,,0,,,0,0,0,,,,,,,,True,0.5864568335629473,3.498728953661163,1.07,-0.03889718553847063,False,0,213,0.0
213,18.575920229,-84.7099609375,125.81742858886719,5.098281445544023,1,,,,,,,,,,,,0.0,,lane_follow,LANE_KEEP,,,0,,,0,0,0,,,,,,,,True,0.604894166774702,3.4987289536596404,1.07,-0.04591285955609212,False,0,214,0.0
214,18.62592023,-84.91985321044922,125.67037963867188,5.11093581354834,1,,,,,,,,,,,,0.0,,lane_follow,LANE_KEEP,,,0,,,0,0,0,,,219.95687960965208,388.34557953491304,0.0,9.7559790211822e-69,2904.276316478354,True,0.6181983111478837,3.4987289536580937,1.07,-0.04272061413209935,False,0,215,0.0
215,18.675920231,-85.12667846679688,125.52354431152344,5.056080517129784,1,,,,,,,,,,,,0.0,,lane_follow,LANE_KEEP,,,0,,,0,0,0,,,,,,,,True,0.6085861938972472,3.49872895365656,1.07,-0.04686659976836846,False,0,216,0.0
216,18.725920232,-85.33074188232422,125.37696838378906,5.010644727032942,1,,,,,,,,,,,,0.0,,lane_follow,LANE_KEEP,,,0,,,0,0,0,,,,,,,,True,0.648893456534544,3.4987289536550867,1.07,-0.04147960240167245,False,0,217,0.0
217,18.775920232,-85.53596496582031,125.22674560546875,5.14983249198745,1,,,,,,,,,,,,0.0,,lane_follow,LANE_KEEP,,,0,,,0,0,0,,,203.17420025321795,364.952655686338,0.0,1.4072633796652568e-69,2215.3871354103994,True,0.6373234379447249,3.49872895365357,1.07,-0.04241490175588444,False,0,218,0.0
218,18.825920233,-85.74163055419922,125.0746841430664,5.09969562094443,1,,,,,,,,,,,,0.0,,lane_follow,LANE_KEEP,,,0,,,0,0,0,,,,,,,,True,0.625515306684145,3.4987289536520567,1.07,-0.044549410209210855,False,0,219,0.0
219,18.875920234,-85.9443359375,124.922119140625,5.062651963477924,1,,,,,,,,,,,,0.0,,lane_follow,LANE_KEEP,,,0,,,0,0,0,,,,,,,,True,0.6159657011254029,3.4987289536505273,1.07,-0.04876329813769917,False,0,220,0.0
220,18.925920235,-86.14501953125,124.7696762084961,5.031727544153948,1,,,,,,,,,,,,0.0,,lane_follow,LANE_KEEP,,,0,,,0,0,0,,,245.59805234006456,430.35752755002443,0.0,2.2159598443173228e-70,3963.5506203935456,True,0.6075971435402504,3.4987289536490844,1.07,-0.05402942236608274,False,0,221,0.0
221,18.975920235,-86.34329986572266,124.61630249023438,5.005404495824301,1,,,,,,,,,,,,0.0,,lane_follow,LANE_KEEP,,,0,,,0,0,0,,,,,,,,True,0.6014671295429735,3.4987289536475776,1.07,-0.06140644941825832,False,0,222,0.0
222,19.025920236,-86.54395294189453,124.4593734741211,5.176667903335648,1,,,,,,,,,,,,0.0,,lane_follow,LANE_KEEP,,,0,,,0,0,0,,,,,,,,True,0.6407723204389624,3.4987289536461885,1.07,-0.05920437213677551,False,0,223,0.0
223,19.075920237,-86.74481201171875,124.29888153076172,5.123610699893226,1,,,,,,,,,,,,0.0,,lane_follow,LANE_KEEP,,,0,,,0,0,0,,,219.41266847285377,376.45417849761014,0.0,3.298494938760375e-71,2888.710734456465,True,0.6317676799498875,3.499250845479457,1.07,-0.064079104349367,False,0,224,0.0
224,19.125920238,-86.94316864013672,124.13931274414062,5.076422892808683,1,,,,,,,,,,,,0.0,,lane_follow,LANE_KEEP,,,0,,,0,0,0,,,,,,,,True,0.6236920744009617,3.4987289536430985,1.07,-0.06981936649219564,False,0,225,0.0
225,19.175920238,-87.13856506347656,123.97946166992188,5.036847886610827,2,,,,,,,,,,,,0.0,,lane_follow,LANE_KEEP,,,0,,,0,0,0,,,,,,,,True,0.6647527407786872,3.4987289536416526,1.07,-0.0640587113199472,False,0,226,0.0
226,19.27592024,-87.5301513671875,123.65879821777344,5.11214303951797,2,,,,,,,,,,,,0.0,,lane_follow,LANE_KEEP,,,0,,,0,0,0,,,,,,,,True,0.6391570047962647,3.498728953638677,1.07,-0.06593645034818904,False,0,227,0.0
227,19.325920241,-87.72091674804688,123.5042724609375,4.859835486698231,2,,,,,,,,,,,,0.0,,lane_follow,LANE_KEEP,,,0,,,0,0,0,,,,,,,,True,0.6254369361713332,3.498728953637269,1.07,-0.06549761428802889,False,0,228,0.0
228,19.375920241,-87.90873718261719,123.34536743164062,4.956265665319915,2,,,,,,,,,,,,0.0,,lane_follow,LANE_KEEP,,,0,,,0,0,0,,,237.8248786465473,381.08054114139793,0.0,1.4383481665702948e-47,3230.75371708377,True,0.6169390710974594,3.49872895363584,1.07,-0.07028270184685179,False,0,229,0.0
229,19.425920242,-88.0972671508789,123.18203735351562,5.008136831440869,2,,,,,,,,,,,,0.0,,lane_follow,LANE_KEEP,,,0,,,0,0,0,,,,,,,,True,0.6575573694237778,3.498728953634421,1.07,-0.07645043887795464,False,0,230,0.0
230,19.475920243,-88.28596496582031,123.01588439941406,5.044469446343595,2,,,,,,,,,,,,0.0,,lane_follow,LANE_KEEP,,,0,,,0,0,0,,,,,,,,True,0.647219179031599,3.4987289536330017,1.07,-0.07234691720346617,False,0,231,0.0
231,19.525920244,-88.47297668457031,122.8488998413086,5.014552803059676,2,,,,,,,,,,,,0.0,,lane_follow,LANE_KEEP,,,0,,,0,0,0,,,227.73347710697632,363.5089826480102,0.0,5.70125928748949e-48,2916.140540894842,True,0.6386473444828511,3.498728953631575,1.07,-0.07735498447380804,False,0,232,0.0
232,19.575920244,-88.65886688232422,122.68083953857422,4.996571925438567,2,,,,,,,,,,,,0.0,,lane_follow,LANE_KEEP,,,0,,,0,0,0,,,,,,,,True,0.6316281020949197,3.498728953630156,1.07,-0.08387628540768319,False,0,233,0.0
233,19.625920245,-88.8438491821289,122.51152038574219,4.962849816008337,2,,,,,,,,,,,,0.0,,lane_follow,LANE_KEEP,,,0,,,0,0,0,,,,,,,,True,0.6712545761552051,3.498728953628777,1.07,-0.07659599778450529,False,0,234,0.0
234,19.675920246,-89.02836608886719,122.34073638916016,5.056152546519661,2,,,,,,,,,,,,0.0,,lane_follow,LANE_KEEP,,,0,,,0,0,0,,,214.92698404300629,331.0370588372738,0.0,2.2062673467438608e-48,2427.9094641220545,True,0.6602259375630937,3.4987289536273707,1.07,-0.07925417748467808,False,0,235,0.0
235,19.725920247,-89.21116638183594,122.16895294189453,5.011157582928516,2,,,,,,,,,,,,0.0,,lane_follow,LANE_KEEP,,,0,,,0,0,0,,,,,,,,True,0.6511204807487676,3.498728953625972,1.07,-0.08375312599096527,False,0,236,0.0
236,19.775920247,-89.39327239990234,121.99651336669922,5.0470542971054835,2,,,,,,,,,,,,0.0,,lane_follow,LANE_KEEP,,,0,,,0,0,0,,,,,,,,True,0.6429700313139148,3.498728953624573,1.07,-0.0891758186179906,False,0,237,0.0
237,19.825920248,-89.57547760009766,121.82122039794922,5.096087842640502,2,,,,,,,,,,,,0.0,,lane_follow,LANE_KEEP,,,0,,,0,0,0,,,209.29492719392087,315.1978398696226,0.0,8.344593398225872e-49,2284.4073357787747,True,0.6425105089967222,3.4987289536231763,1.07,-0.096602625057684,False,0,238,0.0
238,19.875920249,-89.75711822509766,121.64515686035156,5.054637142559709,2,,,,,,,,,,,,0.0,,lane_follow,LANE_KEEP,,,0,,,0,0,0,,,,,,,,True,0.6732980119154457,3.4987289536218804,1.07,-0.09150596524078888,False,0,239,0.0
239,19.92592025,-89.93757629394531,121.46809387207031,5.109718456539056,2,,,,,,,,,,,,0.0,,lane_follow,LANE_KEEP,,,0,,,0,0,0,,,,,,,,True,0.6629151992026033,3.498747706003695,1.07,-0.09485551892883168,False,0,240,0.0
240,19.97592025,-90.117919921875,121.28904724121094,5.091347813510312,2,,,,,,,,,,,,0.0,,lane_follow,LANE_KEEP,,,0,,,0,0,0,,,220.3440096587458,326.6886718741952,0.0,3.121654021112606e-49,2785.1816548122365,True,0.6539734769961116,3.4987289536190147,1.07,-0.09967853696298054,False,0,241,0.0
241,20.025920251,-90.29473114013672,121.1104965209961,4.9764597502521974,2,,,,,,,,,,,,0.0,,lane_follow,LANE_KEEP,,,0,,,0,0,0,,,,,,,,True,0.668133790852981,3.4987289536176562,1.07,-0.10653702448815458,False,0,242,0.0
242,20.075920252,-90.47325897216797,120.92857360839844,5.135355748885481,2,,,,,,,,,,,,0.0,,lane_follow,LANE_KEEP,,,0,,,0,0,0,,,,,,,,True,0.6842136318293542,3.498728953616317,1.07,-0.09683760198102517,False,0,243,0.0
243,20.125920253,-90.64970397949219,120.74652862548828,5.027191937349298,2,,,,,,,,,,,,0.0,,lane_follow,LANE_KEEP,,,0,,,0,0,0,,,245.43771683707047,346.0942864825626,0.0,1.165515364108556e-49,3865.584708273226,True,0.6731816013756847,3.498728953614945,1.07,-0.099583906254438,False,0,244,0.0
244,20.175920253,-90.82460021972656,120.5641098022461,5.069891145630109,2,,,,,,,,,,,,0.0,,lane_follow,LANE_KEEP,,,0,,,0,0,0,,,,,,,,True,0.6635557941878848,3.498728953613585,1.07,-0.10366117202799816,False,0,245,0.0
245,20.225920254,-91.00080108642578,120.37853240966797,5.070698707584491,2,,,,,,,,,,,,0.0,,lane_follow,LANE_KEEP,,,0,,,0,0,0,,,,,,,,True,0.6550520684064767,3.498728953612247,1.07,-0.10900543438686813,False,0,246,0.0
246,20.275920255,-91.17491149902344,120.19361877441406,5.090660820121837,2,,,,,,,,,,,,0.0,,lane_follow,LANE_KEEP,,,0,,,0,0,0,,,222.46900709535694,304.4219449537873,0.0,4.056939265273345e-50,2878.1388943684688,True,0.6910976091823462,3.4987289536108546,1.07,-0.11123798490082545,False,0,247,0.0
247,20.325920256,-91.3462905883789,120.00886535644531,5.090270131561799,2,,,,,,,,,,,,0.0,,lane_follow,LANE_KEEP,,,0,,,0,0,0,,,,,,,,True,0.6790189238217462,3.498728953609539,1.07,-0.10597787518481469,False,0,248,0.0
248,20.375920256,-91.51900482177734,119.82150268554688,5.1093538671313095,2,,,,,,,,,,,,0.0,,lane_follow,LANE_KEEP,,,0,,,0,0,0,,,,,,,,True,0.6675997395829795,3.4990237832802134,1.07,-0.10729155643143082,False,0,249,0.0
249,20.425920257,-91.68850708007812,119.6349868774414,5.0067642565492925,2,,,,,,,,,,,,0.0,,lane_follow,LANE_KEEP,,,0,,,0,0,0,,,255.6817814964461,326.8556602228719,0.0,1.476827560907571e-50,4335.280899467882,True,0.6580918844609135,3.4987289536069017,1.07,-0.11152520050091383,False,0,250,0.0
250,20.475920258,-91.85781860351562,119.44703674316406,5.116714929817267,2,,,,,,,,,,,,0.0,,lane_follow,LANE_KEEP,,,0,,,0,0,0,,,,,,,,True,0.6964500008811814,3.498728953605633,1.07,-0.11081463917449627,False,0,251,0.0
251,20.525920259,-92.02689361572266,119.2574691772461,5.024591815148416,2,,,,,,,,,,,,0.0,,lane_follow,LANE_KEEP,,,0,,,0,0,0,,,,,,,,True,0.6822394780913136,3.4987289536043145,1.07,-0.11510119797812499,False,0,252,0.0
252,20.575920259,-92.19434356689453,119.0678482055664,5.102020716023688,2,,,,,,,,,,,,0.0,,lane_follow,LANE_KEEP,,,0,,,0,0,0,,,218.6355684372779,277.03466279727945,0.0,4.9512612120051666e-51,2725.780694541928,True,0.6693336032420117,3.498728953603021,1.07,-0.10682322457503698,False,0,253,0.0
253,20.62592026,-92.36039733886719,118.87762451171875,4.997977131021878,2,,,,,,,,,,,,0.0,,lane_follow,LANE_KEEP,,,0,,,0,0,0,,,,,,,,True,0.6578954355746284,3.4987289536017467,1.07,-0.10972446878965889,False,0,254,0.0
254,20.675920261,-92.52669525146484,118.68528747558594,5.114049396688644,2,,,,,,,,,,,,0.0,,lane_follow,LANE_KEEP,,,0,,,0,0,0,,,,,,,,True,0.6927463295773401,3.4987289536004966,1.07,-0.11246746984945796,False,0,255,0.0
255,20.775920262,-92.85716247558594,118.30259704589844,5.099144409422859,2,,,,,,,,,,,,0.0,,lane_follow,LANE_KEEP,,,0,,,0,0,0,,,,,,,,True,0.6592353580493762,3.498746980095672,1.07,-0.12015253301283443,False,0,256,0.0
256,20.825920263,-93.01431274414062,118.1238021850586,4.751720711367974,2,,,,,,,,,,,,0.0,,lane_follow,LANE_KEEP,,,0,,,0,0,0,,,,,,,,True,0.6413875491766609,3.4987289535967094,1.07,-0.10672405500969248,False,0,257,0.0
257,20.875920264,-93.1693115234375,117.93991088867188,4.844057532556828,2,,,,,,,,,,,,0.0,,lane_follow,LANE_KEEP,,,0,,,0,0,0,,,,,,,,True,0.6283257684787118,3.4987289535955317,1.07,-0.10379271373619167,False,0,258,0.0
258,20.925920264,-93.3243179321289,117.7516098022461,4.89965375796565,2,,,,,,,,,,,,0.0,,lane_follow,LANE_KEEP,,,0,,,0,0,0,,,231.63725131629053,262.96156511424437,0.0,4.4068099030012276e-52,2691.878245898858,True,0.6630767274820621,3.4987289535943455,1.07,-0.10508750805043374,False,0,259,0.0
259,20.975920265,-93.47947692871094,117.56028747558594,4.945030134586676,2,,,,,,,,,,,,0.0,,lane_follow,LANE_KEEP,,,0,,,0,0,0,,,,,,,,True,0.6475789976070218,3.498728953593166,1.07,-0.1027396080927366,False,0,260,0.0
260,21.025920266,-93.63483428955078,117.36630249023438,4.990318925601806,2,,,,,,,,,,,,0.0,,lane_follow,LANE_KEEP,,,0,,,0,0,0,,,,,,,,True,0.6334633722410671,3.4987289535919603,1.07,-0.09346401426757164,False,0,261,0.0
261,21.075920267,-93.79054260253906,117.16950988769531,5.040595628321763,2,,,,,,,,,,,,0.0,,lane_follow,LANE_KEEP,,,0,,,0,0,0,,,202.41685846622283,228.15818304721384,0.0,1.4722110166582646e-52,1823.7819759906877,True,0.6206895682142024,3.4987289535907675,1.07,-0.09327141448422269,False,0,262,0.0
262,21.125920267,-93.94661712646484,116.96984100341797,5.085202159162371,2,,,,,,,,,,,,0.0,,lane_follow,LANE_KEEP,,,0,,,0,0,0,,,,,,,,True,0.6446797146211973,3.4987289535895467,1.07,-0.09498613238639816,False,0,263,0.0
263,21.175920268,-94.10086822509766,116.77079772949219,5.02581691621612,2,,,,,,,,,,,,0.0,,lane_follow,LANE_KEEP,,,0,,,0,0,0,,,,,,,,True,0.6287722690113691,3.498728953588336,1.07,-0.09734456231737196,False,0,264,0.0
264,21.225920269,-94.25333404541016,116.57135772705078,4.956156675442959,2,,,,,,,,,,,,0.0,,lane_follow,LANE_KEEP,,,0,,,0,0,0,,,248.87206561380123,264.82182482583715,0.0,5.260560506720717e-53,3764.606774759541,True,0.6145649460162331,3.4994060207480397,1.07,-0.08614695949116377,False,0,265,0.0
265,21.27592027,-94.40514373779297,116.37100219726562,5.041792038636081,2,,,,,,,,,,,,0.0,,lane_follow,LANE_KEEP,,,0,,,0,0,0,,,,,,,,True,0.6014145741362132,3.4993792263709813,1.07,-0.08529824546954931,False,0,266,0.0
266,21.32592027,-94.55543518066406,116.17015075683594,5.068832526820865,2,,,,,,,,,,,,0.0,,lane_follow,LANE_KEEP,,,0,,,0,0,0,,,,,,,,True,0.5897990268463388,3.499379226369833,1.07,-0.08753694251383956,False,0,267,0.0
267,21.375920271,-94.70499420166016,115.96847534179688,5.009360100446898,2,,,,,,,,,,,,0.0,,lane_follow,LANE_KEEP,,,0,,,0,0,0,,,236.99953111025755,247.10859505829552,0.0,1.7832269125767152e-53,3339.2847398724084,True,0.6160429445061144,3.499379226368683,1.07,-0.0903080987516279,False,0,268,0.0
268,21.425920272,-94.85383605957031,115.76553344726562,5.05319621518544,2,,,,,,,,,,,,0.0,,lane_follow,LANE_KEEP,,,0,,,0,0,0,,,,,,,,True,0.6009149957858665,3.4993792263675134,1.07,-0.08074958391916928,False,0,269,0.0
269,21.475920273,-95.00279998779297,115.56097412109375,5.059856392528312,2,,,,,,,,,,,,0.0,,lane_follow,LANE_KEEP,,,0,,,0,0,0,,,,,,,,True,0.5865608886808387,3.499379226366383,1.07,-0.07720559834906901,False,0,270,0.0
270,21.525920273,-95.14991760253906,115.35711669921875,5.016708069337775,2,,,,,,,,,,,,0.0,,lane_follow,LANE_KEEP,,,0,,,0,0,0,,,238.96943625725035,241.1747959113397,0.0,6.11855258367327e-54,3468.0017547485018,True,0.5733781982297823,3.4993792263652232,1.07,-0.07628950852145397,False,0,271,0.0
271,21.575920274,-95.29586029052734,115.15286254882812,5.052623673107914,2,,,,,,,,,,,,0.0,,lane_follow,LANE_KEEP,,,0,,,0,0,0,,,,,,,,True,0.5613979648424512,3.4993792263641414,1.07,-0.07617874093014118,False,0,272,0.0
272,21.625920275,-95.44087982177734,114.9482421875,5.042677611382453,2,,,,,,,,,,,,0.0,,lane_follow,LANE_KEEP,,,0,,,0,0,0,,,,,,,,True,0.5810875090874672,3.4993792263629104,1.07,-0.06871271525588427,False,0,273,0.0
273,21.675920276,-95.58500671386719,114.74258422851562,5.024602985973364,2,,,,,,,,,,,,0.0,,lane_follow,LANE_KEEP,,,0,,,0,0,0,,,237.29013361577915,236.36592514151852,0.0,2.1144374434047055e-54,3415.4786478049195,True,0.5667771036729082,3.4993792263617607,1.07,-0.05641947154020607,False,0,274,0.0
274,21.725920276,-95.72840881347656,114.53567504882812,5.004320280845524,2,,,,,,,,,,,,0.0,,lane_follow,LANE_KEEP,,,0,,,0,0,0,,,,,,,,True,0.5537415135035024,3.4993801064907375,1.07,-0.05336993423607103,False,0,275,0.0
275,21.775920277,-95.87026977539062,114.32823944091797,5.029066162938231,2,,,,,,,,,,,,0.0,,lane_follow,LANE_KEEP,,,0,,,0,0,0,,,,,,,,True,0.5422934062815659,3.4993792263594896,1.07,-0.05382203149774542,False,0,276,0.0
276,21.825920278,-96.01121520996094,114.12036895751953,5.05568696599314,2,,,,,,,,,,,,0.0,,lane_follow,LANE_KEEP,,,0,,,0,0,0,,,224.71463977630407,218.99987783714005,0.0,7.247211813296373e-55,2885.6330749254475,True,0.5318526447388366,3.499379226358376,1.07,-0.054595337801037175,False,0,277,0.0
277,21.875920279,-96.15126037597656,113.9117660522461,5.05552713717178,2,,,,,,,,,,,,0.0,,lane_follow,LANE_KEEP,,,0,,,0,0,0,,,,,,,,True,0.5547718120747539,3.499379226357274,1.07,-0.03913053415663867,False,0,278,0.0
278,21.925920279,-96.29055786132812,113.70279693603516,4.9944835868872595,2,,,,,,,,,,,,0.0,,lane_follow,LANE_KEEP,,,0,,,0,0,0,,,,,,,,True,0.5414773549951435,3.4993792263561687,1.07,-0.0349071678668301,False,0,279,0.0
279,21.97592028,-96.4295654296875,113.4919204711914,5.038252997170011,2,,,,,,,,,,,,0.0,,lane_follow,LANE_KEEP,,,0,,,0,0,0,,,230.70695665253757,221.77872199598988,0.0,2.5378927008719525e-55,3129.860515585027,True,0.5294047357323534,3.4993792263550723,1.07,-0.032547650368251885,False,0,280,0.0
280,22.025920281,-96.5667724609375,113.28221130371094,5.027364048818419,2,,,,,,,,,,,,0.0,,lane_follow,LANE_KEEP,,,0,,,0,0,0,,,,,,,,True,0.5182859430645197,3.49937922635399,1.07,-0.03090026750650296,False,0,281,0.0
281,22.075920282,-96.70391082763672,113.07000732421875,5.027642530716514,2,,,,,,,,,,,,0.0,,lane_follow,LANE_KEEP,,,0,,,0,0,0,,,,,,,,True,0.5084981591174484,3.4993792263528922,1.07,-0.01576452330749553,False,0,282,0.0
282,22.125920282,-96.83985137939453,112.85871887207031,5.0740907678378,2,,,,,,,,,,,,0.0,,lane_follow,LANE_KEEP,,,0,,,0,0,0,,,219.29032673982996,207.33441186963347,0.0,8.771455335369301e-56,2686.415324777429,True,0.5260915916284645,3.49937922635181,1.07,-0.009472476034109473,False,0,283,0.0
283,22.175920283,-96.97581481933594,112.64474487304688,5.046095090961407,2,,,,,,,,,,,,0.0,,lane_follow,LANE_KEEP,,,0,,,0,0,0,,,,,,,,True,0.5190905440134957,3.4993792263506927,1.07,-0.005710066387907359,False,0,284,0.0
284,22.225920284,-97.1095199584961,112.43275451660156,4.9951658631879505,2,,,,,,,,,,,,0.0,,lane_follow,LANE_KEEP,,,0,,,0,0,0,,,,,,,,True,0.507537458473915,3.4993792263496006,1.07,-0.0029464294596869,False,0,285,0.0
285,22.275920285,-97.24401092529297,112.21665954589844,5.097106901339517,2,,,,,,,,,,,,0.0,,lane_follow,LANE_KEEP,,,0,,,0,0,0,,,212.20171933730632,196.09620517394808,0.0,3.0488081028678206e-56,2425.4397754449406,True,0.49732841326835997,3.4993792263484935,1.07,-0.002826251209001013,False,0,286,0.0
286,22.325920285,-97.37737274169922,112.00125122070312,5.050539198568543,2,,,,,,,,,,,,0.0,,lane_follow,LANE_KEEP,,,0,,,0,0,0,,,,,,,,True,0.4877620328001485,3.4993792263474264,1.07,0.016184530843945805,False,0,287,0.0
287,22.375920286,-97.50840759277344,111.78684997558594,5.011461236243979,2,,,,,,,,,,,,0.0,,lane_follow,LANE_KEEP,,,0,,,0,0,0,,,,,,,,True,0.5079131950556891,3.4993792263464156,1.07,0.019434239857748642,False,0,288,0.0
288,22.425920287,-97.63957977294922,111.57070922851562,5.137847309983234,2,,,,,,,,,,,,0.0,,lane_follow,LANE_KEEP,,,0,,,0,0,0,,,201.54492268591383,185.8512494047648,0.0,1.0650659730260693e-56,2066.277704462316,True,0.5016144663048209,3.499379226345339,1.07,0.023515367739303766,False,0,289,0.0
289,22.475920288,-97.77176666259766,111.35004425048828,5.131091133082622,2,,,,,,,,,,,,0.0,,lane_follow,LANE_KEEP,,,0,,,0,0,0,,,,,,,,True,0.4907137368167356,3.499379226344278,1.07,0.02434535484062686,False,0,290,0.0
290,22.525920288000002,-97.9024887084961,111.13092803955078,5.090274185197096,2,,,,,,,,,,,,0.0,,lane_follow,LANE_KEEP,,,0,,,0,0,0,,,,,,,,True,0.4803615285385836,3.499379226343221,1.07,0.026982760576650083,False,0,291,0.0
291,22.575920289,-98.03115844726562,110.91242980957031,5.0621609009092845,2,,,,,,,,,,,,0.0,,lane_follow,LANE_KEEP,,,0,,,0,0,0,,,235.72547147496743,209.76272363085224,0.0,3.8744291723773173e-57,3487.7411413628283,True,0.4715181950904722,3.4993792263422114,1.07,0.03798307462780706,False,0,292,0.0
292,22.62592029,-98.15886688232422,110.69487762451172,5.035759483437953,2,,,,,,,,,,,,0.0,,lane_follow,LANE_KEEP,,,0,,,0,0,0,,,,,,,,True,0.47082980750481573,3.4993792263411483,1.07,0.043959534523429517,False,0,293,0.0
293,22.675920291,-98.28457641601562,110.47775268554688,5.0087136220101165,2,,,,,,,,,,,,0.0,,lane_follow,LANE_KEEP,,,0,,,0,0,0,,,,,,,,True,0.4852284031117068,3.4993792263400847,1.07,0.0455770848175229,False,0,294,0.0
294,22.725920291,-98.41078186035156,110.25811004638672,5.158509340634849,2,,,,,,,,,,,,0.0,,lane_follow,LANE_KEEP,,,0,,,0,0,0,,,198.2607027422866,175.64740510470662,0.0,1.348190191658732e-57,1984.4243960725953,True,0.47443693095600104,3.499379226339021,1.07,0.047819957062260304,False,0,295,0.0
295,22.775920292,-98.53865051269531,110.03265380859375,5.165793383752246,2,,,,,,,,,,,,0.0,,lane_follow,LANE_KEEP,,,0,,,0,0,0,,,,,,,,True,0.4648483792223983,3.4997874855247715,1.07,0.047193993709388066,False,0,296,0.0
296,22.825920293,-98.66502380371094,109.80892181396484,5.127464295400273,2,,,,,,,,,,,,0.0,,lane_follow,LANE_KEEP,,,0,,,0,0,0,,,,,,,,True,0.45579239123677495,3.499379226336951,1.07,0.06151841550443962,False,0,297,0.0
297,22.875920294,-98.7894058227539,109.58572387695312,5.101970826975045,2,,,,,,,,,,,,0.0,,lane_follow,LANE_KEEP,,,0,,,0,0,0,,,228.27287785628053,199.12724969689995,0.0,4.9457176945525375e-58,3245.3158713148428,True,0.4559404031419453,3.4993792263359924,1.07,0.06364828682614601,False,0,298,0.0
298,22.925920294,-98.91285705566406,109.36335754394531,5.078624416650647,2,,,,,,,,,,,,0.0,,lane_follow,LANE_KEEP,,,0,,,0,0,0,,,,,,,,True,0.47171112451727715,3.4993792263349746,1.07,0.06824360817035405,False,0,299,0.0
299,22.975920295,-99.03438568115234,109.14128875732422,5.0551627433771875,2,,,,,,,,,,,,0.0,,lane_follow,LANE_KEEP,,,0,,,0,0,0,,,,,,,,True,0.4613143796329533,3.4993792263339882,1.07,0.0684492098541988,False,0,300,0.0
300,23.025920296,-99.15496826171875,108.91996765136719,5.033624494433501,2,,,,,,,,,,,,0.0,,lane_follow,LANE_KEEP,,,0,,,0,0,0,,,246.70781742772147,212.82397852508015,0.0,1.8630839115665165e-58,3985.402871474053,True,0.45143378728236017,3.4993792263330428,1.07,0.07104169529609852,False,0,301,0.0
301,23.075920297,-99.27372741699219,108.69880676269531,5.012129016840492,2,,,,,,,,,,,,0.0,,lane_follow,LANE_KEEP,,,0,,,0,0,0,,,,,,,,True,0.44311628204803566,3.4993792263320502,1.07,0.0781653922508411,False,0,302,0.0
302,23.125920297,-99.39289855957031,108.4752197265625,5.155407356233392,2,,,,,,,,,,,,0.0,,lane_follow,LANE_KEEP,,,0,,,0,0,0,,,,,,,,True,0.4355058805847428,3.4993792263311665,1.07,0.08327828250632,False,0,303,0.0
303,23.175920298,-99.51329803466797,108.24638366699219,5.149538671434275,2,,,,,,,,,,,,0.0,,lane_follow,LANE_KEEP,,,0,,,0,0,0,,,207.51015265954078,176.21923497060277,0.0,6.631321057383589e-59,2376.4776313544685,True,0.45927335815669,3.499379226330113,1.07,0.08374746723740781,False,0,304,0.0
304,23.225920299,-99.63211822509766,108.01970672607422,5.103050983122246,2,,,,,,,,,,,,0.0,,lane_follow,LANE_KEEP,,,0,,,0,0,0,,,,,,,,True,0.44864019022981927,3.4993792263290757,1.07,0.08620739440683903,False,0,305,0.0
305,23.275920299,-99.74872589111328,107.7940673828125,5.067860147848209,2,,,,,,,,,,,,0.0,,lane_follow,LANE_KEEP,,,0,,,0,0,0,,,,,,,,True,0.439564506035948,3.499874001763239,1.07,0.0845589420318579,False,0,306,0.0
306,23.3259203,-99.86427307128906,107.56962585449219,5.039280049267384,2,,,,,,,,,,,,0.0,,lane_follow,LANE_KEEP,,,0,,,0,0,0,,,245.75665105299666,207.6313156844429,0.0,2.6038886869387664e-59,3958.020795085166,True,0.430936186006146,3.499379226327172,1.07,0.09560813316299113,False,0,307,0.0
307,23.375920301,-99.97792053222656,107.34561157226562,5.01434644451209,2,,,,,,,,,,,,0.0,,lane_follow,LANE_KEEP,,,0,,,0,0,0,,,,,,,,True,0.4238431665152109,3.499379226326281,1.07,0.09832950204115246,False,0,308,0.0
308,23.425920302,-100.09135437011719,107.12104034423828,5.106447482199466,2,,,,,,,,,,,,0.0,,lane_follow,LANE_KEEP,,,0,,,0,0,0,,,,,,,,True,0.44938638905463846,3.499379226325371,1.07,0.10212253788061357,False,0,309,0.0
309,23.475920302,-100.20610809326172,106.88996124267578,5.142938209915548,2,,,,,,,,,,,,0.0,,lane_follow,LANE_KEEP,,,0,,,0,0,0,,,207.4741137032995,171.8372718060362,0.0,9.611927692301941e-60,2358.2027355359874,True,0.43934246437217717,3.499379226324436,1.07,0.10147264744046694,False,0,310,0.0
310,23.525920303,-100.3194580078125,106.66072845458984,5.098001446969285,2,,,,,,,,,,,,0.0,,lane_follow,LANE_KEEP,,,0,,,0,0,0,,,,,,,,True,0.429823006380605,3.4993792263235117,1.07,0.10263683320691844,False,0,311,0.0
311,23.575920304,-100.43058013916016,106.43267059326172,5.061391254012523,2,,,,,,,,,,,,0.0,,lane_follow,LANE_KEEP,,,0,,,0,0,0,,,,,,,,True,0.4218546898290042,3.49937922632259,1.07,0.1020804351025523,False,0,312,0.0
312,23.625920305,-100.54064178466797,106.20588684082031,5.0317619031741385,2,,,,,,,,,,,,0.0,,lane_follow,LANE_KEEP,,,0,,,0,0,0,,,246.53322342492967,203.3062002822204,0.0,3.9038958411967004e-60,3969.4572004142065,True,0.4143319927572928,3.499379226321717,1.07,0.11385530961542104,False,0,313,0.0
313,23.675920304999998,-100.64879608154297,105.9796371459961,5.005806316321363,2,,,,,,,,,,,,0.0,,lane_follow,LANE_KEEP,,,0,,,0,0,0,,,,,,,,True,0.4398097190946981,3.4993792263207695,1.07,0.11383051780366063,False,0,314,0.0
314,23.725920306,-100.75819396972656,105.74962615966797,5.168402156025986,2,,,,,,,,,,,,0.0,,lane_follow,LANE_KEEP,,,0,,,0,0,0,,,,,,,,True,0.42952868489374685,3.4993792263198604,1.07,0.11668419449638359,False,0,315,0.0
315,23.775920307,-100.86671447753906,105.517333984375,5.10428531437217,2,,,,,,,,,,,,0.0,,lane_follow,LANE_KEEP,,,0,,,0,0,0,,,224.0707949030668,182.15393383577094,0.0,1.5090887097895593e-60,3040.7539242983394,True,0.4209503933614376,3.499379226318914,1.07,0.11387273716229576,False,0,316,0.0
316,23.825920308,-100.97386169433594,105.28739166259766,5.055591204917808,3,,,,,,,,,,,,0.0,,lane_follow,LANE_KEEP,,,0,,,0,0,0,,,,,,,,True,0.4127122499092163,3.49937922631807,1.07,0.1147258052718946,False,0,317,0.0
317,23.875920308,-101.07872009277344,105.05895233154297,5.011576864901811,3,,,,,,,,,,,,0.0,,lane_follow,LANE_KEEP,,,0,,,0,0,0,,,,,,,,True,0.40598880283814187,3.499379226317192,1.07,0.1243706047582275,False,0,318,0.0
318,23.925920309,-101.18341827392578,104.82910919189453,5.124276726549266,3,,,,,,,,,,,,0.0,,lane_follow,LANE_KEEP,,,0,,,0,0,0,,,211.80472617362446,170.41347271053692,0.0,6.067038092339252e-61,2504.3058975071126,True,0.43373169133573064,3.4993792263163686,1.07,0.12589100422887003,False,0,319,0.0
319,23.97592031,-101.28846740722656,104.59580993652344,5.0988862324135775,3,,,,,,,,,,,,0.0,,lane_follow,LANE_KEEP,,,0,,,0,0,0,,,,,,,,True,0.4238148966321441,3.4993792263155274,1.07,0.12565946292819166,False,0,320,0.0
320,24.025920311,-101.39183044433594,104.3644790649414,5.052290528878085,3,,,,,,,,,,,,0.0,,lane_follow,LANE_KEEP,,,0,,,0,0,0,,,,,,,,True,0.4147232115018231,3.4993792263146637,1.07,0.1255967419521097,False,0,321,0.0
321,24.075920311,-101.49347686767578,104.13442993164062,5.01829040410683,3,,,,,,,,,,,,0.0,,lane_follow,LANE_KEEP,,,0,,,0,0,0,,,249.35681469020662,199.49265077272355,0.0,2.5949923212365088e-61,4071.425057241236,True,0.40674236755393123,3.499379226313835,1.07,0.12392041795542444,False,0,322,0.0
322,24.125920312,-101.59444427490234,103.90384674072266,5.105430260125676,3,,,,,,,,,,,,0.0,,lane_follow,LANE_KEEP,,,0,,,0,0,0,,,,,,,,True,0.39959124037250027,3.499379226312946,1.07,0.13496518174037067,False,0,323,0.0
323,24.175920313,-101.69633483886719,103.6676254272461,5.1297592652205815,3,,,,,,,,,,,,0.0,,lane_follow,LANE_KEEP,,,0,,,0,0,0,,,,,,,,True,0.42499390200512466,3.499379226312141,1.07,0.13470839538462234,False,0,324,0.0
324,24.225920314,-101.79692840576172,103.43355560302734,5.076986454679424,3,,,,,,,,,,,,0.0,,lane_follow,LANE_KEEP,,,0,,,0,0,0,,,231.8136499195443,182.8623215973589,0.0,1.0641976888233191e-61,3340.394025830345,True,0.4162766175137015,3.4993792263112558,1.07,0.13658289715307928,False,0,325,0.0
325,24.275920314,-101.89527893066406,103.20111846923828,5.030568362718216,3,,,,,,,,,,,,0.0,,lane_follow,LANE_KEEP,,,0,,,0,0,0,,,,,,,,True,0.40760269611534505,3.4993792263103933,1.07,0.1340730241063456,False,0,326,0.0
326,24.325920315,-101.99234008789062,102.97006225585938,5.038009044675884,3,,,,,,,,,,,,0.0,,lane_follow,LANE_KEEP,,,0,,,0,0,0,,,,,,,,True,0.3996386933056707,3.4993792263095527,1.07,0.132468978568736,False,0,327,0.0
327,24.375920316,-102.08995819091797,102.73452758789062,5.082886506487509,3,,,,,,,,,,,,0.0,,lane_follow,LANE_KEEP,,,0,,,0,0,0,,,224.1042714556689,171.4890331565456,0.0,4.5398246085269815e-62,2963.5810294956746,True,0.3927569999296039,3.499379226308811,1.07,0.1419691979173198,False,0,328,0.0
328,24.425920317,-102.18617248535156,102.50083923339844,5.035327707858648,3,,,,,,,,,,,,0.0,,lane_follow,LANE_KEEP,,,0,,,0,0,0,,,,,,,,True,0.4018255785699141,3.499379226308053,1.07,0.14374317204523815,False,0,329,0.0
329,24.475920317,-102.28079223632812,102.26849365234375,5.04378784666559,3,,,,,,,,,,,,0.0,,lane_follow,LANE_KEEP,,,0,,,0,0,0,,,,,,,,True,0.4118854296573844,3.4993792263072425,1.07,0.14434809695650222,False,0,330,0.0
330,24.525920318,-102.37609100341797,102.03129577636719,5.099702125039644,3,,,,,,,,,,,,0.0,,lane_follow,LANE_KEEP,,,0,,,0,0,0,,,217.07997721078718,165.30672959438934,0.0,1.9745639236046286e-62,2670.240003561367,True,0.40284216662219996,3.499379226306497,1.07,0.14401388321448208,False,0,331,0.0
331,24.575920319,-102.46942138671875,101.79544830322266,5.056188187268831,3,,,,,,,,,,,,0.0,,lane_follow,LANE_KEEP,,,0,,,0,0,0,,,,,,,,True,0.39519140970812683,3.4993792263056958,1.07,0.14015517161254124,False,0,332,0.0
332,24.62592032,-102.5617446899414,101.5615005493164,5.016487585651646,3,,,,,,,,,,,,0.0,,lane_follow,LANE_KEEP,,,0,,,0,0,0,,,,,,,,True,0.38784240828034633,3.49937922630495,1.07,0.14917601314405596,False,0,333,0.0
333,24.67592032,-102.6527099609375,101.32685089111328,5.107561912081256,3,,,,,,,,,,,,0.0,,lane_follow,LANE_KEEP,,,0,,,0,0,0,,,,,,,,True,0.3820091286084638,3.4993792263042525,1.07,0.1501836004496965,False,0,334,0.0
334,24.725920321,-102.74533081054688,101.08574676513672,5.163699014431312,3,,,,,,,,,,,,0.0,,lane_follow,LANE_KEEP,,,0,,,0,0,0,,,199.61091450418735,149.96096638904345,0.0,6.631749366096492e-63,2053.3016951636273,True,0.40629241901607993,3.499379226303366,1.07,0.1507668615622916,False,0,335,0.0
335,24.775920322,-102.83609771728516,100.84573364257812,5.118281389897261,3,,,,,,,,,,,,0.0,,lane_follow,LANE_KEEP,,,0,,,0,0,0,,,,,,,,True,0.3977463720399781,3.4993792263025982,1.07,0.14765488933676477,False,0,336,0.0
336,24.825920323,-102.92603302001953,100.60722351074219,5.088304457949684,4,,,,,,,,,,,,0.0,,lane_follow,LANE_KEEP,,,0,,,0,0,0,,,,,,,,True,0.3895029997196835,3.499488624426107,1.07,0.14769234478829865,False,0,337,0.0
337,24.875920323,-103.01414489746094,100.36933135986328,5.066918911944069,4,,,,,,,,,,,,0.0,,lane_follow,LANE_KEEP,,,0,,,0,0,0,,,237.21594754111587,175.92243530437193,0.0,3.14707882288206e-63,3573.815989635262,True,0.38278647861001835,3.499379226301107,1.07,0.15368424807630135,False,0,338,0.0
338,24.925920324,-103.10159301757812,100.13223266601562,5.046898964453402,4,,,,,,,,,,,,0.0,,lane_follow,LANE_KEEP,,,0,,,0,0,0,,,,,,,,True,0.3764424845704719,3.4993792263004426,1.07,0.15846787575631419,False,0,339,0.0
339,24.975920325,-103.18724060058594,99.89564514160156,5.024193328835495,4,,,,,,,,,,,,0.0,,lane_follow,LANE_KEEP,,,0,,,0,0,0,,,,,,,,True,0.4037760453851493,3.4993792262997596,1.07,0.1574906510129012,False,0,340,0.0
340,25.025920326,-103.2721176147461,99.65998077392578,5.001654350274379,4,,,,,,,,,,,,0.0,,lane_follow,LANE_KEEP,,,0,,,0,0,0,,,252.2343259880861,185.7428143427597,0.0,1.5209664359447046e-63,4130.472204376279,True,0.3945802425906985,3.4993792262990477,1.07,0.1589978657780097,False,0,341,0.0
341,25.075920326,-103.35694885253906,99.4191665649414,5.196229901550366,4,,,,,,,,,,,,0.0,,lane_follow,LANE_KEEP,,,0,,,0,0,0,,,,,,,,True,0.3869940350391925,3.4993792262983603,1.07,0.1551134529243944,False,0,342,0.0
342,25.125920327,-103.44229888916016,99.17562103271484,5.133597201692962,4,,,,,,,,,,,,0.0,,lane_follow,LANE_KEEP,,,0,,,0,0,0,,,,,,,,True,0.3797441492346137,3.499379226297673,1.07,0.15944068624860988,False,0,343,0.0
343,25.175920328,-103.52540588378906,98.93448638916016,5.082393698482405,4,,,,,,,,,,,,0.0,,lane_follow,LANE_KEEP,,,0,,,0,0,0,,,238.96147577256912,170.11087994589835,0.0,7.10883890744292e-64,3699.6993443762467,True,0.37389797262063984,3.499379226296984,1.07,0.16320340668013103,False,0,344,0.0
344,25.225920329,-103.607421875,98.6956558227539,5.032010077012768,4,,,,,,,,,,,,0.0,,lane_follow,LANE_KEEP,,,0,,,0,0,0,,,,,,,,True,0.3991227501976954,3.4993792262962695,1.07,0.16515887068429339,False,0,345,0.0
345,25.275920329,-103.6876220703125,98.45830535888672,5.031327083464099,4,,,,,,,,,,,,0.0,,lane_follow,LANE_KEEP,,,0,,,0,0,0,,,,,,,,True,0.39028535855497964,3.4993792262955687,1.07,0.1645766426284331,False,0,346,0.0
346,25.32592033,-103.76776123046875,98.21756744384766,5.052752523001279,4,,,,,,,,,,,,0.0,,lane_follow,LANE_KEEP,,,0,,,0,0,0,,,237.83228462151848,169.10778294344613,0.0,3.60094666193786e-64,3534.2388460234624,True,0.38247694725684345,3.4994040727512274,1.07,0.1631147488115842,False,0,347,0.0
347,25.375920331,-103.84606170654297,97.9791259765625,4.998174027375227,4,,,,,,,,,,,,0.0,,lane_follow,LANE_KEEP,,,0,,,0,0,0,,,,,,,,True,0.37577221140648376,3.4993792262942605,1.07,0.1600391836818226,False,0,348,0.0
348,25.425920332,-103.9240493774414,97.73863220214844,5.042861020229227,4,,,,,,,,,,,,0.0,,lane_follow,LANE_KEEP,,,0,,,0,0,0,,,,,,,,True,0.36995515342919144,3.499379226293625,1.07,0.17084281251504466,False,0,349,0.0
349,25.475920332,-104.00045776367188,97.49976348876953,5.031297375959311,4,,,,,,,,,,,,0.0,,lane_follow,LANE_KEEP,,,0,,,0,0,0,,,238.61612702764447,167.2393041539597,0.0,2.5374996928460936e-64,3491.2193041167357,True,0.39907569375067053,3.4993792262929766,1.07,0.17053766033840115,False,0,350,0.0
350,25.525920333,-104.07662963867188,97.25857543945312,5.0310819539476865,4,,,,,,,,,,,,0.0,,lane_follow,LANE_KEEP,,,0,,,0,0,0,,,,,,,,True,0.3903265777563427,3.4993792262923904,1.07,0.16983519782688808,False,0,351,0.0
351,25.575920334,-104.15122985839844,97.01885223388672,5.059583269025585,4,,,,,,,,,,,,0.0,,lane_follow,LANE_KEEP,,,0,,,0,0,0,,,,,,,,True,0.38269906118862035,3.4993792262917616,1.07,0.16733148313655813,False,0,352,0.0
352,25.625920334,-104.2252197265625,96.77823638916016,5.006494497333118,4,,,,,,,,,,,,0.0,,lane_follow,LANE_KEEP,,,0,,,0,0,0,,,246.2335483631046,169.42849249676075,0.0,6.529809273795257e-64,3795.770402612463,True,0.37589879040108226,3.4993792262911487,1.07,0.16488436289756128,False,0,353,0.0
353,25.675920335,-104.2979965209961,96.53694915771484,5.052047434745087,5,,,,,,,,,,,,0.0,,lane_follow,LANE_KEEP,,,0,,,0,0,0,,,,,,,,True,0.3704471467691715,3.499379226290539,1.07,0.1720143880048907,False,0,354,0.0
354,25.725920336,-104.37017059326172,96.29637145996094,5.05438172294803,5,,,,,,,,,,,,0.0,,lane_follow,LANE_KEEP,,,0,,,0,0,0,,,,,,,,True,0.397799295099323,3.4993792262899284,1.07,0.17245226858887644,False,0,355,0.0
355,25.775920337,-104.4412841796875,96.05548858642578,4.992928167387279,6,,,,,,,,,,,,0.0,,lane_follow,LANE_KEEP,,,0,,,0,0,0,,,250.44559836018834,169.56555486190925,0.0,5.429636301463301e-63,3960.1492561989708,True,0.38922034179720183,3.4993792262892756,1.07,0.17108498556522314,False,0,356,0.0
356,25.825920337,-104.51173400878906,95.81390380859375,5.009891753892347,6,,,,,,,,,,,,0.0,,lane_follow,LANE_KEEP,,,0,,,0,0,0,,,,,,,,True,0.3814596589277279,3.4993792262887067,1.07,0.16952984338582736,False,0,357,0.0
357,25.875920338,-104.5807876586914,95.57258605957031,5.017377463676004,6,,,,,,,,,,,,0.0,,lane_follow,LANE_KEEP,,,0,,,0,0,0,,,,,,,,True,0.3749839285441045,3.4993792262880956,1.07,0.16529126665579633,False,0,358,0.0
358,25.925920339,-104.64938354492188,95.33101654052734,5.015853514265819,6,,,,,,,,,,,,0.0,,lane_follow,LANE_KEEP,,,0,,,0,0,0,,,237.5690059662127,155.87195281564652,0.0,1.7662685502391887e-61,3358.9563439382996,True,0.3690143971539399,3.4993792262875707,1.07,0.16553988232045871,False,0,359,0.0
359,25.975920340000002,-104.71642303466797,95.08911895751953,5.014409646822177,6,,,,,,,,,,,,0.0,,lane_follow,LANE_KEEP,,,0,,,0,0,0,,,,,,,,True,0.37192632240982726,3.4993792262870365,1.07,0.1739212721274818,False,0,360,0.0
360,26.02592034,-104.78297424316406,94.847412109375,4.997481173461993,6,,,,,,,,,,,,0.0,,lane_follow,LANE_KEEP,,,0,,,0,0,0,,,,,,,,True,0.3917904387376424,3.499379226286477,1.07,0.1737727796027683,False,0,361,0.0
361,26.075920341,-104.84839630126953,94.60435485839844,5.010868997169038,6,,,,,,,,,,,,0.0,,lane_follow,LANE_KEEP,,,0,,,0,0,0,,,237.02629231726164,154.40711479255228,0.0,2.3880458912450677e-60,3307.6285734087232,True,0.38441835288876025,3.499379226285936,1.07,0.1716252269059825,False,0,362,0.0
362,26.125920342,-104.91319274902344,94.36186218261719,5.017524672650233,6,,,,,,,,,,,,0.0,,lane_follow,LANE_KEEP,,,0,,,0,0,0,,,,,,,,True,0.37752416961348806,3.4993792262854084,1.07,0.16903611884022154,False,0,363,0.0
363,26.175920343,-104.97635650634766,94.11882781982422,5.012901952223204,6,,,,,,,,,,,,0.0,,lane_follow,LANE_KEEP,,,0,,,0,0,0,,,,,,,,True,0.37234372809249566,3.4993792262848706,1.07,0.16475153739053297,False,0,364,0.0
364,26.225920343,-105.03866577148438,93.87562561035156,5.054237126989052,6,,,,,,,,,,,,0.0,,lane_follow,LANE_KEEP,,,0,,,0,0,0,,,,,,,,True,0.369256830415677,3.4993792262843986,1.07,0.17352940393436592,False,0,365,0.0
365,26.275920344,-105.0999755859375,93.63236999511719,5.049629992085032,6,,,,,,,,,,,,0.0,,lane_follow,LANE_KEEP,,,0,,,0,0,0,,,226.549959899588,146.57184592126376,0.0,1.4963497710776512e-58,2907.629797725099,True,0.39429967949343675,3.4993792262838226,1.07,0.17197086968588474,False,0,366,0.0
366,26.325920345,-105.16058349609375,93.3886489868164,4.993340492700264,6,,,,,,,,,,,,0.0,,lane_follow,LANE_KEEP,,,0,,,0,0,0,,,,,,,,True,0.38714303087253416,3.499379226283257,1.07,0.16970332842997218,False,0,367,0.0
367,26.375920346,-105.22028350830078,93.14363861083984,5.0268862801416185,6,,,,,,,,,,,,0.0,,lane_follow,LANE_KEEP,,,0,,,0,0,0,,,,,,,,True,0.38114870918698407,3.4993845141803077,1.07,0.16610401568136127,False,0,368,0.0
368,26.425920346,-105.27892303466797,92.89962005615234,5.064610409318665,6,,,,,,,,,,,,0.0,,lane_follow,LANE_KEEP,,,0,,,0,0,0,,,221.35860991454933,142.40467307721113,0.0,2.817757422620064e-57,2702.604913407962,True,0.3759785755944368,3.4993792262822723,1.07,0.1618184277902265,False,0,369,0.0
369,26.475920347,-105.33673858642578,92.65360260009766,5.028863382434275,6,,,,,,,,,,,,0.0,,lane_follow,LANE_KEEP,,,0,,,0,0,0,,,,,,,,True,0.37204032098844525,3.4993792262818513,1.07,0.16881106442535546,False,0,370,0.0
370,26.525920348,-105.39370727539062,92.40884399414062,5.077456652030812,6,,,,,,,,,,,,0.0,,lane_follow,LANE_KEEP,,,0,,,0,0,0,,,,,,,,True,0.4018331154189285,3.499379226281397,1.07,0.16750686912721938,False,0,371,0.0
371,26.575920349,-105.44982147216797,92.16111755371094,5.05788788172828,6,,,,,,,,,,,,0.0,,lane_follow,LANE_KEEP,,,0,,,0,0,0,,,228.47653818878584,144.79468292759015,0.0,2.0975601367531645e-56,3022.2772026400994,True,0.3950298654205825,3.4993792262809333,1.07,0.164711934406271,False,0,372,0.0
372,26.625920349,-105.50453186035156,91.91578674316406,5.009706079227727,6,,,,,,,,,,,,0.0,,lane_follow,LANE_KEEP,,,0,,,0,0,0,,,,,,,,True,0.3891370809738159,3.499379226280479,1.07,0.16112435025626373,False,0,373,0.0
373,26.67592035,-105.5583267211914,91.66788482666016,5.120124101485919,6,,,,,,,,,,,,0.0,,lane_follow,LANE_KEEP,,,0,,,0,0,0,,,,,,,,True,0.3846429413805585,3.4993792262799985,1.07,0.15606766113938156,False,0,374,0.0
374,26.725920351,-105.61183166503906,91.41986846923828,5.055972361795004,6,,,,,,,,,,,,0.0,,lane_follow,LANE_KEEP,,,0,,,0,0,0,,,232.76064267790343,141.60074968254338,0.0,1.9479198087548957e-55,3223.4564492955324,True,0.38045545327987584,3.499379226279553,1.07,0.16296179902365418,False,0,375,0.0
375,26.775920352,-105.66340637207031,91.17376708984375,5.013308807989115,6,,,,,,,,,,,,0.0,,lane_follow,LANE_KEEP,,,0,,,0,0,0,,,,,,,,True,0.4089638231678203,3.499379226279144,1.07,0.1607515211097489,False,0,376,0.0
376,26.825920352,-105.71443176269531,90.92655944824219,5.115948643132421,6,,,,,,,,,,,,0.0,,lane_follow,LANE_KEEP,,,0,,,0,0,0,,,,,,,,True,0.40240570092185657,3.4993792262786525,1.07,0.15777905133307382,False,0,377,0.0
377,26.875920353,-105.76475524902344,90.67672729492188,5.077804847420488,6,,,,,,,,,,,,0.0,,lane_follow,LANE_KEEP,,,0,,,0,0,0,,,226.8702239643105,137.53730665063833,0.0,3.792497447159141e-54,3000.564387131169,True,0.39700202174409677,3.499379226278183,1.07,0.15357829550519267,False,0,378,0.0
378,26.925920354,-105.81397247314453,90.4292984008789,5.028418813010112,6,,,,,,,,,,,,0.0,,lane_follow,LANE_KEEP,,,0,,,0,0,0,,,,,,,,True,0.3922627163050523,3.4993792262778114,1.07,0.1488277456205084,False,0,379,0.0
379,26.975920355,-105.86186218261719,90.18329620361328,5.040325911359891,6,,,,,,,,,,,,0.0,,lane_follow,LANE_KEEP,,,0,,,0,0,0,,,,,,,,True,0.38857805125445105,3.499379226277423,1.07,0.14604570629341254,False,0,380,0.0
380,27.025920355,-105.90947723388672,89.93207550048828,5.1024803201306375,6,,,,,,,,,,,,0.0,,lane_follow,LANE_KEEP,,,0,,,0,0,0,,,216.4319967811677,130.123280666351,0.0,1.0643668931640995e-52,2572.8579013511157,True,0.40762214955327963,3.4993792262770804,1.07,0.15150208937699064,False,0,381,0.0
381,27.075920356,-105.95551300048828,89.68244171142578,5.060612321097195,6,,,,,,,,,,,,0.0,,lane_follow,LANE_KEEP,,,0,,,0,0,0,,,,,,,,True,0.41489005544853613,3.4993792262767283,1.07,0.14803262640794315,False,0,382,0.0
382,27.125920357,-106.00088500976562,89.43482208251953,5.0214120834496585,6,,,,,,,,,,,,0.0,,lane_follow,LANE_KEEP,,,0,,,0,0,0,,,,,,,,True,0.4091203508891288,3.499379226276349,1.07,0.1443172830160803,False,0,383,0.0
383,27.175920358,-106.04486846923828,89.18803405761719,5.051771817210111,6,,,,,,,,,,,,0.0,,lane_follow,LANE_KEEP,,,0,,,0,0,0,,,233.17429350696654,132.69107777255044,0.0,3.978489227993376e-52,3217.073503905178,True,0.40459073954293095,3.499379226275973,1.07,0.13942001147358898,False,0,384,0.0
384,27.225920358,-106.08905029296875,88.93380737304688,5.157396752809893,6,,,,,,,,,,,,0.0,,lane_follow,LANE_KEEP,,,0,,,0,0,0,,,,,,,,True,0.40103788162638676,3.4993792262755954,1.07,0.13848278302490682,False,0,385,0.0
385,27.275920359,-106.13180541992188,88.68074798583984,5.115776661298083,6,,,,,,,,,,,,0.0,,lane_follow,LANE_KEEP,,,0,,,0,0,0,,,,,,,,True,0.43105424169117146,3.4993792262752357,1.07,0.14142628899908063,False,0,386,0.0
386,27.32592036,-106.17384338378906,88.42976379394531,5.0758793541216916,6,,,,,,,,,,,,0.0,,lane_follow,LANE_KEEP,,,0,,,0,0,0,,,233.50942650407887,128.57649511459329,0.0,4.8600201885466954e-51,3315.7583530006614,True,0.42456148378627057,3.499379226274862,1.07,0.13845642428140606,False,0,387,0.0
387,27.375920361,-106.21416473388672,88.18036651611328,5.039512604283537,6,,,,,,,,,,,,0.0,,lane_follow,LANE_KEEP,,,0,,,0,0,0,,,,,,,,True,0.4194099054520141,3.4993792262745025,1.07,0.13412484490405277,False,0,388,0.0
388,27.425920361,-106.25384521484375,87.93275451660156,5.002779235100998,6,,,,,,,,,,,,0.0,,lane_follow,LANE_KEEP,,,0,,,0,0,0,,,,,,,,True,0.4146439968503938,3.4993792262741565,1.07,0.12943661722654923,False,0,389,0.0
389,27.475920362,-106.29232025146484,87.68120574951172,5.162913871276229,6,,,,,,,,,,,,0.0,,lane_follow,LANE_KEEP,,,0,,,0,0,0,,,200.57192224097997,113.30127625709893,0.0,7.290207343220774e-49,2029.8478040546959,True,0.41162069736953083,3.499379226273857,1.07,0.12290138631092842,False,0,390,0.0
390,27.525920363,-106.33070373535156,87.4275894165039,5.10956932384108,6,,,,,,,,,,,,0.0,,lane_follow,LANE_KEEP,,,0,,,0,0,0,,,,,,,,True,0.40897635676074395,3.499379226273573,1.07,0.12985780988301734,False,0,391,0.0
391,27.575920364,-106.36750030517578,87.17585754394531,5.075361958871132,6,,,,,,,,,,,,0.0,,lane_follow,LANE_KEEP,,,0,,,0,0,0,,,,,,,,True,0.43918827310017466,3.4993792262732715,1.07,0.12649845122695194,False,0,392,0.0
392,27.625920364,-106.40381622314453,86.92570495605469,5.045833862105102,6,,,,,,,,,,,,0.0,,lane_follow,LANE_KEEP,,,0,,,0,0,0,,,244.37186919387474,119.65069022963955,0.0,3.650616104115959e-49,3764.3200754919,True,0.4332396191330987,3.4993792262730166,1.07,0.12292450595774698,False,0,393,0.0
393,27.675920365,-106.4385986328125,86.6766357421875,5.020180905263976,6,,,,,,,,,,,,0.0,,lane_follow,LANE_KEEP,,,0,,,0,0,0,,,,,,,,True,0.4286829559053487,3.4993792262727283,1.07,0.1180195285338558,False,0,394,0.0
394,27.725920366,-106.47270202636719,86.42829895019531,5.050392680722806,6,,,,,,,,,,,,0.0,,lane_follow,LANE_KEEP,,,0,,,0,0,0,,,,,,,,True,0.42471223460308416,3.4993792262724304,1.07,0.1125746132272877,False,0,395,0.0
395,27.775920367,-106.50650024414062,86.17289733886719,5.144476937825792,6,,,,,,,,,,,,0.0,,lane_follow,LANE_KEEP,,,0,,,0,0,0,,,,,,,,True,0.42189465121093245,3.499379226272142,1.07,0.11986134433496134,False,0,396,0.0
396,27.825920367,-106.53961944580078,85.91887664794922,5.1066361111982035,6,,,,,,,,,,,,0.0,,lane_follow,LANE_KEEP,,,0,,,0,0,0,,,221.85665391687147,107.20494117762134,0.0,3.7847768490074264e-44,2826.6406770486788,True,0.4486608190514594,3.499379226271839,1.07,0.11721667807277428,False,0,397,0.0
397,27.875920368,-106.57118225097656,85.6667251586914,5.069100565583312,6,,,,,,,,,,,,0.0,,lane_follow,LANE_KEEP,,,0,,,0,0,0,,,,,,,,True,0.44299447653417723,3.4993792262715577,1.07,0.11330849192911555,False,0,398,0.0
398,27.925920369,-106.60227966308594,85.41633605957031,5.034288560933524,6,,,,,,,,,,,,0.0,,lane_follow,LANE_KEEP,,,0,,,0,0,0,,,,,,,,True,0.4376112481553024,3.499653837367899,1.07,0.10920045168072515,False,0,399,0.0
399,27.97592037,-106.63178253173828,85.16728210449219,5.006589800668963,6,,,,,,,,,,,,0.0,,lane_follow,LANE_KEEP,,,0,,,0,0,0,,,253.4426943954085,107.08468559375159,0.0,4.975209902995418e-44,4088.807749037281,True,0.4336779893204694,3.4993792262710866,1.07,0.10370777321571181,False,0,400,0.0
400,28.02592037,-106.66095733642578,84.9158706665039,5.147694003559182,6,,,,,,,,,,,,0.0,,lane_follow,LANE_KEEP,,,0,,,0,0,0,,,,,,,,True,0.43031165941127436,3.499379226270885,1.07,0.10843154737913055,False,0,401,0.0
401,28.075920371,-106.68949127197266,84.65953826904297,5.134458090790543,6,,,,,,,,,,,,0.0,,lane_follow,LANE_KEEP,,,0,,,0,0,0,,,,,,,,True,0.4612075615674356,3.4993792262706878,1.07,0.10735037670274142,False,0,402,0.0
402,28.125920372,-106.71742248535156,84.406005859375,5.083521796579257,6,,,,,,,,,,,,0.0,,lane_follow,LANE_KEEP,,,0,,,0,0,0,,,231.99119988518373,98.21624359335114,0.0,1.5481409905188493e-42,3252.108075686638,True,0.4543821867666191,3.4993792262704884,1.07,0.1045570235878083,False,0,403,0.0
403,28.175920372,-106.74386596679688,84.15465545654297,5.037822240407834,7,,,,,,,,,,,,0.0,,lane_follow,LANE_KEEP,,,0,,,0,0,0,,,,,,,,True,0.44885860793266846,3.4993792262703325,1.07,0.10056299837362417,False,0,404,0.0
404,28.225920373,-106.76988983154297,83.90552520751953,4.993915105812702,7,,,,,,,,,,,,0.0,,lane_follow,LANE_KEEP,,,0,,,0,0,0,,,,,,,,True,0.44356922242559693,3.4993792262701446,1.07,0.09643455798706216,False,0,405,0.0
405,28.275920374000002,-106.7950439453125,83.65196990966797,5.104745003533083,7,,,,,,,,,,,,0.0,,lane_follow,LANE_KEEP,,,0,,,0,0,0,,,216.62392241799472,88.01231066734489,0.0,3.6021475872376034e-41,2563.8260558675297,True,0.4395132921495696,3.4993792262699728,1.07,0.10382899214875643,False,0,406,0.0
406,28.325920375,-106.81932067871094,83.39955139160156,5.052706764355053,7,,,,,,,,,,,,0.0,,lane_follow,LANE_KEEP,,,0,,,0,0,0,,,,,,,,True,0.46662676970232186,3.4993792262697445,1.07,0.10219443704525646,False,0,407,0.0
407,28.375920375,-106.84264373779297,83.14935302734375,5.010445981667655,7,,,,,,,,,,,,0.0,,lane_follow,LANE_KEEP,,,0,,,0,0,0,,,,,,,,True,0.45949325767713567,3.49937922626959,1.07,0.09984967559863614,False,0,408,0.0
408,28.425920376,-106.86544799804688,82.89753723144531,5.138186943078662,7,,,,,,,,,,,,0.0,,lane_follow,LANE_KEEP,,,0,,,0,0,0,,,204.90253923562463,80.58109570870292,0.0,6.607407772535924e-40,2138.052708307688,True,0.4529818085855054,3.4993792262694012,1.07,0.09683319178901342,False,0,409,0.0
409,28.475920377,-106.88753509521484,82.64111328125,5.131665401207262,7,,,,,,,,,,,,0.0,,lane_follow,LANE_KEEP,,,0,,,0,0,0,,,,,,,,True,0.44748331294943555,3.4993792262692662,1.07,0.09264181441823474,False,0,410,0.0
410,28.525920378,-106.90936279296875,82.38697814941406,5.087832157148188,7,,,,,,,,,,,,0.0,,lane_follow,LANE_KEEP,,,0,,,0,0,0,,,,,,,,True,0.4420960186044519,3.49937922626917,1.07,0.08898146511718111,False,0,411,0.0
411,28.575920378,-106.92987060546875,82.13436126708984,5.058919918463771,7,,,,,,,,,,,,0.0,,lane_follow,LANE_KEEP,,,0,,,0,0,0,,,239.2096904354283,77.133108595628,0.0,6.5642200522785445e-40,3536.8832121071177,True,0.4539355041979394,3.4993792262690397,1.07,0.09883640310004962,False,0,412,0.0
412,28.625920379,-106.95021057128906,81.88307189941406,5.032084715585132,7,,,,,,,,,,,,0.0,,lane_follow,LANE_KEEP,,,0,,,0,0,0,,,,,,,,True,0.46368225267428137,3.499379226268925,1.07,0.09824975330617472,False,0,413,0.0
413,28.67592038,-106.96924591064453,81.63308715820312,5.003622048656652,7,,,,,,,,,,,,0.0,,lane_follow,LANE_KEEP,,,0,,,0,0,0,,,,,,,,True,0.45598545838506754,3.4993792262687826,1.07,0.09648949661954834,False,0,414,0.0
414,28.725920381,-106.98841857910156,81.37866973876953,5.19136017154845,7,,,,,,,,,,,,0.0,,lane_follow,LANE_KEEP,,,0,,,0,0,0,,,197.1396413176954,66.32372347280581,0.0,7.667956767880875e-38,1953.4281703808463,True,0.4483521824233261,3.499379226268699,1.07,0.09450210693704345,False,0,415,0.0
415,28.775920381,-107.00653839111328,81.12102508544922,5.144589899990506,7,,,,,,,,,,,,0.0,,lane_follow,LANE_KEEP,,,0,,,0,0,0,,,,,,,,True,0.4419168085298292,3.499379226268587,1.07,0.10011948479969371,False,0,416,0.0
416,28.825920382,-107.02444458007812,80.86557006835938,5.109075671919496,7,,,,,,,,,,,,0.0,,lane_follow,LANE_KEEP,,,0,,,0,0,0,,,,,,,,True,0.46716297510054133,3.499379226268458,1.07,0.10438578007550095,False,0,417,0.0
417,28.875920383,-107.04105377197266,80.6115493774414,5.0817937725732065,7,,,,,,,,,,,,0.0,,lane_follow,LANE_KEEP,,,0,,,0,0,0,,,239.17868070637476,62.740471897132096,0.0,4.662658923982145e-38,3620.9425687734756,True,0.45738920273583167,3.499379226268344,1.07,0.10268151969505471,False,0,418,0.0
418,28.925920384,-107.05753326416016,80.35877990722656,5.056560394795884,7,,,,,,,,,,,,0.0,,lane_follow,LANE_KEEP,,,0,,,0,0,0,,,,,,,,True,0.4477114437842774,3.499379226268215,1.07,0.1013269728553913,False,0,419,0.0
419,28.975920384,-107.07280731201172,80.1072998046875,5.028536474232319,7,,,,,,,,,,,,0.0,,lane_follow,LANE_KEEP,,,0,,,0,0,0,,,,,,,,True,0.4392040284283457,3.4993792262681405,1.07,0.09583320928172681,False,0,420,0.0
420,29.025920385,-107.08796691894531,79.85719299316406,5.0008989049179124,7,,,,,,,,,,,,0.0,,lane_follow,LANE_KEEP,,,0,,,0,0,0,,,257.6589428752266,57.108096515375195,0.0,1.3970663213017317e-37,4299.958221096189,True,0.43077409131885164,3.4993792262681085,1.07,0.10086556773092972,False,0,421,0.0
421,29.075920386,-107.10202026367188,79.60293579101562,5.164805205630472,7,,,,,,,,,,,,0.0,,lane_follow,LANE_KEEP,,,0,,,0,0,0,,,,,,,,True,0.4235616009170979,3.499379226268098,1.07,0.1020745072974393,False,0,422,0.0
422,29.125920387,-107.11624145507812,79.34748840332031,5.084773494719253,7,,,,,,,,,,,,0.0,,lane_follow,LANE_KEEP,,,0,,,0,0,0,,,,,,,,True,0.4475585818805551,3.499379226268112,1.07,0.10212859379774511,False,0,423,0.0
423,29.175920387,-107.12924194335938,79.09566497802734,5.018367757126308,7,,,,,,,,,,,,0.0,,lane_follow,LANE_KEEP,,,0,,,0,0,0,,,254.9770756342786,49.65490145988798,0.0,1.353303761842734e-36,4228.085499263082,True,0.43647869631942315,3.499379226268114,1.07,0.09850674266308604,False,0,424,0.0
424,29.225920388,-107.14200592041016,78.84490966796875,5.047650351166942,7,,,,,,,,,,,,0.0,,lane_follow,LANE_KEEP,,,0,,,0,0,0,,,,,,,,True,0.4256271704313513,3.4993792262680823,1.07,0.0960610463097892,False,0,425,0.0
425,29.275920389,-107.15409088134766,78.59481811523438,5.025745689234741,7,,,,,,,,,,,,0.0,,lane_follow,LANE_KEEP,,,0,,,0,0,0,,,,,,,,True,0.4154495795785858,3.4993792262680694,1.07,0.10482910263104409,False,0,426,0.0
426,29.32592039,-107.16585540771484,78.34477233886719,5.018473506772042,8,,,,,,,,,,,,0.0,,lane_follow,LANE_KEEP,,,0,,,0,0,0,,,,,,,,True,0.40963222544163885,3.4993792262680397,1.07,0.10595815603256767,False,0,427,0.0
427,29.37592039,-107.17698669433594,78.09381866455078,5.052790005569914,8,,,,,,,,,,,,0.0,,lane_follow,LANE_KEEP,,,0,,,0,0,0,,,231.39597042287045,39.66500686661269,0.0,9.258726083781777e-35,3129.4103520095823,True,0.4106313384133393,3.4993792262680854,1.07,0.10568463675858988,False,0,428,0.0
428,29.425920391,-107.18778991699219,77.8430404663086,5.024644434891354,8,,,,,,,,,,,,0.0,,lane_follow,LANE_KEEP,,,0,,,0,0,0,,,,,,,,True,0.3994325079498367,3.499379226268055,1.07,0.10571328892397505,False,0,429,0.0
429,29.475920392,-107.19805145263672,77.5928955078125,5.027953606989621,8,,,,,,,,,,,,0.0,,lane_follow,LANE_KEEP,,,0,,,0,0,0,,,,,,,,True,0.3887763628068101,3.4999676138640616,1.07,0.10457201507846406,False,0,430,0.0
430,29.525920393,-107.2077407836914,77.3424301147461,5.042768876284445,8,,,,,,,,,,,,0.0,,lane_follow,LANE_KEEP,,,0,,,0,0,0,,,232.60847138775736,33.64419484332983,0.0,7.0201691222117816e-34,3163.8113298391418,True,0.3786919160318078,3.4999999994986393,1.07,0.10185399727181746,False,0,431,0.0
431,29.575920393,-107.21732330322266,77.0914306640625,5.056081458858737,8,,,,,,,,,,,,0.0,,lane_follow,LANE_KEEP,,,0,,,0,0,0,,,,,,,,True,0.36871343813154966,3.499999999498638,1.07,0.11528969475456266,False,0,432,0.0
432,29.625920394,-107.22640228271484,76.84076690673828,5.037954354331718,8,,,,,,,,,,,,0.0,,lane_follow,LANE_KEEP,,,0,,,0,0,0,,,,,,,,True,0.3760497070174184,3.4999999994986806,1.07,0.11699949110136046,False,0,433,0.0
433,29.675920395,-107.2352294921875,76.58992767333984,4.987872531111971,8,,,,,,,,,,,,0.0,,lane_follow,LANE_KEEP,,,0,,,0,0,0,,,252.3574625078505,29.399973992556088,0.0,1.799474231267113e-33,3996.1000147789205,True,0.36441142027094314,3.499999999498724,1.07,0.11885937017869744,False,0,434,0.0
434,29.725920396,-107.24359893798828,76.33816528320312,5.022777590787365,8,,,,,,,,,,,,0.0,,lane_follow,LANE_KEEP,,,0,,,0,0,0,,,,,,,,True,0.3532205208676063,3.499999999498709,1.07,0.11917353401198119,False,0,435,0.0
435,29.775920396,-107.25186920166016,76.08733367919922,5.040441174756546,8,,,,,,,,,,,,0.0,,lane_follow,LANE_KEEP,,,0,,,0,0,0,,,,,,,,True,0.3421392304501348,3.4999999994987654,1.07,0.12723196602464873,False,0,436,0.0
436,29.825920397,-107.25955200195312,75.83637237548828,5.047993648309968,8,,,,,,,,,,,,0.0,,lane_follow,LANE_KEEP,,,0,,,0,0,0,,,228.67564834152708,23.623219047570366,0.0,5.751781397847695e-32,2999.8326346892723,True,0.331643912715142,3.4999999994987796,1.07,0.13613542303063433,False,0,437,0.0
437,29.875920398,-107.26710510253906,75.5855712890625,5.040461061169305,8,,,,,,,,,,,,0.0,,lane_follow,LANE_KEEP,,,0,,,0,0,0,,,,,,,,True,0.321280082398889,3.4999999994988067,1.07,0.14117303620516944,False,0,438,0.0
438,29.925920399,-107.274169921875,75.33474731445312,5.050648478724831,8,,,,,,,,,,,,0.0,,lane_follow,LANE_KEEP,,,0,,,0,0,0,,,,,,,,True,0.31140424610594464,3.499999999498852,1.07,0.14458987248332403,False,0,439,0.0
439,29.975920399,-107.28107452392578,75.08424377441406,5.03745860487493,8,,,,,,,,,,,,0.0,,lane_follow,LANE_KEEP,,,0,,,0,0,0,,,234.33137376550374,19.764185338707467,0.0,3.2476265531560054e-31,3255.7763707715358,True,0.30169220875233893,3.499999999498865,1.07,0.14871555989185317,False,0,440,0.0
440,30.0259204,-107.28777313232422,74.83321380615234,5.0207586026586695,8,,,,,,,,,,,,0.0,,lane_follow,LANE_KEEP,,,0,,,0,0,0,,,,,,,,True,0.2921802514289058,3.4999999994988795,1.07,0.15296440738785191,False,0,441,0.0
441,30.075920401,-107.2940673828125,74.5820541381836,4.990443281523325,8,,,,,,,,,,,,0.0,,lane_follow,LANE_KEEP,,,0,,,0,0,0,,,,,,,,True,0.09078613684491821,3.4999999994988085,1.07,0.170001719716128,False,0,442,0.0
442,30.125920402,-107.29981231689453,74.3304672241211,5.012489225575319,8,,,,,,,,,,,,0.0,,lane_follow,LANE_KEEP,,,0,,,0,0,0,,,,,,,,True,-6.491335247105212e-15,3.4999999994988227,1.07,0.17666855189933042,False,0,443,0.0
443,30.175920402,-107.30570220947266,74.07843017578125,5.054583338858185,8,,,,,,,,,,,,0.0,,lane_follow,LANE_KEEP,,,0,,,0,0,0,,,,,,,,True,5.030698080332741e-16,3.499999999498866,1.07,0.18603436862743852,False,0,444,0.0
444,30.225920403,-107.31080627441406,73.82756042480469,5.035526342577364,8,,,,,,,,,,,,0.0,,lane_follow,LANE_KEEP,,,0,,,0,0,0,,,227.19032383776187,111.51010061427476,0.0,3.386811267597174e-30,3444.999391968904,True,1.6930901125533637e-15,3.499999999498878,1.07,0.19258853715650895,False,0,445,0.0
445,30.275920404,-107.31656646728516,73.5739517211914,5.048692535304255,8,,,,,,,,,,,,0.0,,lane_follow,LANE_KEEP,,,0,,,0,0,0,,,,,,,,True,-6.914607775243553e-15,3.4999999994989235,1.07,0.19981573510834885,False,0,446,0.0
446,30.325920405,-107.32255554199219,73.32318878173828,4.9967887499625965,8,,,,,,,,,,,,0.0,,lane_follow,LANE_KEEP,,,0,,,0,0,0,,,,,,,,True,0.24047430773054115,3.4999999994989506,1.07,0.2092039614790603,False,0,447,0.0
447,30.825920412,-107.36119842529297,71.57788848876953,0.25181278658559236,8,,,,,,,,,,,,0.0,,lane_follow,LANE_KEEP,,,0,,,0,0,0,,,38.78947177841087,23.41842556525987,0.0,3.857717042663752e-49,59741.72862029628,True,0.18227095601583532,3.4999999994991624,1.07,0.1603889098303374,False,0,448,0.0
448,30.875920413,-107.36113739013672,71.57636260986328,0.0006110661358208849,8,,,,,,,,,,,,0.0,,lane_follow,LANE_KEEP,,,0,,,0,0,0,,,47.76657172404119,26.687358839532166,0.0,1.2951316950181336e-49,63386.1950487966,True,0.18231488392802997,3.4999999994991624,1.07,0.16012350085014862,False,0,449,0.0
449,30.925920413,-107.36116027832031,71.57613372802734,0.001292731818403371,8,,,,,,,,,,,,0.0,,lane_follow,LANE_KEEP,,,0,,,0,0,0,,,47.74001531967531,26.664938858096733,0.0,1.3007256261004225e-49,38687.8972407356,True,0.18228943168280276,3.499999999499193,1.07,0.16014738236118245,False,0,450,0.0
450,30.975920414,-107.36117553710938,71.57581329345703,0.0014606551600725554,8,,,,,,,,,,,,0.0,,lane_follow,LANE_KEEP,,,0,,,0,0,0,,,47.73310107940917,26.65838433618557,0.0,1.3036839211408312e-49,24352.00526699804,True,0.1822705821473801,3.4999999994991766,1.07,0.16016780265894073,False,0,451,0.0
451,31.025920415,-107.36119079589844,71.57550811767578,0.0013054642448829335,8,,,,,,,,,,,,0.0,,lane_follow,LANE_KEEP,,,0,,,0,0,0,,,47.7385540562021,26.662695075373172,0.0,1.3046803735090914e-49,15929.02312324937,True,0.18225190363922103,3.499999999499192,1.07,0.16018522457534937,False,0,452,0.0
452,31.075920416,-107.3612060546875,71.57523345947266,0.000986497218721282,8,,,,,,,,,,,,0.0,,lane_follow,LANE_KEEP,,,0,,,0,0,0,,,47.7502993750607,26.67457124278246,0.0,1.3045671209431727e-49,10906.300254979024,True,0.18223356719248043,3.4999999994992073,1.07,0.1602013619754236,False,0,453,0.0
453,31.125920416,-107.36209106445312,71.55986785888672,0.4447673490560556,8,,,,,,,,,,,,0.0,,lane_follow,LANE_KEEP,,,0,,,0,0,0,,,31.850013733957162,20.714961061079965,0.0,1.1900497597439567e-48,1773.8199072407767,True,0.18117638154871102,3.499999999499178,1.07,0.1614922809871943,False,0,454,0.0
454,31.175920417,-107.36387634277344,71.52776336669922,0.7546391160097808,8,,,,,,,,,,,,0.0,,lane_follow,LANE_KEEP,,,0,,,0,0,0,,,20.026379185225366,15.896832769739113,0.0,2.763025808429232e-47,820.3060163589234,True,0.17903135934820014,3.499999999499176,1.07,0.1642656798597543,False,0,455,0.0
455,31.225920418,-107.3662109375,71.48395538330078,0.9406022568557921,8,,,,,,,,,,,,0.0,,lane_follow,LANE_KEEP,,,0,,,0,0,0,,,16.31715581079285,13.553647917359887,0.0,2.0256984326180344e-46,688.8552227574456,True,0.17620587199140172,3.499999999499192,1.07,0.16811278367201124,False,0,456,0.0
456,31.275920419,-107.36880493164062,71.43302917480469,1.0651544306031486,8,,,,,,,,,,,,0.0,,lane_follow,LANE_KEEP,,,0,,,0,0,0,,,15.230688290947896,12.239833572505901,0.0,6.276984267682085e-46,815.1205648949859,True,0.17304121404486225,3.4999999994991917,1.07,0.17264761281102117,False,0,457,0.0
457,31.325920419,-107.37134552001953,71.37857055664062,1.1173411103252133,8,,,,,,,,,,,,0.0,,lane_follow,LANE_KEEP,,,0,,,0,0,0,,,14.703754964048825,11.76576892485833,0.0,6.766828511566289e-46,715.2388284884323,True,0.169890364079399,3.499999999499191,1.07,0.17707628682805301,False,0,458,0.0
458,31.37592042,-107.37400817871094,71.32135009765625,1.1647859873048731,8,,,,,,,,,,,,0.0,,lane_follow,LANE_KEEP,,,0,,,0,0,0,,,14.234825129772585,11.282237511553044,0.0,7.388802741442656e-46,643.6340883365192,True,0.16658649427260397,3.499999999499206,1.07,0.18226391793879362,False,0,459,0.0
459,31.425920421,-107.37662506103516,71.2604751586914,1.282260357295552,8,,,,,,,,,,,,0.0,,lane_follow,LANE_KEEP,,,0,,,0,0,0,,,13.845943090189898,10.249086657592152,0.0,2.0798891366204682e-45,784.9167781294776,True,0.16328743525814735,3.499999999499222,1.07,0.18735783507712048,False,0,460,0.0
460,31.475920422,-107.37940979003906,71.19564819335938,1.299363011919311,8,,,,,,,,,,,,0.0,,lane_follow,LANE_KEEP,,,0,,,0,0,0,,,13.248481885488877,10.022382426000226,0.0,1.5275638740829014e-45,594.6407399728129,True,0.159776242240917,3.4999999994992357,1.07,0.19318729847095187,False,0,461,0.0
461,31.525920422,-107.38211822509766,71.12883758544922,1.3672598038204407,8,,,,,,,,,,,,0.0,,lane_follow,LANE_KEEP,,,0,,,0,0,0,,,12.902586139692888,9.387195685219407,0.0,2.4357167733114128e-45,591.7854671705476,True,0.1563191039251106,3.499999999499235,1.07,0.1991176559052791,False,0,462,0.0
462,31.575920423,-107.38481903076172,71.05924224853516,1.4147043347062767,9,,,,,,,,,,,,0.0,,lane_follow,LANE_KEEP,,,0,,,0,0,0,,,12.522610147806967,8.917034720047756,0.0,3.004797803659076e-45,548.4906945760883,True,0.15283838077671447,3.49999999949925,1.07,0.20524224539881866,False,0,463,0.0
463,31.625920424,-107.3875961303711,70.98323822021484,1.5757192406104925,9,,,,,,,,,,,,0.0,,lane_follow,LANE_KEEP,,,0,,,0,0,0,,,,,,,,True,0.14920953409606152,3.49999999949925,1.07,0.2118461503951489,False,0,464,0.0
464,31.675920425,-107.39041900634766,70.9029312133789,1.6272105135830728,9,,,,,,,,,,,,0.0,,lane_follow,LANE_KEEP,,,0,,,0,0,0,,,,,,,,True,0.14548668226938705,3.499999999499263,1.07,0.21881465505802536,False,0,465,0.0
465,31.725920424999998,-107.39324188232422,70.81858825683594,1.7289495843494875,9,,,,,,,,,,,,0.0,,lane_follow,LANE_KEEP,,,0,,,0,0,0,,,,,,,,True,0.1417185918870764,3.499999999499249,1.07,0.2261336830547606,False,0,466,0.0
466,31.775920426,-107.39602661132812,70.7303237915039,1.792497655203085,9,,,,,,,,,,,,0.0,,lane_follow,LANE_KEEP,,,0,,,0,0,0,,,,,,,,True,0.13794469028216272,3.4999999994992943,1.07,0.23362190437343702,False,0,467,0.0
467,31.825920427,-107.39876556396484,70.63763427734375,1.8966325346189463,9,,,,,,,,,,,,0.0,,lane_follow,LANE_KEEP,,,0,,,0,0,0,,,13.768301940568652,5.775380194345026,0.0,1.057864646571636e-43,984.1005993184248,True,0.1341669622399791,3.4999999994992925,1.07,0.2413368929418568,False,0,468,0.0
468,31.875920428,-107.40148162841797,70.54080200195312,1.9661311503089016,9,,,,,,,,,,,,0.0,,lane_follow,LANE_KEEP,,,0,,,0,0,0,,,,,,,,True,0.13036568514854316,3.499999999499307,1.07,0.2492555313979087,False,0,469,0.0
469,31.925920428,-107.40412902832031,70.43939971923828,2.070743509779328,9,,,,,,,,,,,,0.0,,lane_follow,LANE_KEEP,,,0,,,0,0,0,,,,,,,,True,0.12658184353959,3.499999999499337,1.07,0.2573943608420016,False,0,470,0.0
470,31.975920429,-107.40670013427734,70.3337631225586,2.143000443448091,9,,,,,,,,,,,,0.0,,lane_follow,LANE_KEEP,,,0,,,0,0,0,,,,,,,,True,0.12282682908270336,3.499999999499306,1.07,0.26567821104267464,False,0,471,0.0
471,32.02592043,-107.40914916992188,70.22357940673828,2.2455165552518506,9,,,,,,,,,,,,0.0,,lane_follow,LANE_KEEP,,,0,,,0,0,0,,,,,,,,True,0.11914290906744102,3.49999999949932,1.07,0.27411167021141936,False,0,472,0.0
472,32.075920431,-107.41148376464844,70.10918426513672,2.318145545461561,9,,,,,,,,,,,,0.0,,lane_follow,LANE_KEEP,,,0,,,0,0,0,,,16.193817434892697,3.792836418466262,0.0,1.6896149421318787e-42,1217.4640895203345,True,0.115526217330812,3.4999999994993187,1.07,0.28264613544043893,False,0,473,0.0
473,32.125920431,-107.41368865966797,69.9903335571289,2.417203088813061,9,,,,,,,,,,,,0.0,,lane_follow,LANE_KEEP,,,0,,,0,0,0,,,17.547206327288922,3.4487293974390414,0.0,3.493653030256299e-42,1443.6348030812014,True,0.11198927515607124,3.49999999949935,1.07,0.2912476089892443,False,0,474,0.0
474,32.175920432,-107.41578674316406,69.86738586425781,2.4888422998609054,9,,,,,,,,,,,,0.0,,lane_follow,LANE_KEEP,,,0,,,0,0,0,,,,,,,,True,0.10851321510226491,3.4999999994993627,1.07,0.29984583933078157,False,0,475,0.0
475,32.225920433,-107.41775512695312,69.74012756347656,2.583737155953198,9,,,,,,,,,,,,0.0,,lane_follow,LANE_KEEP,,,0,,,0,0,0,,,,,,,,True,0.105118529435842,3.499999999499391,1.07,0.308431005783678,False,0,476,0.0
476,32.275920434,-107.41954040527344,69.60889434814453,2.653509820600227,9,,,,,,,,,,,,0.0,,lane_follow,LANE_KEEP,,,0,,,0,0,0,,,,,,,,True,0.10186238331597257,3.499999999499422,1.07,0.31698316782281577,False,0,477,0.0
477,32.325920434,-107.4211196899414,69.47391510009766,2.7243527025866396,9,,,,,,,,,,,,0.0,,lane_follow,LANE_KEEP,,,0,,,0,0,0,,,,,,,,True,0.098770229002843,3.4999999994994053,1.07,0.3254429646215272,False,0,478,0.0
478,32.375920435,-107.42244720458984,69.33611297607422,2.764058474616451,9,,,,,,,,,,,,0.0,,lane_follow,LANE_KEEP,,,0,,,0,0,0,,,18.7118730050686,2.4134351466698014,0.0,3.648294700619317e-41,1054.5842947770839,True,0.09589818755879001,3.499999999499421,1.07,0.33374102226985947,False,0,479,0.0
479,32.425920436,-107.42355346679688,69.19867706298828,2.7323310600955915,9,,,,,,,,,,,,0.0,,lane_follow,LANE_KEEP,,,0,,,0,0,0,,,,,,,,True,0.09325148947810927,3.499999999499419,1.07,0.3416575771907119,False,0,480,0.0
480,32.475920437,-107.42445373535156,69.06487274169922,2.6384850207332997,9,,,,,,,,,,,,0.0,,lane_follow,LANE_KEEP,,,0,,,0,0,0,,,10.505059825717666,2.4610063616771676,0.0,1.0538318770526836e-41,173.0737815566155,True,0.09085147825675888,3.4999999994994337,1.07,0.34896130564443417,False,0,481,0.0
481,32.525920437,-107.4251708984375,68.93711853027344,2.509459459278902,9,,,,,,,,,,,,0.0,,lane_follow,LANE_KEEP,,,0,,,0,0,0,,,,,,,,True,0.08870237607643747,3.499999999499462,1.07,0.3556077047886109,False,0,482,0.0
482,32.575920438,-107.42576599121094,68.81538391113281,2.394173927100046,9,,,,,,,,,,,,0.0,,lane_follow,LANE_KEEP,,,0,,,0,0,0,,,,,,,,True,0.08674280954658933,3.4999999994994764,1.07,0.3616483518898136,False,0,483,0.0
483,32.625920439,-107.4261703491211,68.69764709472656,2.334939375990306,9,,,,,,,,,,,,0.0,,lane_follow,LANE_KEEP,,,0,,,0,0,0,,,,,,,,True,0.08501877686767423,3.499999999499461,1.07,0.3672558094618267,False,0,484,0.0
484,32.67592044,-107.42647552490234,68.58282470703125,2.2747547297859705,9,,,,,,,,,,,,0.0,,lane_follow,LANE_KEEP,,,0,,,0,0,0,,,,,,,,True,0.083426587625717,3.499999999499506,1.07,0.3724985469359755,False,0,485,0.0
485,32.72592044,-107.42660522460938,68.46968078613281,2.257439269358924,9,,,,,,,,,,,,0.0,,lane_follow,LANE_KEEP,,,0,,,0,0,0,,,6.323700191157107,2.772404709282437,0.0,1.7262643546328157e-42,1641.6055840334157,True,0.08202867720071214,3.499999999499519,1.07,0.3774452986039539,False,0,486,0.0
486,32.775920441,-107.42667388916016,68.3582763671875,2.2045906114073937,9,,,,,,,,,,,,0.0,,lane_follow,LANE_KEEP,,,0,,,0,0,0,,,,,,,,True,0.0807112960001474,3.4999999994995044,1.07,0.3821177663191634,False,0,487,0.0
487,32.825920442,-107.42667388916016,68.24970245361328,2.1465055418845203,9,,,,,,,,,,,,0.0,,lane_follow,LANE_KEEP,,,0,,,0,0,0,,,,,,,,True,0.07949430188785239,3.4999999994995346,1.07,0.38645540400076916,False,0,488,0.0
488,32.875920443,-107.42658233642578,68.1456069946289,2.037031192117698,9,,,,,,,,,,,,0.0,,lane_follow,LANE_KEEP,,,0,,,0,0,0,,,,,,,,True,0.07841905330669582,3.4999999994995474,1.07,0.3904496422035978,False,0,489,0.0
489,32.925920443,-107.42642211914062,68.04656219482422,1.9439116084960926,9,,,,,,,,,,,,0.0,,lane_follow,LANE_KEEP,,,0,,,0,0,0,,,,,,,,True,0.07746907729548631,3.499999999499546,1.07,0.39409982364487284,False,0,490,0.0
490,32.975920444,-107.42662048339844,67.95530700683594,1.6655379342727556,9,,,,,,,,,,,,0.0,,lane_follow,LANE_KEEP,,,0,,,0,0,0,,,18.249570387541045,3.6538780349094777,0.0,4.380742024863771e-44,4682.010377148378,True,0.07624785524549818,3.4999999994995785,1.07,0.39970455906710145,False,0,491,0.0
491,33.025920445,-107.42826843261719,67.90766143798828,0.4502759067402628,9,,,,,,,,,,,,0.0,,lane_follow,LANE_KEEP,,,0,,,0,0,0,,,32.528320251695746,4.071382518988013,0.0,3.468864335061811e-44,38249.18847856441,True,0.07406595514934528,3.499999999499576,1.07,0.40879348197252396,False,0,492,0.0
492,33.075920446,-107.42879486083984,67.8947982788086,0.384644294554368,9,,,,,,,,,,,,0.0,,lane_follow,LANE_KEEP,,,0,,,0,0,0,,,34.51068437228086,4.063933023206019,0.0,2.707038569761098e-44,32512.96418420897,True,0.07339537813591497,3.499999999499561,1.07,0.4108355515896701,False,0,493,0.0
493,33.125920446,-107.42872619628906,67.86576080322266,0.693739053354939,9,,,,,,,,,,,,0.0,,lane_follow,LANE_KEEP,,,0,,,0,0,0,,,25.86840204558137,3.6598136799169247,0.0,1.1122850469511378e-43,7030.263827981594,True,0.07313856022054174,3.499999999499563,1.07,0.41192999592218615,False,0,494,0.0
494,33.175920447,-107.42852020263672,67.82583618164062,0.8212777063328298,9,,,,,,,,,,,,0.0,,lane_follow,LANE_KEEP,,,0,,,0,0,0,,,22.04013249333008,3.4229478837365535,0.0,2.91612951875613e-43,1396.7493256945424,True,0.07289702985103268,3.499999999499576,1.07,0.4130565324240155,False,0,495,0.0
495,33.225920448,-107.42831420898438,67.78445434570312,0.8224579322331788,9,,,,,,,,,,,,0.0,,lane_follow,LANE_KEEP,,,0,,,0,0,0,,,22.165320762435726,3.3819513617195116,0.0,3.101638732282947e-43,1427.7078768817441,True,0.07263916571206568,3.499999999499591,1.07,0.4142141154643094,False,0,496,0.0
496,33.275920448,-107.42808532714844,67.74150085449219,0.8836984372523946,9,,,,,,,,,,,,0.0,,lane_follow,LANE_KEEP,,,0,,,0,0,0,,,19.44113495327553,3.1680770879629274,0.0,8.879931540367936e-43,1060.2018036001496,True,0.07238657179245553,3.499999999499576,1.07,0.41528888806684006,False,0,497,0.0
497,33.325920449,-107.4278793334961,67.697509765625,0.8985622371583974,9,,,,,,,,,,,,0.0,,lane_follow,LANE_KEEP,,,0,,,0,0,0,,,19.256623735817147,3.112826376973502,0.0,1.0202521714193144e-42,1069.5398510494106,True,0.07209946079930034,3.49999999949959,1.07,0.4163740224772595,False,0,498,0.0
498,33.37592045,-107.42774200439453,67.6501235961914,0.9803175137425693,9,,,,,,,,,,,,0.0,,lane_follow,LANE_KEEP,,,0,,,0,0,0,,,16.821242596683867,2.8928226750733144,0.0,3.342046314274687e-42,773.4928445830059,True,0.07170563445120033,3.4999999994995745,1.07,0.41788398744039534,False,0,499,0.0
499,33.425920451,-107.42753601074219,67.59811401367188,1.0714224579928577,9,,,,,,,,,,,,0.0,,lane_follow,LANE_KEEP,,,0,,,0,0,0,,,15.162518143026439,2.693935874920031,0.0,1.0079277771303608e-41,626.8724525468416,True,0.07132864496586802,3.4999999994996043,1.07,0.41916584580794913,False,0,500,0.0
500,33.475920451,-107.427490234375,67.54161834716797,1.1655679404743198,9,,,,,,,,,,,,0.0,,lane_follow,LANE_KEEP,,,0,,,0,0,0,,,14.175005474933123,2.532421287214641,0.0,2.64571988443049e-41,598.5051025427075,True,0.07074116419566656,3.499999999499634,1.07,0.42133154684963314,False,0,501,0.0
501,33.525920452,-107.42715454101562,67.48265075683594,1.1885225112448605,9,,,,,,,,,,,,0.0,,lane_follow,LANE_KEEP,,,0,,,0,0,0,,,13.942208719971266,2.501270360637165,0.0,2.3928792496370575e-41,578.7653962224812,True,0.07041587465759605,3.4999999994996496,1.07,0.4219312584863063,False,0,502,0.0
502,33.575920453,-107.42694854736328,67.4207763671875,1.2862586470253172,9,,,,,,,,,,,,0.0,,lane_follow,LANE_KEEP,,,0,,,0,0,0,,,13.33442228742287,2.339203754416028,0.0,6.343228825550473e-41,575.481358738915,True,0.0699283115385173,3.4999999994996056,1.07,0.4232522180255601,False,0,503,0.0
503,33.625920454,-107.42682647705078,67.35513305664062,1.3241255809236119,9,,,,,,,,,,,,0.0,,lane_follow,LANE_KEEP,,,0,,,0,0,0,,,12.936166581894048,2.2947442007420866,0.0,7.041556491899367e-41,545.5056859300774,True,0.06931458489529826,3.499999999499648,1.07,0.4249960327285459,False,0,504,0.0
504,33.675920454,-107.4266357421875,67.28685760498047,1.395976516764284,9,,,,,,,,,,,,0.0,,lane_follow,LANE_KEEP,,,0,,,0,0,0,,,12.622437219322135,2.1905415829963717,0.0,1.2748451269373642e-40,549.0736925951495,True,0.06874001508310328,3.4999999994996327,1.07,0.42648080945569833,False,0,505,0.0
505,33.725920455,-107.42642974853516,67.2156753540039,1.4440905260863486,9,,,,,,,,,,,,0.0,,lane_follow,LANE_KEEP,,,0,,,0,0,0,,,12.291400390624075,2.125422288834378,0.0,1.663736414644535e-40,521.943066502261,True,0.06814812107944113,3.4999999994996327,1.07,0.42784721407180093,False,0,506,0.0
506,33.775920456,-107.42623138427734,67.14020538330078,1.5569664002838999,9,,,,,,,,,,,,0.0,,lane_follow,LANE_KEEP,,,0,,,0,0,0,,,,,,,,True,0.06750053754042146,3.499999999499647,1.07,0.42920975481674273,False,0,507,0.0
507,33.825920457,-107.42601013183594,67.05925750732422,1.649256252517476,9,,,,,,,,,,,,0.0,,lane_follow,LANE_KEEP,,,0,,,0,0,0,,,,,,,,True,0.06681443945543218,3.4999999994996456,1.07,0.4305389092540307,False,0,508,0.0
508,33.875920457,-107.42575073242188,66.97362518310547,1.7538566433866531,9,,,,,,,,,,,,0.0,,lane_follow,LANE_KEEP,,,0,,,0,0,0,,,,,,,,True,0.0661139784359028,3.4999999994996607,1.07,0.4318961259188886,False,0,509,0.0
509,33.925920458,-107.42550659179688,66.88395690917969,1.8201950669648808,9,,,,,,,,,,,,0.0,,lane_follow,LANE_KEEP,,,0,,,0,0,0,,,,,,,,True,0.06535302103037689,3.4999999994997064,1.07,0.4333739303051404,False,0,510,0.0
510,33.975920459,-107.42522430419922,66.78975677490234,1.9259238867438975,9,,,,,,,,,,,,0.0,,lane_follow,LANE_KEEP,,,0,,,0,0,0,,,14.078032534709338,1.6168324105216623,0.0,6.729988799453014e-39,1048.0087797844062,True,0.06457941103289866,3.4999999994996767,1.07,0.43490017005786485,False,0,511,0.0
511,34.02592046,-107.4249267578125,66.69133758544922,1.9969967219538065,9,,,,,,,,,,,,0.0,,lane_follow,LANE_KEEP,,,0,,,0,0,0,,,,,,,,True,0.06377376789914428,3.4999999994997193,1.07,0.43644199966004205,False,0,512,0.0
512,34.07592046,-107.42463684082031,66.58831787109375,2.101994623909528,9,,,,,,,,,,,,0.0,,lane_follow,LANE_KEEP,,,0,,,0,0,0,,,,,,,,True,0.06290892902753334,3.4999999994997193,1.07,0.43801651477836023,False,0,513,0.0
513,34.125920461,-107.42430114746094,66.48104095458984,2.174848442252601,9,,,,,,,,,,,,0.0,,lane_follow,LANE_KEEP,,,0,,,0,0,0,,,,,,,,True,0.06204214509541943,3.4999999994997335,1.07,0.4395946909745666,False,0,514,0.0
514,34.175920462,-107.4239501953125,66.36922454833984,2.277107136817279,9,,,,,,,,,,,,0.0,,lane_follow,LANE_KEEP,,,0,,,0,0,0,,,,,,,,True,0.06113973630844569,3.499999999499732,1.07,0.4412001458960281,False,0,515,0.0
515,34.225920463,-107.4235610961914,66.2531967163086,2.3498124435900256,9,,,,,,,,,,,,0.0,,lane_follow,LANE_KEEP,,,0,,,0,0,0,,,16.571233882020994,1.2780309128388054,0.0,1.0249004676313733e-37,1263.83153837206,True,0.06022826664808838,3.4999999994997477,1.07,0.4428176748151432,False,0,516,0.0
516,34.275920463,-107.42316436767578,66.13273620605469,2.4482824014210167,9,,,,,,,,,,,,0.0,,lane_follow,LANE_KEEP,,,0,,,0,0,0,,,17.92646559912129,1.1973179340874232,0.0,2.0833600027413417e-37,1484.8621571376016,True,0.05927474045707582,3.499999999499745,1.07,0.4444568969460493,False,0,517,0.0
517,34.325920464,-107.4227523803711,66.0081787109375,2.5196921919307464,8,,,,,,,,,,,,0.0,,lane_follow,LANE_KEEP,,,0,,,0,0,0,,,,,,,,True,0.05829054940364727,3.49999999949976,1.07,0.4460797852569961,False,0,518,0.0
518,34.375920465,-107.42233276367188,65.87936401367188,2.6138473231577786,9,,,,,,,,,,,,0.0,,lane_follow,LANE_KEEP,,,0,,,0,0,0,,,,,,,,True,0.057266268713914735,3.4999999994997606,1.07,0.44770451639946185,False,0,519,0.0
519,34.425920466,-107.42185974121094,65.74659729003906,2.683267556907681,8,,,,,,,,,,,,0.0,,lane_follow,LANE_KEEP,,,0,,,0,0,0,,,,,,,,True,0.05625109256293634,3.499999999499789,1.07,0.44931501262945506,False,0,520,0.0
520,34.475920466,-107.42137145996094,65.610107421875,2.753210051492816,8,,,,,,,,,,,,0.0,,lane_follow,LANE_KEEP,,,0,,,0,0,0,,,,,,,,True,0.055209441888456764,3.4999999994998032,1.07,0.45093125934642486,False,0,521,0.0
521,34.525920467,-107.42086029052734,65.47090911865234,2.7901057890565606,8,,,,,,,,,,,,0.0,,lane_follow,LANE_KEEP,,,0,,,0,0,0,,,18.91404778600929,0.940801650142033,0.0,2.0412634206284994e-36,1041.6990747101925,True,0.05416031938286242,3.499999999499833,1.07,0.4525498407440257,False,0,522,0.0
522,34.575920468,-107.42032623291016,65.33222198486328,2.755945095318699,8,,,,,,,,,,,,0.0,,lane_follow,LANE_KEEP,,,0,,,0,0,0,,,,,,,,True,0.053139813269849887,3.499999999499846,1.07,0.4541008775593386,False,0,523,0.0
523,34.625920469,-107.41979217529297,65.197265625,2.6601702541162635,8,,,,,,,,,,,,0.0,,lane_follow,LANE_KEEP,,,0,,,0,0,0,,,,,,,,True,0.05216112502772319,3.4999999994998316,1.07,0.45554808718767836,False,0,524,0.0
524,34.675920469,-107.41925811767578,65.06755065917969,2.5522477233593874,8,,,,,,,,,,,,0.0,,lane_follow,LANE_KEEP,,,0,,,0,0,0,,,7.486437676636858,0.9952500594419341,0.0,2.266599143046149e-37,695.3418540366554,True,0.051241187046352554,3.4999999994998743,1.07,0.45690701621241614,False,0,525,0.0
525,34.72592047,-107.41876983642578,64.94510650634766,2.382601071058835,8,,,,,,,,,,,,0.0,,lane_follow,LANE_KEEP,,,0,,,0,0,0,,,,,,,,True,0.05035697338666759,3.4999999994998743,1.07,0.45817566037279744,False,0,526,0.0
526,34.775920471,-107.41829681396484,64.83029174804688,2.2435698293073942,8,,,,,,,,,,,,0.0,,lane_follow,LANE_KEEP,,,0,,,0,0,0,,,,,,,,True,0.04954301901546453,3.499999999499904,1.07,0.45932239809479236,False,0,527,0.0
527,34.825920472,-107.41786193847656,64.72306823730469,2.0817422836399575,8,,,,,,,,,,,,0.0,,lane_follow,LANE_KEEP,,,0,,,0,0,0,,,,,,,,True,0.04877600960084223,3.4999999994999182,1.07,0.4603845097160332,False,0,528,0.0
528,34.875920472,-107.41744232177734,64.62277221679688,1.9607868242796311,8,,,,,,,,,,,,0.0,,lane_follow,LANE_KEEP,,,0,,,0,0,0,,,,,,,,True,0.048071391899207,3.499999999499904,1.07,0.4613540179785599,False,0,529,0.0
529,34.925920473,-107.41704559326172,64.52863311767578,1.835125855525341,8,,,,,,,,,,,,0.0,,lane_follow,LANE_KEEP,,,0,,,0,0,0,,,17.454982979553407,1.2721523834993222,0.0,6.398250368103066e-40,5426.395179906996,True,0.04741289976668098,3.499999999499931,1.07,0.46225173520089,False,0,530,0.0
530,34.975920474,-107.41678619384766,64.4628677368164,0.9059386294292793,8,,,,,,,,,,,,0.0,,lane_follow,LANE_KEEP,,,0,,,0,0,0,,,20.961167914358025,1.2819449829301472,0.0,4.256378689607887e-39,44364.07747716285,True,0.04693512532314524,3.499999999499917,1.07,0.4628803308438695,False,0,531,0.0
531,35.025920475,-107.4166488647461,64.42996978759766,0.745747902497906,8,,,,,,,,,,,,0.0,,lane_follow,LANE_KEEP,,,0,,,0,0,0,,,24.587380856474727,1.3330398901533997,0.0,2.3745768978280063e-39,50457.4959327678,True,0.04670369598245666,3.4999999994999156,1.07,0.46319009783781906,False,0,532,0.0
532,35.075920475,-107.41646575927734,64.38572692871094,0.9649896515537955,8,,,,,,,,,,,,0.0,,lane_follow,LANE_KEEP,,,0,,,0,0,0,,,19.745295932336735,1.2212462981857661,0.0,6.786758565130905e-39,13248.828996176824,True,0.04639087617779365,3.499999999499931,1.07,0.46358385689454085,False,0,533,0.0
533,35.125920476,-107.416259765625,64.33541870117188,1.0283472466570711,8,,,,,,,,,,,,0.0,,lane_follow,LANE_KEEP,,,0,,,0,0,0,,,21.881543173714142,1.2532169953442591,0.0,2.6704273655666513e-39,2259.553494711707,True,0.04603295700988169,3.499999999499931,1.07,0.464053272657608,False,0,534,0.0
534,35.175920477,-107.41616821289062,64.31694793701172,0.00570459880310894,8,,,,,,,,,,,,0.0,,lane_follow,LANE_KEEP,,,0,,,0,0,0,,,47.53828269567105,1.6386771430478704,0.0,1.3788479377481261e-40,15476.615654629379,True,0.04591746704882721,3.499999999499917,1.07,0.46419119223736927,False,0,535,0.0
535,35.225920478,-107.41613006591797,64.3062973022461,0.345526694663477,8,,,,,,,,,,,,0.0,,lane_follow,LANE_KEEP,,,0,,,0,0,0,,,35.726113719636615,1.4550801202057282,0.0,6.124472282048247e-40,2516.117154924257,True,0.045836229727632016,3.4999999994999316,1.07,0.46433419275294663,False,0,536,0.0
536,35.275920478,-107.41604614257812,64.28238677978516,0.5352601485398184,8,,,,,,,,,,,,0.0,,lane_follow,LANE_KEEP,,,0,,,0,0,0,,,25.14627070655561,1.2467362895136744,0.0,7.383510597253654e-39,1051.792180437834,True,0.04565213714607811,3.4999999994999462,1.07,0.464578098777097,False,0,537,0.0
537,35.325920479,-107.41594696044922,64.25028991699219,0.6502063975573958,8,,,,,,,,,,,,0.0,,lane_follow,LANE_KEEP,,,0,,,0,0,0,,,21.01022952119378,1.1356590944737208,0.0,3.164039776950906e-38,782.2941603814083,True,0.04539154252640461,3.4999999994999595,1.07,0.4649882298650875,False,0,538,0.0
538,35.37592048,-107.41568756103516,64.21243286132812,0.8096822580942725,8,,,,,,,,,,,,0.0,,lane_follow,LANE_KEEP,,,0,,,0,0,0,,,17.747151801179577,1.0168066766333357,0.0,1.688690735266524e-37,787.6341346235879,True,0.045226589702545644,3.4999999994999453,1.07,0.46488922107448094,False,0,539,0.0
539,35.425920481,-107.4155044555664,64.16996765136719,0.838687981712971,8,,,,,,,,,,,,0.0,,lane_follow,LANE_KEEP,,,0,,,0,0,0,,,17.541352835038072,1.0182776808866787,0.0,1.3252686201545596e-37,717.8412851597006,True,0.044933695386878754,3.499999999499975,1.07,0.4653225465837981,False,0,540,0.0
540,35.475920481,-107.41529083251953,64.12677764892578,0.8995645097335768,8,,,,,,,,,,,,0.0,,lane_follow,LANE_KEEP,,,0,,,0,0,0,,,16.886719470392435,0.98184819265488,0.0,1.7974284251419035e-37,685.4752232286821,True,0.04466319260571896,3.4999999994999746,1.07,0.4652956125643958,False,0,541,0.0
541,35.525920482,-107.41519927978516,64.080810546875,0.9482344315396954,8,,,,,,,,,,,,0.0,,lane_follow,LANE_KEEP,,,0,,,0,0,0,,,16.38075522370014,0.9621652558039715,0.0,2.1071074149922677e-37,662.156573689178,True,0.044239498949573706,3.4999999994999738,1.07,0.4662560044699807,False,0,542,0.0
542,35.575920483,-107.41493225097656,64.03119659423828,0.9864152696497672,9,,,,,,,,,,,,0.0,,lane_follow,LANE_KEEP,,,0,,,0,0,0,,,16.030920557899254,0.9448092350216714,0.0,2.243377609951771e-37,646.5486869465308,True,0.04395039316130259,3.499999999499975,1.07,0.4664661138119127,False,0,543,0.0
543,35.625920484,-107.41460418701172,63.97637939453125,1.1459629486980363,9,,,,,,,,,,,,0.0,,lane_follow,LANE_KEEP,,,0,,,0,0,0,,,14.625447441093733,0.8420105047816878,0.0,1.1279382912290082e-36,764.1893522017933,True,0.043663996020104345,3.4999999994999595,1.07,0.4664040299623323,False,0,544,0.0
544,35.675920484,-107.41439819335938,63.915985107421875,1.2158661880618953,9,,,,,,,,,,,,0.0,,lane_follow,LANE_KEEP,,,0,,,0,0,0,,,14.125270781247703,0.8106525733882389,0.0,1.5812379256766827e-36,732.0469123347619,True,0.04319302322120207,3.499999999499988,1.07,0.46709605155939127,False,0,545,0.0
545,35.725920485,-107.41413116455078,63.8508186340332,1.3343318226727165,9,,,,,,,,,,,,0.0,,lane_follow,LANE_KEEP,,,0,,,0,0,0,,,13.980600380306017,0.750434646457785,0.0,4.022298037533822e-36,914.678465779551,True,0.04272959078699838,3.499999999499975,1.07,0.4675893912814594,False,0,546,0.0
546,35.775920486,-107.4137954711914,63.78291702270508,1.3616755723443716,9,,,,,,,,,,,,0.0,,lane_follow,LANE_KEEP,,,0,,,0,0,0,,,13.21656824610631,0.7419916654898834,0.0,3.2600250432670545e-36,667.3774288690024,True,0.04230416070277364,3.499999999500002,1.07,0.4678093745937587,False,0,547,0.0
547,35.825920486,-107.41350555419922,63.712684631347656,1.4365437336867777,9,,,,,,,,,,,,0.0,,lane_follow,LANE_KEEP,,,0,,,0,0,0,,,12.964812733487053,0.7056387924052423,0.0,5.2462452849293534e-36,674.5234762092798,True,0.041806831647338796,3.499999999500002,1.07,0.46834831249772535,False,0,548,0.0
548,35.875920487,-107.41322326660156,63.63927459716797,1.493900154938448,9,,,,,,,,,,,,0.0,,lane_follow,LANE_KEEP,,,0,,,0,0,0,,,12.605926459619143,0.677880409866946,0.0,6.882072486447817e-36,621.7457739779944,True,0.04126625579686666,3.4999999995000164,1.07,0.4689317978049329,False,0,549,0.0
549,35.925920488,-107.41291046142578,63.56135559082031,1.6090343905919071,9,,,,,,,,,,,,0.0,,lane_follow,LANE_KEEP,,,0,,,0,0,0,,,,,,,,True,0.04070565499004336,3.4999999995000337,1.07,0.469519704804262,False,0,550,0.0
550,35.975920489,-107.41266632080078,63.47824478149414,1.6919105212179166,9,,,,,,,,,,,,0.0,,lane_follow,LANE_KEEP,,,0,,,0,0,0,,,,,,,,True,0.04001819954727176,3.4999999995000306,1.07,0.4707143000467179,False,0,551,0.0
551,36.025920489,-107.41231536865234,63.39053726196289,1.7949878046259395,9,,,,,,,,,,,,0.0,,lane_follow,LANE_KEEP,,,0,,,0,0,0,,,,,,,,True,0.03938602485375227,3.499999999500045,1.07,0.4715454424217752,False,0,552,0.0
552,36.07592049,-107.41193389892578,63.29880142211914,1.861706598851909,9,,,,,,,,,,,,0.0,,lane_follow,LANE_KEEP,,,0,,,0,0,0,,,,,,,,True,0.03873921278259725,3.4999999995000604,1.07,0.4723340071220251,False,0,553,0.0
553,36.125920491,-107.4115219116211,63.202552795410156,1.9667970954617138,9,,,,,,,,,,,,0.0,,lane_follow,LANE_KEEP,,,0,,,0,0,0,,,14.490838463864575,0.48915616225841574,0.0,1.7943390913109527e-34,1097.1530746081899,True,0.03807233299674738,3.499999999500045,1.07,0.4731465448086266,False,0,554,0.0
554,36.175920492,-107.41107177734375,63.102088928222656,2.038048449428196,9,,,,,,,,,,,,0.0,,lane_follow,LANE_KEEP,,,0,,,0,0,0,,,,,,,,True,0.03739634957886613,3.4999999995000604,1.07,0.4739756682777395,False,0,555,0.0
555,36.225920492,-107.41061401367188,62.99705123901367,2.1422462561760405,9,,,,,,,,,,,,0.0,,lane_follow,LANE_KEEP,,,0,,,0,0,0,,,,,,,,True,0.036676727563916406,3.4999999995000732,1.07,0.4748630664747032,False,0,556,0.0
556,36.275920493,-107.41011810302734,62.88775634765625,2.2150018676830983,9,,,,,,,,,,,,0.0,,lane_follow,LANE_KEEP,,,0,,,0,0,0,,,,,,,,True,0.03594753157313925,3.4999999995000732,1.07,0.47577044899869436,False,0,557,0.0
557,36.325920494,-107.4095687866211,62.77395248413086,2.3163333447423806,9,,,,,,,,,,,,0.0,,lane_follow,LANE_KEEP,,,0,,,0,0,0,,,,,,,,True,0.03522119737175526,3.4999999995001017,1.07,0.47668960836698127,False,0,558,0.0
558,36.375920495,-107.40900421142578,62.65597152709961,2.388735672205582,9,,,,,,,,,,,,0.0,,lane_follow,LANE_KEEP,,,0,,,0,0,0,,,16.92973960354033,0.3522098396929712,0.0,2.569683248579104e-33,1296.9362947320342,True,0.03446330037862254,3.499999999500117,1.07,0.47764911734261817,False,0,559,0.0
559,36.425920495,-107.40839385986328,62.533592224121094,2.486198928027367,8,,,,,,,,,,,,0.0,,lane_follow,LANE_KEEP,,,0,,,0,0,0,,,,,,,,True,0.03370187625786558,3.499999999500147,1.07,0.47862744521402745,False,0,560,0.0
560,36.475920496,-107.40776062011719,62.40715789794922,2.5571671785282093,8,,,,,,,,,,,,0.0,,lane_follow,LANE_KEEP,,,0,,,0,0,0,,,,,,,,True,0.032917886533825186,3.4999999995001456,1.07,0.47963517673128886,False,0,561,0.0
561,36.525920497,-107.40709686279297,62.276493072509766,2.65028554054905,8,,,,,,,,,,,,0.0,,lane_follow,LANE_KEEP,,,0,,,0,0,0,,,,,,,,True,0.032116993229332085,3.499999999500174,1.07,0.48067673273437583,False,0,562,0.0
562,36.575920498,-107.4063949584961,62.14228820800781,2.700134696699501,8,,,,,,,,,,,,0.0,,lane_follow,LANE_KEEP,,,0,,,0,0,0,,,,,,,,True,0.03131456455734388,3.4999999995001745,1.07,0.4817357715054805,False,0,563,0.0
563,36.625920498,-107.4056625366211,62.005062103271484,2.758505241412109,8,,,,,,,,,,,,0.0,,lane_follow,LANE_KEEP,,,0,,,0,0,0,,,19.098251219287096,0.25053892897510677,0.0,3.0916246535434423e-32,1150.3307454568849,True,0.03050878676735555,3.499999999500187,1.07,0.48280955541350956,False,0,564,0.0
564,36.675920499,-107.40489196777344,61.868289947509766,2.714029493651517,8,,,,,,,,,,,,0.0,,lane_follow,LANE_KEEP,,,0,,,0,0,0,,,,,,,,True,0.029746241822474526,3.499999999500187,1.07,0.48384499867095776,False,0,565,0.0
565,36.7259205,-107.40410614013672,61.73495864868164,2.6334753864271163,8,,,,,,,,,,,,0.0,,lane_follow,LANE_KEEP,,,0,,,0,0,0,,,10.740503248569103,0.2533619439262375,0.0,9.197316057044242e-33,161.03345347867835,True,0.029037522928269457,3.4999999995002025,1.07,0.48482988234232394,False,0,566,0.0
566,36.775920501,-107.40338897705078,61.60786437988281,2.486584528060811,8,,,,,,,,,,,,0.0,,lane_follow,LANE_KEEP,,,0,,,0,0,0,,,,,,,,True,0.02833005404100479,3.4999999995002296,1.07,0.48580604783319503,False,0,567,0.0
567,36.825920501,-107.40266418457031,61.486541748046875,2.395573240861889,8,,,,,,,,,,,,0.0,,lane_follow,LANE_KEEP,,,0,,,0,0,0,,,,,,,,True,0.02769490776966251,3.4999999995002296,1.07,0.4867033974006595,False,0,568,0.0
568,36.875920502,-107.40193939208984,61.36937713623047,2.314245025044252,8,,,,,,,,,,,,0.0,,lane_follow,LANE_KEEP,,,0,,,0,0,0,,,,,,,,True,0.027106368327422616,3.499999999500258,1.07,0.4875453685368837,False,0,569,0.0
569,36.925920503,-107.40122985839844,61.2547607421875,2.2816834330769895,8,,,,,,,,,,,,0.0,,lane_follow,LANE_KEEP,,,0,,,0,0,0,,,,,,,,True,0.026531133772711678,3.499999999500259,1.07,0.48837176900077417,False,0,570,0.0
570,36.975920504,-107.40052795410156,61.14192199707031,2.242417065625366,8,,,,,,,,,,,,0.0,,lane_follow,LANE_KEEP,,,0,,,0,0,0,,,6.385424698159037,0.2546582413872608,0.0,1.2965005419298536e-33,1721.3655321933848,True,0.025968195791323877,3.4999999995002438,1.07,0.48918458289135713,False,0,571,0.0
571,37.025920504,-107.3998031616211,61.03038787841797,2.218502226521004,8,,,,,,,,,,,,0.0,,lane_follow,LANE_KEEP,,,0,,,0,0,0,,,,,,,,True,0.02544276798248135,3.4999999995002877,1.07,0.48995469185430374,False,0,572,0.0
572,37.075920505,-107.39910888671875,60.921897888183594,2.1332705238026737,8,,,,,,,,,,,,0.0,,lane_follow,LANE_KEEP,,,0,,,0,0,0,,,,,,,,True,0.024920945842993966,3.4999999995003175,1.07,0.4907146981157179,False,0,573,0.0
573,37.125920506,-107.39842224121094,60.81760787963867,2.0528474773051735,8,,,,,,,,,,,,0.0,,lane_follow,LANE_KEEP,,,0,,,0,0,0,,,,,,,,True,0.024438571962347416,3.499999999500287,1.07,0.4914277820131788,False,0,574,0.0
574,37.175920507,-107.39775848388672,60.7186164855957,1.9304871930983096,8,,,,,,,,,,,,0.0,,lane_follow,LANE_KEEP,,,0,,,0,0,0,,,,,,,,True,0.02399270297471779,3.4999999995003006,1.07,0.49209200464160563,False,0,575,0.0
575,37.225920507,-107.39713287353516,60.62607192993164,1.737839275335865,8,,,,,,,,,,,,0.0,,lane_follow,LANE_KEEP,,,0,,,0,0,0,,,17.036502124367015,0.2875770803988652,0.0,5.027960896160355e-35,4725.552670178593,True,0.02358095137579371,3.499999999500344,1.07,0.4927068231290689,False,0,576,0.0
576,37.275920508,-107.39676666259766,60.571990966796875,0.6330948596319209,8,,,,,,,,,,,,0.0,,lane_follow,LANE_KEEP,,,0,,,0,0,0,,,27.423202907065004,0.32923809926717723,0.0,7.291068834976492e-35,38829.28469843205,True,0.023340951212213957,3.499999999500315,1.07,0.49305779730191623,False,0,577,0.0
577,37.325920509,-107.39662170410156,60.55143356323242,0.5232261920900315,8,,,,,,,,,,,,0.0,,lane_follow,LANE_KEEP,,,0,,,0,0,0,,,30.416072174245635,0.34050698631516096,0.0,4.883565702460561e-35,39505.305208795566,True,0.023255474725973026,3.4999999995003446,1.07,0.4931758179097473,False,0,578,0.0
578,37.37592051,-107.3963851928711,60.51637649536133,0.8002404608177598,8,,,,,,,,,,,,0.0,,lane_follow,LANE_KEEP,,,0,,,0,0,0,,,23.300628519888445,0.3025353331496363,0.0,1.704668636852806e-34,9343.068623325451,True,0.023099019938534603,3.499999999500329,1.07,0.49340354499432604,False,0,579,0.0
579,37.42592051,-107.39608764648438,60.473026275634766,0.8763492103708669,8,,,,,,,,,,,,0.0,,lane_follow,LANE_KEEP,,,0,,,0,0,0,,,21.596215496200678,0.29011318916854645,0.0,2.637220249446373e-34,2883.845223695119,True,0.022910639364864482,3.499999999500329,1.07,0.4938200682026498,False,0,580,0.0
580,37.475920511,-107.39578247070312,60.429046630859375,0.8735973950229099,8,,,,,,,,,,,,0.0,,lane_follow,LANE_KEEP,,,0,,,0,0,0,,,21.655967309203387,0.2860044977070227,0.0,2.9453564000905395e-34,2537.1098711245063,True,0.022722832544391,3.499999999500359,1.07,0.4941712582875336,False,0,581,0.0
581,37.525920512,-107.39547729492188,60.383636474609375,0.9216934315246545,8,,,,,,,,,,,,0.0,,lane_follow,LANE_KEEP,,,0,,,0,0,0,,,20.202214883303473,0.27353714973021015,0.0,4.888461481971687e-34,1376.0241597102026,True,0.022518991264135733,3.4999999995003432,1.07,0.49455378521214766,False,0,582,0.0
582,37.575920513,-107.39512634277344,60.33479690551758,1.010024460451022,8,,,,,,,,,,,,0.0,,lane_follow,LANE_KEEP,,,0,,,0,0,0,,,16.869605072598123,0.24696466984400423,0.0,2.0876399678639637e-33,877.0206404751056,True,0.02232248353076565,3.4999999995003575,1.07,0.4948209225646988,False,0,583,0.0
583,37.625920513,-107.39476013183594,60.28207778930664,1.0761294217339041,8,,,,,,,,,,,,0.0,,lane_follow,LANE_KEEP,,,0,,,0,0,0,,,15.455586258662139,0.23092636249340212,0.0,4.82757435109843e-33,710.8981717091287,True,0.022097748172803102,3.4999999995003575,1.07,0.49515502169729786,False,0,584,0.0
584,37.675920514,-107.39435577392578,60.226688385009766,1.1312651973646395,8,,,,,,,,,,,,0.0,,lane_follow,LANE_KEEP,,,0,,,0,0,0,,,14.656096864381988,0.21966071176276306,0.0,8.507552007845231e-33,643.8395999186018,True,0.021881226399579887,3.4999999995003575,1.07,0.49547537596456126,False,0,585,0.0
585,37.725920515,-107.39390563964844,60.1675910949707,1.212366684063606,8,,,,,,,,,,,,0.0,,lane_follow,LANE_KEEP,,,0,,,0,0,0,,,13.743300220560048,0.20469930712653536,0.0,2.00922723853699e-32,572.5800883656071,True,0.021668916797920042,3.499999999500387,1.07,0.49572902381066386,False,0,586,0.0
586,37.775920516,-107.39349365234375,60.10594177246094,1.2535059535674513,8,,,,,,,,,,,,0.0,,lane_follow,LANE_KEEP,,,0,,,0,0,0,,,13.381166924602061,0.198988672503064,0.0,2.535346029420274e-32,560.7993271231303,True,0.021389857144525258,3.4999999995003575,1.07,0.49634303231603105,False,0,587,0.0
587,37.825920516,-107.39306640625,60.0408821105957,1.3265425011255632,8,,,,,,,,,,,,0.0,,lane_follow,LANE_KEEP,,,0,,,0,0,0,,,12.901495190269603,0.18779085302551346,0.0,4.964264296762091e-32,540.9357622562808,True,0.02108782916897206,3.499999999500386,1.07,0.4969832848498382,False,0,588,0.0
588,37.875920517,-107.3925552368164,59.9724235534668,1.3770048802713182,8,,,,,,,,,,,,0.0,,lane_follow,LANE_KEEP,,,0,,,0,0,0,,,12.562321286949269,0.18048704695619264,0.0,6.925696675287371e-32,524.9126904295391,True,0.02083162138486154,3.499999999500387,1.07,0.4973687330872979,False,0,589,0.0
589,37.925920518,-107.39202117919922,59.90190887451172,1.4362648585846058,8,,,,,,,,,,,,0.0,,lane_follow,LANE_KEEP,,,0,,,0,0,0,,,12.276956238425745,0.1715890363606269,0.0,1.0913491891804203e-31,514.833055275272,True,0.02057525348299929,3.4999999995004,1.07,0.4976732820823725,False,0,590,0.0
590,37.975920519,-107.39146423339844,59.82894515991211,1.4769574655063404,8,,,,,,,,,,,,0.0,,lane_follow,LANE_KEEP,,,0,,,0,0,0,,,11.969922928695972,0.1659717134040715,0.0,1.359407533576808e-31,493.1616748623453,True,0.02031432133162693,3.499999999500386,1.07,0.4980497854613487,False,0,591,0.0
591,38.025920519,-107.39088439941406,59.75165557861328,1.59290650527819,8,,,,,,,,,,,,0.0,,lane_follow,LANE_KEEP,,,0,,,0,0,0,,,,,,,,True,0.020027787719905422,3.499999999500416,1.07,0.49852742384263393,False,0,592,0.0
592,38.07592052,-107.39020538330078,59.66951370239258,1.6695854492084272,8,,,,,,,,,,,,0.0,,lane_follow,LANE_KEEP,,,0,,,0,0,0,,,,,,,,True,0.019786041118877645,3.4999999995004143,1.07,0.4985969479619724,False,0,593,0.0
593,38.125920521,-107.3895263671875,59.58292770385742,1.7721901488630256,8,,,,,,,,,,,,0.0,,lane_follow,LANE_KEEP,,,0,,,0,0,0,,,,,,,,True,0.019494480796405915,3.49999999950043,1.07,0.49896371252545435,False,0,594,0.0
594,38.175920522,-107.38884735107422,59.49235534667969,1.8379565458554614,8,,,,,,,,,,,,0.0,,lane_follow,LANE_KEEP,,,0,,,0,0,0,,,,,,,,True,0.019158237779216703,3.4999999995004285,1.07,0.4994555762264731,False,0,595,0.0
595,38.225920522,-107.38811492919922,59.39729690551758,1.9428924349328083,8,,,,,,,,,,,,0.0,,lane_follow,LANE_KEEP,,,0,,,0,0,0,,,13.843973417973649,0.11580437605545643,0.0,5.314197954253067e-30,958.8219261123054,True,0.01882511310300007,3.4999999995004285,1.07,0.49996125615515663,False,0,596,0.0
596,38.275920523,-107.3873519897461,59.29804229736328,2.0137116662934913,8,,,,,,,,,,,,0.0,,lane_follow,LANE_KEEP,,,0,,,0,0,0,,,,,,,,True,0.0018474631099537177,3.499999999500359,1.07,0.5004896464593681,False,0,597,0.0
597,38.325920524,-107.38655090332031,59.1942024230957,2.1181494024967327,8,,,,,,,,,,,,0.0,,lane_follow,LANE_KEEP,,,0,,,0,0,0,,,,,,,,True,-1.3791051634015616e-15,3.4999999995003725,1.07,0.5010397594132857,False,0,598,0.0
598,38.375920524,-107.38571166992188,59.08612060546875,2.1908334149685973,8,,,,,,,,,,,,0.0,,lane_follow,LANE_KEEP,,,0,,,0,0,0,,,,,,,,True,1.9437576548320123e-15,3.499999999500387,1.07,0.5016074219911136,False,0,599,0.0
599,38.425920525,-107.38481903076172,58.973514556884766,2.292629640923123,8,,,,,,,,,,,,0.0,,lane_follow,LANE_KEEP,,,0,,,0,0,0,,,,,,,,True,-1.6566609195578508e-16,3.499999999500386,1.07,0.5021828207395694,False,0,600,0.0
600,38.475920526,-107.38388061523438,58.85670852661133,2.365170978593102,8,,,,,,,,,,,,0.0,,lane_follow,LANE_KEEP,,,0,,,0,0,0,,,15.935850349016219,13.368503332823632,0.0,1.8404834815195997e-29,1254.6642550110903,True,5.702903427273753e-15,3.4999999995004143,1.07,0.5027660435918707,False,0,601,0.0
601,38.525920527,-107.38312530517578,58.735496520996094,2.463189663819964,8,,,,,,,,,,,,0.0,,lane_follow,LANE_KEEP,,,0,,,0,0,0,,,,,,,,True,-3.299444051307887e-15,3.4999999995004005,1.07,0.5032193168118567,False,0,602,0.0
602,38.575920527,-107.38262176513672,58.61021423339844,2.5343740029695407,8,,,,,,,,,,,,0.0,,lane_follow,LANE_KEEP,,,0,,,0,0,0,,,,,,,,True,-6.122706508460141e-15,3.49999999950043,1.07,0.5034252345575555,False,0,603,0.0
603,38.625920528,-107.38228607177734,58.48066711425781,2.628104358360403,8,,,,,,,,,,,,0.0,,lane_follow,LANE_KEEP,,,0,,,0,0,0,,,,,,,,True,-4.800847219765814e-15,3.4999999995004285,1.07,0.5036066305799055,False,0,604,0.0
604,38.675920529,-107.38219451904297,58.34719467163086,2.697274129561724,8,,,,,,,,,,,,0.0,,lane_follow,LANE_KEEP,,,0,,,0,0,0,,,,,,,,True,-2.9004576518332215e-15,3.4999999995004725,1.07,0.5036675225354742,False,0,605,0.0
605,38.72592053,-107.3823013305664,58.21002197265625,2.766752426682182,8,,,,,,,,,,,,0.0,,lane_follow,LANE_KEEP,,,0,,,0,0,0,,,19.435572384796618,10.629216680132984,0.0,4.185065144099269e-28,1436.329925125368,True,-4.0419056990259605e-16,3.499999999500457,1.07,0.5037356056490104,False,0,606,0.0
606,38.77592053,-107.38261413574219,58.07019805908203,2.8022658166166834,8,,,,,,,,,,,,0.0,,lane_follow,LANE_KEEP,,,0,,,0,0,0,,,,,,,,True,-4.497270611469872e-16,3.4999999995004867,1.07,0.5037757265840112,False,0,607,0.0
607,38.825920531,-107.38312530517578,57.93093490600586,2.766995057855689,8,,,,,,,,,,,,0.0,,lane_follow,LANE_KEEP,,,0,,,0,0,0,,,,,,,,True,5.262283664375644e-15,3.4999999995004996,1.07,0.5038957066069113,False,0,608,0.0
608,38.875920532,-107.38384246826172,57.79546356201172,2.670324995303541,8,,,,,,,,,,,,0.0,,lane_follow,LANE_KEEP,,,0,,,0,0,0,,,,,,,,True,-6.780600386724345e-15,3.4999999995005293,1.07,0.5040180030000353,False,0,609,0.0
609,38.925920533,-107.38481903076172,57.66526412963867,2.561679278824675,8,,,,,,,,,,,,0.0,,lane_follow,LANE_KEEP,,,0,,,0,0,0,,,7.015802133549498,24.99431915877047,0.0,4.252916791213628e-29,657.0613411572194,True,-3.6205847347980935e-15,3.4999999995005435,1.07,0.5041334849671552,False,0,610,0.0
610,38.975920533,-107.38599395751953,57.54237747192383,2.3915532396716936,8,,,,,,,,,,,,0.0,,lane_follow,LANE_KEEP,,,0,,,0,0,0,,,,,,,,True,2.986651724545819e-15,3.4999999995005435,1.07,0.504228003894939,False,0,611,0.0
611,39.025920534,-107.38727569580078,57.42719650268555,2.2502768618324125,8,,,,,,,,,,,,0.0,,lane_follow,LANE_KEEP,,,0,,,0,0,0,,,,,,,,True,-3.2159875890808154e-15,3.499999999500528,1.07,0.4995446660625157,False,0,612,0.0
612,39.075920535,-107.38865661621094,57.31968307495117,2.0876198075026533,8,,,,,,,,,,,,0.0,,lane_follow,LANE_KEEP,,,0,,,0,0,0,,,,,,,,True,6.940194946514211e-15,3.499999999500572,1.07,0.4945427582081784,False,0,613,0.0
613,39.125920536,-107.39020538330078,57.219120025634766,1.966339658771647,8,,,,,,,,,,,,0.0,,lane_follow,LANE_KEEP,,,0,,,0,0,0,,,,,,,,True,-5.4860629927766524e-17,3.499999999500586,1.07,0.4893719026427311,False,0,614,0.0
614,39.175920536,-107.3917236328125,57.12473678588867,1.8405006748528088,8,,,,,,,,,,,,0.0,,lane_follow,LANE_KEEP,,,0,,,0,0,0,,,17.831069807788055,81.44270768680772,0.0,5.393620195014534e-32,5341.076961600485,True,6.870806007475139e-15,3.499999999500571,1.07,0.4841901632130198,False,0,615,0.0
615,39.225920537,-107.39153289794922,57.05440139770508,0.9470761111076258,8,,,,,,,,,,,,0.0,,lane_follow,LANE_KEEP,,,0,,,0,0,0,,,20.108050267222115,65.56320235001758,0.0,5.739962919367532e-31,44165.936702008294,True,-4.575333167888829e-15,3.4999999995006004,1.07,0.4757507885295883,False,0,616,0.0
616,39.275920538,-107.39137268066406,57.01969528198242,0.773507871175475,8,,,,,,,,,,,,0.0,,lane_follow,LANE_KEEP,,,0,,,0,0,0,,,24.002073483766036,69.91068975077143,0.0,2.822134251080441e-31,50222.605163166845,True,-3.6593991725730746e-15,3.499999999500585,1.07,0.47216062237619083,False,0,617,0.0
617,39.325920539,-107.39234161376953,56.976253509521484,0.9197177283881885,8,,,,,,,,,,,,0.0,,lane_follow,LANE_KEEP,,,0,,,0,0,0,,,20.684536919205645,65.12786109663729,0.0,6.398713018795763e-31,13541.502607470482,True,2.92300905702092e-15,3.4999999995006004,1.07,0.46868075043272894,False,0,618,0.0
618,39.375920539,-107.39373016357422,56.92873764038086,0.9778176682978941,8,,,,,,,,,,,,0.0,,lane_follow,LANE_KEEP,,,0,,,0,0,0,,,19.476358478214202,62.972933868830566,0.0,9.722177432546267e-31,5229.7527146164175,True,6.670011765130823e-15,3.499999999500585,1.07,0.4647981303986003,False,0,619,0.0
619,39.42592054,-107.39540100097656,56.87873077392578,0.9665229637969128,8,,,,,,,,,,,,0.0,,lane_follow,LANE_KEEP,,,0,,,0,0,0,,,19.71542686421725,69.9546531845527,0.0,1.0697935677985832e-30,4383.673277000228,True,-2.0816681711721685e-15,3.499999999500629,1.07,0.46066937522616713,False,0,620,0.0
620,39.475920541,-107.39740753173828,56.826053619384766,1.0869753969953597,8,,,,,,,,,,,,0.0,,lane_follow,LANE_KEEP,,,0,,,0,0,0,,,16.421906146077983,73.25689220303099,0.0,4.0559395297480946e-30,994.6248661170408,True,-5.648259637780484e-15,3.4999999995006132,1.07,0.45661398971637956,False,0,621,0.0
621,39.525920542,-107.39922332763672,56.77285385131836,1.0639869112568214,8,,,,,,,,,,,,0.0,,lane_follow,LANE_KEEP,,,0,,,0,0,0,,,17.402510721690085,2.8813689256839243,0.0,3.1768598472998234e-30,1165.5509213288137,True,5.674280489920136e-15,3.499999999500629,1.07,0.4512922942527756,False,0,622,0.0
622,39.575920542,-107.40126037597656,56.71845626831055,1.1147699211246973,8,,,,,,,,,,,,0.0,,lane_follow,LANE_KEEP,,,0,,,0,0,0,,,15.762718600463996,73.34858211850485,0.0,7.552568963764359e-30,913.7233504781219,True,7.28583859910259e-17,3.4999999995006132,1.07,0.44644772565531954,False,0,623,0.0
623,39.625920543,-107.40350341796875,56.66142272949219,1.162456794718673,8,,,,,,,,,,,,0.0,,lane_follow,LANE_KEEP,,,0,,,0,0,0,,,14.640544954091,68.42633761829879,0.0,1.6709415036451136e-29,749.1009487818083,True,5.7679555576228836e-15,3.4999999995006426,1.07,0.44149660987280515,False,0,624,0.0
624,39.675920544,-107.40589904785156,56.60124206542969,1.241512645885213,8,,,,,,,,,,,,0.0,,lane_follow,LANE_KEEP,,,0,,,0,0,0,,,13.279509552040485,61.47078147920476,0.0,5.511676322836382e-29,575.116674234234,True,-1.2420620087993939e-15,3.4999999995006137,1.07,0.4357765255925917,False,0,625,0.0
625,39.725920545,-107.40847778320312,56.53877639770508,1.2591317299090503,8,,,,,,,,,,,,0.0,,lane_follow,LANE_KEEP,,,0,,,0,0,0,,,13.2076201691017,62.00031810206065,0.0,5.708308299660206e-29,590.9872130760832,True,6.696032617270475e-15,3.4999999995006275,1.07,0.4297724049112569,False,0,626,0.0
626,39.775920545,-107.41123962402344,56.47332763671875,1.335673634310848,8,,,,,,,,,,,,0.0,,lane_follow,LANE_KEEP,,,0,,,0,0,0,,,12.440235431158706,56.77175600979668,0.0,1.5784096318130507e-28,495.45397709524076,True,-1.2836953722228372e-15,3.4999999995006417,1.07,0.42301605108980855,False,0,627,0.0
627,39.825920546,-107.41426849365234,56.40392303466797,1.4204942962364895,8,,,,,,,,,,,,0.0,,lane_follow,LANE_KEEP,,,0,,,0,0,0,,,12.028140596570145,52.15255876502686,0.0,4.227845465747374e-28,475.899716852756,True,-7.337880303381894e-16,3.499999999500671,1.07,0.41566691261403343,False,0,628,0.0
628,39.875920547,-107.41752624511719,56.33074951171875,1.493863385865108,8,,,,,,,,,,,,0.0,,lane_follow,LANE_KEEP,,,0,,,0,0,0,,,11.833404708652232,49.34010029078529,0.0,8.542126034808553e-28,489.1398538361728,True,-5.963979310408263e-15,3.49999999950067,1.07,0.4075802963596592,False,0,629,0.0
629,39.925920548,-107.4212875366211,56.25374984741211,1.5741057631835733,8,,,,,,,,,,,,0.0,,lane_follow,LANE_KEEP,,,0,,,0,0,0,,,,,,,,True,4.163336342344337e-15,3.499999999500685,1.07,0.39971386744156334,False,0,630,0.0
630,39.975920548,-107.4251708984375,56.17277526855469,1.6527824873419301,8,,,,,,,,,,,,0.0,,lane_follow,LANE_KEEP,,,0,,,0,0,0,,,,,,,,True,3.642919299551295e-15,3.499999999500715,1.07,0.3907780516936822,False,0,631,0.0
631,40.025920549,-107.42955017089844,56.08790588378906,1.7311531545856431,8,,,,,,,,,,,,0.0,,lane_follow,LANE_KEEP,,,0,,,0,0,0,,,,,,,,True,5.811323644522304e-15,3.499999999500685,1.07,0.3818216645879221,False,0,632,0.0
632,40.07592055,-107.43411254882812,55.999114990234375,1.810152699395137,8,,,,,,,,,,,,0.0,,lane_follow,LANE_KEEP,,,0,,,0,0,0,,,,,,,,True,6.855627177060342e-15,3.4999999995006843,1.07,0.3717531816815328,False,0,633,0.0
633,40.125920551,-107.43917083740234,55.90629196166992,1.8927175287035738,8,,,,,,,,,,,,0.0,,lane_follow,LANE_KEEP,,,0,,,0,0,0,,,12.689355123844834,52.68010938529911,0.0,2.1927020305643012e-26,747.1458324761685,True,-2.7720881146109377e-15,3.499999999500744,1.07,0.3616524504752089,False,0,634,0.0
634,40.175920551,-107.4444808959961,55.80929946899414,1.9768937688747248,8,,,,,,,,,,,,0.0,,lane_follow,LANE_KEEP,,,0,,,0,0,0,,,,,,,,True,7.216449660063518e-16,3.4999999995006985,1.07,0.35041485655991467,False,0,635,0.0
635,40.225920552,-107.45033264160156,55.70804977416992,2.0634220855151666,8,,,,,,,,,,,,0.0,,lane_follow,LANE_KEEP,,,0,,,0,0,0,,,13.732019030497531,48.18879105515765,0.0,8.04010884300807e-26,924.3951266676044,True,5.8772431366094224e-15,3.499999999500742,1.07,0.33909197396707247,False,0,636,0.0
636,40.275920553,-107.45645904541016,55.60248565673828,2.1498767547524786,8,,,,,,,,,,,,0.0,,lane_follow,LANE_KEEP,,,0,,,0,0,0,,,,,,,,True,5.5268289944621074e-15,3.499999999500742,1.07,0.32666903492640753,False,0,637,0.0
637,40.325920554,-107.46314239501953,55.49259567260742,2.23711551595481,8,,,,,,,,,,,,0.0,,lane_follow,LANE_KEEP,,,0,,,0,0,0,,,,,,,,True,5.516420653606247e-16,3.4999999995007722,1.07,0.31422288541073884,False,0,638,0.0
638,40.375920554,-107.47014617919922,55.3784065246582,2.322943631094104,8,,,,,,,,,,,,0.0,,lane_follow,LANE_KEEP,,,0,,,0,0,0,,,,,,,,True,-8.534839501805891e-16,3.4999999995008007,1.07,0.300628284808793,False,0,639,0.0
639,40.425920555,-107.47775268554688,55.25994873046875,2.408631644624291,8,,,,,,,,,,,,0.0,,lane_follow,LANE_KEEP,,,0,,,0,0,0,,,16.69696856263763,51.729729302687716,0.0,9.396649570281441e-25,1294.2576449522478,True,4.0245584642661925e-16,3.4999999995007993,1.07,0.2869222869257698,False,0,640,0.0
640,40.475920556,-107.48564910888672,55.13728713989258,2.4922340130564744,8,,,,,,,,,,,,0.0,,lane_follow,LANE_KEEP,,,0,,,0,0,0,,,,,,,,True,-3.400058012914542e-15,3.499999999500799,1.07,0.27220912750135196,False,0,641,0.0
641,40.525920557,-107.49417114257812,55.01049041748047,2.5751982732453627,7,,,,,,,,,,,,0.0,,lane_follow,LANE_KEEP,,,0,,,0,0,0,,,,,,,,True,-4.440892098500626e-15,3.499999999500813,1.07,0.2574144943541702,False,0,642,0.0
642,40.575920557,-107.5030517578125,54.879642486572266,2.655692883543072,6,,,,,,,,,,,,0.0,,lane_follow,LANE_KEEP,,,0,,,0,0,0,,,,,,,,True,3.3306690738754696e-15,3.4999999995008273,1.07,0.24151128021762705,False,0,643,0.0
643,40.625920558,-107.51255798339844,54.74519729614258,2.7161108714751463,6,,,,,,,,,,,,0.0,,lane_follow,LANE_KEEP,,,0,,,0,0,0,,,,,,,,True,-4.3021142204224816e-16,3.4999999995008406,1.07,0.22549235371243684,False,0,644,0.0
644,40.675920559,-107.52244567871094,54.607933044433594,2.762966867880062,6,,,,,,,,,,,,0.0,,lane_follow,LANE_KEEP,,,0,,,0,0,0,,,18.50664712484264,60.374965142279656,0.0,1.272214458863104e-23,1063.344096632267,True,6.543376951384516e-15,3.4999999995008415,1.07,0.20848000189178154,False,0,645,0.0
645,40.72592056,-107.53265380859375,54.47113800048828,2.724570916462877,6,,,,,,,,,,,,0.0,,lane_follow,LANE_KEEP,,,0,,,0,0,0,,,,,,,,True,-3.0600522116230877e-15,3.4999999995008557,1.07,0.19173890678399821,False,0,646,0.0
646,40.77592056,-107.54270935058594,54.33790969848633,2.636975125948443,7,,,,,,,,,,,,0.0,,lane_follow,LANE_KEEP,,,0,,,0,0,0,,,10.436918628506314,82.96248617592435,0.0,3.748568817861865e-24,158.21177487525776,True,-4.614364446098307e-15,3.499999999500869,1.07,0.17499362064791027,False,0,647,0.0
647,40.825920561,-107.5526351928711,54.2109375,2.496585754178244,7,,,,,,,,,,,,0.0,,lane_follow,LANE_KEEP,,,0,,,0,0,0,,,,,,,,True,3.2057689836051395e-15,3.4999999995008975,1.07,0.15915493392257365,False,0,648,0.0
648,40.875920562,-107.56219482421875,54.089847564697266,2.39450802418216,7,,,,,,,,,,,,0.0,,stop_at_intersection,LANE_KEEP,,,0,,,0,0,0,,,426.9343698127063,99.07010845357823,0.0,2.431513883308975e-26,1713.0238440873154,True,-0.08425129792121541,3.499999999501054,1.07,0.1433092281373253,False,0,649,0.0
649,40.925920562,-107.57100677490234,53.97324752807617,2.3021324487051564,7,,,,,,,,,,,,0.0,,stop_at_intersection,LANE_KEEP,,,0,,,0,0,0,,,866.4141098044653,99.43256887806169,0.0,5.370441983261131e-28,1528.822869177593,True,-0.1436515413050957,3.499999999501083,1.07,0.13044904448135544,False,0,650,0.0
650,40.975920563,-107.57843780517578,53.86172103881836,2.1909722485924337,7,,,,,,,,,,,,0.0,,stop_at_intersection,LANE_KEEP,,,0,,,0,0,0,,,1539.5914739865725,104.49020707699344,0.0,1.1646477136065972e-29,1368.0608883994116,True,-0.22028122385412596,3.4999999995010533,1.07,0.12023653184307795,False,0,651,0.0
651,41.025920564,-107.5848388671875,53.75605010986328,2.068945489906514,7,,,,,,,,,,,,0.0,,stop_at_intersection,LANE_KEEP,,,0,,,0,0,0,,,2057.3993243291393,93.4417022728158,0.0,1.3634931257068514e-31,824.5422965109979,True,-0.24111863631954628,3.4999999995010973,1.07,0.1134032641844768,False,0,652,0.0
652,41.075920565,-107.59017181396484,53.65656661987305,1.9427830578208045,7,,,,,,,,,,,,0.0,,stop_at_intersection,LANE_KEEP,,,0,,,0,0,0,,,2508.0897282143806,86.75695980647247,0.0,7.458173657602855e-32,1412.7195626112893,True,-0.24756634854162562,3.4999999995011115,1.07,0.10786284956643036,False,0,653,0.0
653,41.125920565,-107.594970703125,53.56338882446289,1.816369518925508,7,,,,,,,,,,,,0.0,,stop_at_intersection,LANE_KEEP,,,0,,,0,0,0,,,2936.6591911228475,80.80607624437896,0.0,4.5387490161046126e-32,2043.2051248364664,True,-0.25340935679887094,3.4999999995011115,1.07,0.10416405867418024,False,0,654,0.0
654,41.175920566,-107.59916687011719,53.48320770263672,1.2719551303268695,7,,,,,,,,,,,,0.0,,stop_at_intersection,LANE_KEEP,,,0,,,0,0,0,,,3138.3578493856307,58.83175148481891,0.0,7.00954270406778e-33,4011.739988367531,True,-0.2585040023403624,3.499999999501156,1.07,0.1026579928172843,False,0,655,0.0
655,41.225920567,-107.602294921875,53.41855239868164,1.3226142139251318,7,,,,,,,,,,,,0.0,,stop_at_intersection,LANE_KEEP,,,0,,,0,0,0,,,3111.44015347966,62.676841634113146,0.0,1.9818536565052417e-32,1021.1677532033215,True,-0.2623565724111438,3.4999999995011244,1.07,0.10147789171315572,False,0,656,0.0
656,41.275920568,-107.60514068603516,53.35121536254883,1.3545592029287241,7,,,,,,,,,,,,0.0,,stop_at_intersection,LANE_KEEP,,,0,,,0,0,0,,,3089.947905214797,64.96150317366133,0.0,4.8297301923808395e-32,151.11320104649536,True,-0.2659569318855618,3.4999999995011404,1.07,0.0997209968894345,False,0,657,0.0
657,41.325920568,-107.60781860351562,53.28409957885742,1.3291473143424097,7,,,,,,,,,,,,0.0,,stop_at_intersection,LANE_KEEP,,,0,,,0,0,0,,,2854.7861429762083,64.33779541215648,0.0,6.04359677610527e-32,78.46575568069632,True,-0.26938697522831023,3.49999999950114,1.07,0.09821919652378233,False,0,658,0.0
658,41.375920569,-107.61028289794922,53.218650817871094,1.2921792070649762,7,,,,,,,,,,,,0.0,,stop_at_intersection,LANE_KEEP,,,0,,,0,0,0,,,2973.6578071466697,63.32326254050359,0.0,6.549493191025018e-32,74.97359655829555,True,-0.2725847234538591,3.49999999950114,1.07,0.09705891095984134,False,0,659,0.0
659,41.42592057,-107.6125259399414,53.15580749511719,1.2326206250162974,7,,,,,,,,,,,,0.0,,stop_at_intersection,LANE_KEEP,,,0,,,0,0,0,,,3133.420678877613,61.7119960661382,0.0,5.692451206322834e-32,175.84938040778914,True,-0.27553202904147134,3.499999999501139,1.07,0.09619171292671638,False,0,660,0.0
660,41.475920571,-107.61453247070312,53.0958251953125,1.1777780206733726,7,,,,,,,,,,,,0.0,,stop_at_intersection,LANE_KEEP,,,0,,,0,0,0,,,3263.5379365819877,60.497512421680426,0.0,5.302102679450213e-32,258.72808945133374,True,-0.27821076933713773,3.499999999501169,1.07,0.0956240755818222,False,0,661,0.0
661,41.525920571,-107.61634826660156,53.03888702392578,1.1133796359623878,7,,,,,,,,,,,,0.0,,stop_at_intersection,LANE_KEEP,,,0,,,0,0,0,,,3404.7847068973865,59.16384242561054,0.0,4.586638049590659e-32,418.9468877679134,True,-0.28066466542137225,3.4999999995011826,1.07,0.09525218490766166,False,0,662,0.0
662,41.575920572,-107.61796569824219,52.98489761352539,1.0585017758102284,7,,,,,,,,,,,,0.0,,stop_at_intersection,LANE_KEEP,,,0,,,0,0,0,,,3506.274687611217,58.30166363472077,0.0,4.4023187714215744e-32,487.3928126128907,True,-0.28288715734302833,3.4999999995011684,1.07,0.09510408915686677,False,0,663,0.0
663,41.625920573,-107.61940002441406,52.9338264465332,0.9977314071135595,7,,,,,,,,,,,,0.0,,stop_at_intersection,LANE_KEEP,,,0,,,0,0,0,,,3615.2100235339362,57.352412736110075,0.0,4.019530738536472e-32,613.8442636051547,True,-0.28489384500131143,3.499999999501169,1.07,0.09508878492298792,False,0,664,0.0
664,41.675920574,-107.62071228027344,52.88548278808594,0.947377966153463,7,,,,,,,,,,,,0.0,,stop_at_intersection,LANE_KEEP,,,0,,,0,0,0,,,3686.0382834990614,56.82106801794808,0.0,4.030514808231173e-32,619.2621460937008,True,-0.2867478976452182,3.4999999995011986,1.07,0.0951965487363843,False,0,665,0.0
665,41.725920574,-107.62187194824219,52.83980941772461,0.8919203175629099,7,,,,,,,,,,,,0.0,,stop_at_intersection,LANE_KEEP,,,0,,,0,0,0,,,3332.9684352752715,56.16149659459391,0.0,3.834865665085722e-32,690.1379940078746,True,-0.2884194409929967,3.4999999995011817,1.07,0.09540141818103623,False,0,666,0.0
666,41.775920575,-107.62290954589844,52.79658889770508,0.8469009621698301,7,,,,,,,,,,,,0.0,,stop_at_intersection,LANE_KEEP,,,0,,,0,0,0,,,3375.782788232134,55.84372465513255,0.0,3.9589516993684e-32,642.7042266617308,True,-0.28994142794367195,3.4999999995011972,1.07,0.09571822440832381,False,0,667,0.0
667,41.825920576,-107.62385559082031,52.75577163696289,0.7967269918635594,7,,,,,,,,,,,,0.0,,stop_at_intersection,LANE_KEEP,,,0,,,0,0,0,,,3433.1254840663846,55.37267098468043,0.0,3.857728261296557e-32,673.5902140920191,True,-0.29134493001870493,3.4999999995011972,1.07,0.09606223067689693,False,0,668,0.0
668,41.875920577,-107.62469482421875,52.7171516418457,0.7568047338398365,7,,,,,,,,,,,,0.0,,stop_at_intersection,LANE_KEEP,,,0,,,0,0,0,,,3460.7001490723337,55.194055184102915,0.0,4.0453229443936124e-32,598.0924625199109,True,-0.2926169983499493,3.499999999501197,1.07,0.09649515873269224,False,0,669,0.0
669,41.925920577,-107.62543487548828,52.68069839477539,0.7114667654445012,7,,,,,,,,,,,,0.0,,stop_at_intersection,LANE_KEEP,,,0,,,0,0,0,,,3505.960330091843,54.829242300106486,0.0,3.989447152641453e-32,608.011388651375,True,-0.2937656039215871,3.4999999995012256,1.07,0.09696231782406253,False,0,670,0.0
670,41.975920578,-107.62611389160156,52.64619827270508,0.6762010133892871,7,,,,,,,,,,,,0.0,,stop_at_intersection,LANE_KEEP,,,0,,,0,0,0,,,3523.0953095923282,54.73660434785169,0.0,4.2144210835564954e-32,523.1824724750197,True,-0.2948312857889437,3.499999999501227,1.07,0.09746309277487178,False,0,671,0.0
671,42.025920579,-107.62672424316406,52.61360549926758,0.6360122157292034,7,,,,,,,,,,,,0.0,,stop_at_intersection,LANE_KEEP,,,0,,,0,0,0,,,3558.0168676871062,54.463179108442375,0.0,4.2037179216783106e-32,516.9145255821139,True,-0.2958069281396947,3.4999999995012114,1.07,0.0980375900097962,False,0,672,0.0
672,42.07592058,-107.62727355957031,52.58253860473633,0.6120252514971013,7,,,,,,,,,,,,0.0,,stop_at_intersection,LANE_KEEP,,,0,,,0,0,0,,,3548.683384811768,54.59796462487531,0.0,4.697777383828064e-32,375.2303706545318,True,-0.29670443574456346,3.4999999995012256,1.07,0.0986039704912193,False,0,673,0.0
673,42.12592058,-107.62776184082031,52.5531005859375,0.5733800868039188,7,,,,,,,,,,,,0.0,,stop_at_intersection,LANE_KEEP,,,0,,,0,0,0,,,3588.1972397183326,54.2826836932412,0.0,4.569721651396672e-32,402.6173833069724,True,-0.29752265412261153,3.499999999501225,1.07,0.09916680434519667,False,0,674,0.0
674,42.175920581,-107.62820434570312,52.525115966796875,0.5509291509487942,7,,,,,,,,,,,,0.0,,stop_at_intersection,LANE_KEEP,,,0,,,0,0,0,,,3581.585420118955,54.37428485122173,0.0,5.004076404499378e-32,299.9668544320681,True,-0.29827880799811196,3.49999999950121,1.07,0.09975617303734055,False,0,675,0.0
675,42.225920582,-107.62860107421875,52.49867630004883,0.5143686486221186,7,,,,,,,,,,,,0.0,,stop_at_intersection,LANE_KEEP,,,0,,,0,0,0,,,3621.4272545243202,54.05839689737257,0.0,4.815982007279764e-32,336.8979814792778,True,-0.29897187116538176,3.4999999995012256,1.07,0.10032854174636055,False,0,676,0.0
676,42.275920583,-107.62895202636719,52.47356414794922,0.49439900334896264,7,,,,,,,,,,,,0.0,,stop_at_intersection,LANE_KEEP,,,0,,,0,0,0,,,3613.1170583755643,54.14999813834716,0.0,5.240154397162965e-32,248.7557645635854,True,-0.29960428086251445,3.49999999950121,1.07,0.10092881302434834,False,0,677,0.0
677,42.325920583,-107.6292724609375,52.44987106323242,0.4604939495667812,7,,,,,,,,,,,,0.0,,stop_at_intersection,LANE_KEEP,,,0,,,0,0,0,,,3650.799033013132,53.855387789619876,0.0,5.032755265177182e-32,284.95039118290686,True,-0.3001902687151342,3.49999999950124,1.07,0.101496585687919,False,0,678,0.0
678,42.375920584,-107.62955474853516,52.427371978759766,0.44319483013664124,7,,,,,,,,,,,,0.0,,stop_at_intersection,LANE_KEEP,,,0,,,0,0,0,,,3639.92778215785,53.95860760242723,0.0,5.463345842054796e-32,205.62023161896818,True,-0.30072472856221544,3.4999999995012243,1.07,0.10208719990867934,False,0,679,0.0
679,42.425920585,-107.62982177734375,52.40615463256836,0.41192622109024524,7,,,,,,,,,,,,0.0,,stop_at_intersection,LANE_KEEP,,,0,,,0,0,0,,,3675.536289645416,53.68920713848119,0.0,5.243818025733152e-32,239.12723716322947,True,-0.30122956370319875,3.4999999995012554,1.07,0.10262938335905383,False,0,680,0.0
680,42.475920586,-107.63004302978516,52.38601303100586,0.3971653593013749,7,,,,,,,,,,,,0.0,,stop_at_intersection,LANE_KEEP,,,0,,,0,0,0,,,3662.1909785260546,53.8009751408716,0.0,5.684378643499892e-32,168.02445975770922,True,-0.3016765674386502,3.4999999995012394,1.07,0.10320447062365715,False,0,681,0.0
681,42.525920586,-107.63026428222656,52.36703109741211,0.3683414160534898,7,,,,,,,,,,,,0.0,,stop_at_intersection,LANE_KEEP,,,0,,,0,0,0,,,3695.658254120535,53.55196742438239,0.0,5.455582722430858e-32,199.43045726049357,True,-0.30211057257174545,3.49999999950124,1.07,0.10372111053210445,False,0,682,0.0
682,42.575920587,-107.63043975830078,52.34899139404297,0.35590219010941077,7,,,,,,,,,,,,0.0,,stop_at_intersection,LANE_KEEP,,,0,,,0,0,0,,,3216.6703113486697,53.66976697792846,0.0,5.901697974924034e-32,135.83772867136273,True,-0.30248824284928383,3.4999999995012385,1.07,0.10427261132781532,False,0,683,0.0
683,42.625920588,-107.63059997558594,52.33200454711914,0.329295465167284,7,,,,,,,,,,,,0.0,,stop_at_intersection,LANE_KEEP,,,0,,,0,0,0,,,3247.481272931323,53.426030681136986,0.0,5.653836034823099e-32,164.21927899729147,True,-0.3028388539345652,3.4999999995012536,1.07,0.10477966033155886,False,0,684,0.0
684,42.675920589,-107.63075256347656,52.31585693359375,0.3189512505027107,7,,,,,,,,,,,,0.0,,stop_at_intersection,LANE_KEEP,,,0,,,0,0,0,,,3231.261514245875,53.556136972113485,0.0,6.111855112325027e-32,108.91449067036746,True,-0.303172429221217,3.4999999995012536,1.07,0.10528860167347923,False,0,685,0.0
685,42.725920589,-107.63088989257812,52.3006591796875,0.29433862559155405,7,,,,,,,,,,,,0.0,,stop_at_intersection,LANE_KEEP,,,0,,,0,0,0,,,,,,,,True,-0.3034800997960963,3.4999999995012527,1.07,0.1057557051209014,False,0,686,0.0
686,42.77592059,-107.63142395019531,52.28620910644531,0.2857003266613933,7,,,,,,,,,,,,0.0,,stop_at_intersection,LANE_KEEP,,,0,,,0,0,0,,,,,,,,True,-0.30417609328582096,3.499999999501284,1.07,0.10511708365410191,False,0,687,0.0
687,42.825920591,-107.63195037841797,52.27261734008789,0.2629066889159041,7,,,,,,,,,,,,0.0,,stop_at_intersection,LANE_KEEP,,,0,,,0,0,0,,,,,,,,True,-0.3048548371844465,3.4999999995012683,1.07,0.10443833975547304,False,0,688,0.0
688,42.875920592,-107.63243865966797,52.259681701660156,0.2561376496108212,7,,,,,,,,,,,,0.0,,stop_at_intersection,LANE_KEEP,,,0,,,0,0,0,,,,,,,,True,-0.3054880820349182,3.499999999501254,1.07,0.10380509490524728,False,0,689,0.0
689,42.925920592,-107.63291931152344,52.24751281738281,0.23492716336744493,7,,,,,,,,,,,,0.0,,stop_at_intersection,LANE_KEEP,,,0,,,0,0,0,,,,,,,,True,-0.30610510349887393,3.4999999995012696,1.07,0.10318807344074235,False,0,690,0.0
690,42.975920593,-107.63335418701172,52.235931396484375,0.2296571086386438,7,,,,,,,,,,,,0.0,,stop_at_intersection,LANE_KEEP,,,0,,,0,0,0,,,,,,,,True,-0.3066697666541611,3.4999999995012385,1.07,0.10262341028572677,False,0,691,0.0
691,43.025920594,-107.6337890625,52.22505569458008,0.20987380245979392,7,,,,,,,,,,,,0.0,,stop_at_intersection,LANE_KEEP,,,0,,,0,0,0,,,,,,,,True,-0.307226519475903,3.499999999501254,1.07,0.10206665746428026,False,0,692,0.0
692,43.075920595,-107.63418579101562,52.21468734741211,0.20595148878412164,7,,,,,,,,,,,,0.0,,stop_at_intersection,LANE_KEEP,,,0,,,0,0,0,,,,,,,,True,-0.3077394408324483,3.49999999950124,1.07,0.10155373610743315,False,0,693,0.0
693,43.125920595,-107.63455963134766,52.2049560546875,0.18744826263709144,7,,,,,,,,,,,,0.0,,stop_at_intersection,LANE_KEEP,,,0,,,0,0,0,,,,,,,,True,-0.3082223347645025,3.499999999501254,1.07,0.10107084217565623,False,0,694,0.0
694,43.175920596,-107.63491821289062,52.1956672668457,0.184732798047506,7,,,,,,,,,,,,0.0,,stop_at_intersection,LANE_KEEP,,,0,,,0,0,0,,,,,,,,True,-0.3086850108725736,3.4999999995012536,1.07,0.10060816606731252,False,0,695,0.0
695,43.225920597,-107.63526153564453,52.18696212768555,0.1673762466901551,7,,,,,,,,,,,,0.0,,stop_at_intersection,LANE_KEEP,,,0,,,0,0,0,,,,,,,,True,-0.3091258870908797,3.499999999501268,1.07,0.10016728984901971,False,0,696,0.0
696,43.275920598,-107.63558197021484,52.178646087646484,0.16574226743340997,7,,,,,,,,,,,,0.0,,stop_at_intersection,LANE_KEEP,,,0,,,0,0,0,,,,,,,,True,-0.30953951519037465,3.499999999501284,1.07,0.09975366174944847,False,0,697,0.0
697,43.325920598,-107.63587951660156,52.17085266113281,0.1494127957421925,7,,,,,,,,,,,,0.0,,stop_at_intersection,LANE_KEEP,,,0,,,0,0,0,,,3313.6969267901345,55.252872555347295,0.0,6.773322937684206e-32,43.978288987362795,True,-0.30992439862184507,3.4999999995012385,1.07,0.09936877831826144,False,0,698,0.0
698,43.375920599,-107.63616943359375,52.16340637207031,0.14874667701697875,7,,,,,,,,,,,,0.0,,stop_at_intersection,LANE_KEEP,,,0,,,0,0,0,,,,,,,,True,-0.31029776210860915,3.4999999995012683,1.07,0.0989954148312108,False,0,699,0.0
699,43.4259206,-107.63644409179688,52.15643310546875,0.1333367965780464,7,,,,,,,,,,,,0.0,,stop_at_intersection,LANE_KEEP,,,0,,,0,0,0,,,,,,,,True,-0.3106505657037605,3.499999999501268,1.07,0.09864261123609044,False,0,700,0.0
700,43.4759206,-107.6366958618164,52.14976501464844,0.13353694275871864,7,,,,,,,,,,,,0.0,,stop_at_intersection,LANE_KEEP,,,0,,,0,0,0,,,,,,,,True,-0.3109770618687759,3.499999999501268,1.07,0.09831611507139618,False,0,701,0.0
701,43.525920601,-107.6369400024414,52.14353561401367,0.11894894546836499,7,,,,,,,,,,,,0.0,,stop_at_intersection,LANE_KEEP,,,0,,,0,0,0,,,,,,,,True,-0.3112910118835975,3.4999999995012385,1.07,0.09800216505619344,False,0,702,0.0
702,43.575920602,-107.63717651367188,52.13755798339844,0.11992510735886458,7,,,,,,,,,,,,0.0,,stop_at_intersection,LANE_KEEP,,,0,,,0,0,0,,,,,,,,True,-0.31159451091889934,3.4999999995012536,1.07,0.09769866602122171,False,0,703,0.0
703,43.625920603,-107.63739013671875,52.13198471069336,0.10607352936691539,7,,,,,,,,,,,,0.0,,stop_at_intersection,LANE_KEEP,,,0,,,0,0,0,,,,,,,,True,-0.31187059080056867,3.499999999501268,1.07,0.09742258613924318,False,0,704,0.0
704,43.675920603,-107.63758850097656,52.126644134521484,0.10774325857955841,7,,,,,,,,,,,,0.0,,stop_at_intersection,LANE_KEEP,,,0,,,0,0,0,,,,,,,,True,-0.31212880457992853,3.4999999995012683,1.07,0.09716437235986733,False,0,705,0.0
705,43.725920604,-107.63777923583984,52.12165832519531,0.09455021009713144,7,,,,,,,,,,,,0.0,,stop_at_intersection,LANE_KEEP,,,0,,,0,0,0,,,,,,,,True,-0.3123754128977462,3.4999999995012825,1.07,0.09691776404172683,False,0,706,0.0
706,43.775920605,-107.63783264160156,52.12049865722656,0.00013237489791096866,7,,,,,,,,,,,,0.0,,stop_at_intersection,LANE_KEEP,,,0,,,0,0,0,,,,,,,,True,-0.312441813906786,3.499999999501267,1.07,0.09684466959511875,False,0,707,0.0
707,43.825920606,-107.63783264160156,52.120506286621094,1.2959055413762275e-06,7,,,,,,,,,,,,0.0,,stop_at_intersection,LANE_KEEP,,,0,,,0,0,0,,,,,,,,True,-0.31244172838967993,3.499999999501267,1.07,0.09684475511226279,False,0,708,0.0
708,43.875920606,-107.63783264160156,52.12049865722656,4.629199160330004e-05,7,,,,,,,,,,,,0.0,,stop_at_intersection,LANE_KEEP,,,0,,,0,0,0,,,,,,,,True,-0.3124418139067731,3.4999999995012683,1.07,0.09684466959514362,False,0,709,0.0
709,43.925920607,-107.63783264160156,52.1204833984375,5.45957600791441e-05,7,,,,,,,,,,,,0.0,,stop_at_intersection,LANE_KEEP,,,0,,,0,0,0,,,,,,,,True,-0.31244198494074227,3.4999999995012527,1.07,0.09684449856091928,False,0,710,0.0
710,43.975920608,-107.63783264160156,52.1204719543457,4.91635309202436e-05,7,,,,,,,,,,,,0.0,,stop_at_intersection,LANE_KEEP,,,0,,,0,0,0,,,,,,,,True,-0.31244211321669924,3.4999999995012825,1.07,0.09684437028521856,False,0,711,0.0
711,44.025920609,-107.63783264160156,52.12045669555664,4.0001592279488975e-05,7,,,,,,,,,,,,0.0,,stop_at_intersection,LANE_KEEP,,,0,,,0,0,0,,,,,,,,True,-0.3124422842512429,3.499999999501268,1.07,0.09684419925096491,False,0,712,0.0
712,44.075920609,-107.63783264160156,52.12044906616211,3.085928377497209e-05,7,,,,,,,,,,,,0.0,,stop_at_intersection,LANE_KEEP,,,0,,,0,0,0,,,,,,,,True,-0.31244236976807205,3.4999999995012385,1.07,0.09684411373384397,False,0,713,0.0
713,44.12592061,-107.63783264160156,52.12044143676758,2.31244144649043e-05,7,,,,,,,,,,,,0.0,,stop_at_intersection,LANE_KEEP,,,0,,,0,0,0,,,,,,,,True,-0.3124424552851727,3.499999999501268,1.07,0.09684402821674301,False,0,714,0.0
714,44.175920611,-107.63783264160156,52.12044143676758,0.0,7,,,,,,,,,,,,0.0,,stop_at_intersection,LANE_KEEP,,,0,,,0,0,0,,,,,,,,True,-0.3124424552851727,3.499999999501268,1.07,0.09684402821674301,False,0,715,0.0
715,44.225920612,-107.63783264160156,52.12044143676758,0.0,7,,,,,,,,,,,,0.0,,stop_at_intersection,LANE_KEEP,,,0,,,0,0,0,,,,,,,,True,-0.3124424552851727,3.499999999501268,1.07,0.09684402821674301,False,0,716,0.0
716,44.275920612,-107.63783264160156,52.12044143676758,0.0,7,,,,,,,,,,,,0.0,,stop_at_intersection,LANE_KEEP,,,0,,,0,0,0,,,,,,,,True,-0.3124424552851727,3.499999999501268,1.07,0.09684402821674301,False,0,717,0.0
717,44.325920613,-107.63783264160156,52.12044143676758,0.0,7,,,,,,,,,,,,0.0,,stop_at_intersection,LANE_KEEP,,,0,,,0,0,0,,,,,,,,True,-0.3124424552851727,3.499999999501268,1.07,0.09684402821674301,False,0,718,0.0
718,44.375920614,-107.63783264160156,52.12044143676758,0.0,7,,,,,,,,,,,,0.0,,stop_at_intersection,LANE_KEEP,,,0,,,0,0,0,,,,,,,,True,-0.3124424552851727,3.499999999501268,1.07,0.09684402821674301,False,0,719,0.0
719,44.425920615,-107.63783264160156,52.12044143676758,0.0,7,,,,,,,,,,,,0.0,,stop_at_intersection,LANE_KEEP,,,0,,,0,0,0,,,,,,,,True,-0.3124424552851727,3.499999999501268,1.07,0.09684402821674301,False,0,720,0.0
720,44.475920615,-107.63783264160156,52.12044143676758,0.0,7,,,,,,,,,,,,0.0,,stop_at_intersection,LANE_KEEP,,,0,,,0,0,0,,,,,,,,True,-0.3124424552851727,3.499999999501268,1.07,0.09684402821674301,False,0,721,0.0
721,44.525920616,-107.63783264160156,52.12044143676758,0.0,7,,,,,,,,,,,,0.0,,stop_at_intersection,LANE_KEEP,,,0,,,0,0,0,,,,,,,,True,-0.3124424552851727,3.499999999501268,1.07,0.09684402821674301,False,0,722,0.0
722,44.575920617,-107.63783264160156,52.12044143676758,0.0,7,,,,,,,,,,,,0.0,,stop_at_intersection,LANE_KEEP,,,0,,,0,0,0,,,,,,,,True,-0.3124424552851727,3.499999999501268,1.07,0.09684402821674301,False,0,723,0.0
723,44.625920618,-107.63783264160156,52.12044143676758,0.0,7,,,,,,,,,,,,0.0,,stop_at_intersection,LANE_KEEP,,,0,,,0,0,0,,,,,,,,True,-0.3124424552851727,3.499999999501268,1.07,0.09684402821674301,False,0,724,0.0
724,44.675920618,-107.63783264160156,52.12044143676758,0.0,8,,,,,,,,,,,,0.0,,stop_at_intersection,LANE_KEEP,,,0,,,0,0,0,,,,,,,,True,-0.3124424552851727,3.499999999501268,1.07,0.09684402821674301,False,0,725,0.0
725,44.725920619,-107.63783264160156,52.12044143676758,0.0,8,,,,,,,,,,,,0.0,,stop_at_intersection,LANE_KEEP,,,0,,,0,0,0,,,,,,,,True,-0.3124424552851727,3.499999999501268,1.07,0.09684402821674301,False,0,726,0.0
726,44.77592062,-107.63783264160156,52.12044143676758,0.0,8,,,,,,,,,,,,0.0,,stop_at_intersection,LANE_KEEP,,,0,,,0,0,0,,,,,,,,True,-0.3124424552851727,3.499999999501268,1.07,0.09684402821674301,False,0,727,0.0
727,44.825920621,-107.63783264160156,52.12044143676758,0.0,8,,,,,,,,,,,,0.0,,stop_at_intersection,LANE_KEEP,,,0,,,0,0,0,,,,,,,,True,-0.3124424552851727,3.499999999501268,1.07,0.09684402821674301,False,0,728,0.0
728,44.875920621,-107.63783264160156,52.12044143676758,0.0,9,,,,,,,,,,,,0.0,,stop_at_intersection,LANE_KEEP,,,0,,,0,0,0,,,,,,,,True,-0.3124424552851727,3.499999999501268,1.07,0.09684402821674301,False,0,729,0.0
729,44.925920622,-107.63783264160156,52.12044143676758,0.0,9,,,,,,,,,,,,0.0,,stop_at_intersection,LANE_KEEP,,,0,,,0,0,0,,,,,,,,True,-0.3124424552851727,3.499999999501268,1.07,0.09684402821674301,False,0,730,0.0
730,44.975920623,-107.63783264160156,52.12044143676758,0.0,9,,,,,,,,,,,,0.0,,stop_at_intersection,LANE_KEEP,,,0,,,0,0,0,,,,,,,,True,-0.3124424552851727,3.499999999501268,1.07,0.09684402821674301,False,0,731,0.0
731,45.025920624,-107.63783264160156,52.12044143676758,0.0,9,,,,,,,,,,,,0.0,,stop_at_intersection,LANE_KEEP,,,0,,,0,0,0,,,,,,,,True,-0.3124424552851727,3.499999999501268,1.07,0.09684402821674301,False,0,732,0.0
732,45.075920624,-107.63783264160156,52.12044143676758,0.0,9,,,,,,,,,,,,0.0,,stop_at_intersection,LANE_KEEP,,,0,,,0,0,0,,,,,,,,True,-0.3124424552851727,3.499999999501268,1.07,0.09684402821674301,False,0,733,0.0
733,45.125920625,-107.63783264160156,52.12044143676758,0.0,9,,,,,,,,,,,,0.0,,stop_at_intersection,LANE_KEEP,,,0,,,0,0,0,,,,,,,,True,-0.3124424552851727,3.499999999501268,1.07,0.09684402821674301,False,0,734,0.0
734,45.175920626,-107.63783264160156,52.12044143676758,0.0,9,,,,,,,,,,,,0.0,,stop_at_intersection,LANE_KEEP,,,0,,,0,0,0,,,,,,,,True,-0.3124424552851727,3.499999999501268,1.07,0.09684402821674301,False,0,735,0.0
735,45.225920627,-107.63783264160156,52.12044143676758,0.0,9,,,,,,,,,,,,0.0,,stop_at_intersection,LANE_KEEP,,,0,,,0,0,0,,,,,,,,True,-0.3124424552851727,3.499999999501268,1.07,0.09684402821674301,False,0,736,0.0
736,45.275920627,-107.63783264160156,52.12044143676758,0.0,9,,,,,,,,,,,,0.0,,stop_at_intersection,LANE_KEEP,,,0,,,0,0,0,,,,,,,,True,-0.3124424552851727,3.499999999501268,1.07,0.09684402821674301,False,0,737,0.0
737,45.325920628,-107.63783264160156,52.12044143676758,0.0,9,,,,,,,,,,,,0.0,,stop_at_intersection,LANE_KEEP,,,0,,,0,0,0,,,,,,,,True,-0.3124424552851727,3.499999999501268,1.07,0.09684402821674301,False,0,738,0.0
738,45.375920629,-107.63783264160156,52.12044143676758,0.0,9,,,,,,,,,,,,0.0,,stop_at_intersection,LANE_KEEP,,,0,,,0,0,0,,,,,,,,True,-0.3124424552851727,3.499999999501268,1.07,0.09684402821674301,False,0,739,0.0
739,45.42592063,-107.63783264160156,52.12044143676758,0.0,9,,,,,,,,,,,,0.0,,stop_at_intersection,LANE_KEEP,,,0,,,0,0,0,,,,,,,,True,-0.3124424552851727,3.499999999501268,1.07,0.09684402821674301,False,0,740,0.0
740,45.47592063,-107.63783264160156,52.12044143676758,0.0,9,,,,,,,,,,,,0.0,,stop_at_intersection,LANE_KEEP,,,0,,,0,0,0,,,,,,,,True,-0.3124424552851727,3.499999999501268,1.07,0.09684402821674301,False,0,741,0.0
741,45.525920631,-107.63783264160156,52.12044143676758,0.0,9,,,,,,,,,,,,0.0,,stop_at_intersection,LANE_KEEP,,,0,,,0,0,0,,,,,,,,True,-0.3124424552851727,3.499999999501268,1.07,0.09684402821674301,False,0,742,0.0
742,45.575920632,-107.63783264160156,52.12044143676758,0.0,9,,,,,,,,,,,,0.0,,stop_at_intersection,LANE_KEEP,,,0,,,0,0,0,,,,,,,,True,-0.3124424552851727,3.499999999501268,1.07,0.09684402821674301,False,0,743,0.0
743,45.625920633,-107.63783264160156,52.12044143676758,0.0,9,,,,,,,,,,,,0.0,,stop_at_intersection,LANE_KEEP,,,0,,,0,0,0,,,,,,,,True,-0.3124424552851727,3.499999999501268,1.07,0.09684402821674301,False,0,744,0.0
744,45.675920633,-107.63783264160156,52.12044143676758,0.0,10,,,,,,,,,,,,0.0,,stop_at_intersection,LANE_KEEP,,,0,,,0,0,0,,,,,,,,True,-0.3124424552851727,3.499999999501268,1.07,0.09684402821674301,False,0,745,0.0
745,45.725920634,-107.63783264160156,52.12044143676758,0.0,10,,,,,,,,,,,,0.0,,stop_at_intersection,LANE_KEEP,,,0,,,0,0,0,,,,,,,,True,-0.3124424552851727,3.499999999501268,1.07,0.09684402821674301,False,0,746,0.0
746,45.775920635,-107.63783264160156,52.12044143676758,0.0,10,,,,,,,,,,,,0.0,,stop_at_intersection,LANE_KEEP,,,0,,,0,0,0,,,,,,,,True,-0.3124424552851727,3.499999999501268,1.07,0.09684402821674301,False,0,747,0.0
747,45.825920636,-107.63783264160156,52.12044143676758,0.0,10,,,,,,,,,,,,0.0,,stop_at_intersection,LANE_KEEP,,,0,,,0,0,0,,,,,,,,True,-0.3124424552851727,3.499999999501268,1.07,0.09684402821674301,False,0,748,0.0
748,45.875920636000004,-107.63783264160156,52.12044143676758,0.0,10,,,,,,,,,,,,0.0,,stop_at_intersection,LANE_KEEP,,,0,,,0,0,0,,,,,,,,True,-0.3124424552851727,3.499999999501268,1.07,0.09684402821674301,False,0,749,0.0
749,45.925920637,-107.63783264160156,52.12044143676758,0.0,10,,,,,,,,,,,,0.0,,stop_at_intersection,LANE_KEEP,,,0,,,0,0,0,,,,,,,,True,-0.3124424552851727,3.499999999501268,1.07,0.09684402821674301,False,0,750,0.0
750,45.975920638,-107.63783264160156,52.12044143676758,0.0,10,,,,,,,,,,,,0.0,,stop_at_intersection,LANE_KEEP,,,0,,,0,0,0,,,,,,,,True,-0.3124424552851727,3.499999999501268,1.07,0.09684402821674301,False,0,751,0.0
751,46.025920638,-107.63783264160156,52.12044143676758,0.0,10,,,,,,,,,,,,0.0,,stop_at_intersection,LANE_KEEP,,,0,,,0,0,0,,,,,,,,True,-0.3124424552851727,3.499999999501268,1.07,0.09684402821674301,False,0,752,0.0
752,46.075920639,-107.63783264160156,52.12044143676758,0.0,10,,,,,,,,,,,,0.0,,stop_at_intersection,LANE_KEEP,,,0,,,0,0,0,,,,,,,,True,-0.3124424552851727,3.499999999501268,1.07,0.09684402821674301,False,0,753,0.0
753,46.12592064,-107.63783264160156,52.12044143676758,0.0,10,,,,,,,,,,,,0.0,,stop_at_intersection,LANE_KEEP,,,0,,,0,0,0,,,,,,,,True,-0.3124424552851727,3.499999999501268,1.07,0.09684402821674301,False,0,754,0.0
754,46.175920641,-107.63783264160156,52.12044143676758,0.0,10,,,,,,,,,,,,0.0,,stop_at_intersection,LANE_KEEP,,,0,,,0,0,0,,,,,,,,True,-0.3124424552851727,3.499999999501268,1.07,0.09684402821674301,False,0,755,0.0
755,46.225920641,-107.63783264160156,52.12044143676758,0.0,10,,,,,,,,,,,,0.0,,stop_at_intersection,LANE_KEEP,,,0,,,0,0,0,,,,,,,,True,-0.3124424552851727,3.499999999501268,1.07,0.09684402821674301,False,0,756,0.0
756,46.275920642,-107.63783264160156,52.12044143676758,0.0,10,,,,,,,,,,,,0.0,,stop_at_intersection,LANE_KEEP,,,0,,,0,0,0,,,,,,,,True,-0.3124424552851727,3.499999999501268,1.07,0.09684402821674301,False,0,757,0.0
757,46.325920643,-107.63783264160156,52.12044143676758,0.0,10,,,,,,,,,,,,0.0,,stop_at_intersection,LANE_KEEP,,,0,,,0,0,0,,,,,,,,True,-0.3124424552851727,3.499999999501268,1.07,0.09684402821674301,False,0,758,0.0
758,46.375920644,-107.63783264160156,52.12044143676758,0.0,10,,,,,,,,,,,,0.0,,stop_at_intersection,LANE_KEEP,,,0,,,0,0,0,,,,,,,,True,-0.3124424552851727,3.499999999501268,1.07,0.09684402821674301,False,0,759,0.0
759,46.425920644,-107.63783264160156,52.12044143676758,0.0,10,,,,,,,,,,,,0.0,,stop_at_intersection,LANE_KEEP,,,0,,,0,0,0,,,,,,,,True,-0.3124424552851727,3.499999999501268,1.07,0.09684402821674301,False,0,760,0.0
760,46.475920645,-107.63783264160156,52.12044143676758,0.0,10,,,,,,,,,,,,0.0,,stop_at_intersection,LANE_KEEP,,,0,,,0,0,0,,,,,,,,True,-0.3124424552851727,3.499999999501268,1.07,0.09684402821674301,False,0,761,0.0
761,46.525920646,-107.63783264160156,52.12044143676758,0.0,10,,,,,,,,,,,,0.0,,stop_at_intersection,LANE_KEEP,,,0,,,0,0,0,,,,,,,,True,-0.3124424552851727,3.499999999501268,1.07,0.09684402821674301,False,0,762,0.0
762,46.575920647,-107.63783264160156,52.12044143676758,0.0,10,,,,,,,,,,,,0.0,,stop_at_intersection,LANE_KEEP,,,0,,,0,0,0,,,,,,,,True,-0.3124424552851727,3.499999999501268,1.07,0.09684402821674301,False,0,763,0.0
763,46.625920647,-107.63783264160156,52.12044143676758,0.0,10,,,,,,,,,,,,0.0,,stop_at_intersection,LANE_KEEP,,,0,,,0,0,0,,,,,,,,True,-0.3124424552851727,3.499999999501268,1.07,0.09684402821674301,False,0,764,0.0
764,46.675920648,-107.63783264160156,52.12044143676758,0.0,10,,,,,,,,,,,,0.0,,stop_at_intersection,LANE_KEEP,,,0,,,0,0,0,,,,,,,,True,-0.3124424552851727,3.499999999501268,1.07,0.09684402821674301,False,0,765,0.0
765,46.725920649,-107.63783264160156,52.12044143676758,0.0,10,,,,,,,,,,,,0.0,,stop_at_intersection,LANE_KEEP,,,0,,,0,0,0,,,,,,,,True,-0.3124424552851727,3.499999999501268,1.07,0.09684402821674301,False,0,766,0.0
766,46.77592065,-107.63783264160156,52.12044143676758,0.0,10,,,,,,,,,,,,0.0,,stop_at_intersection,LANE_KEEP,,,0,,,0,0,0,,,,,,,,True,-0.3124424552851727,3.499999999501268,1.07,0.09684402821674301,False,0,767,0.0
767,46.82592065,-107.63783264160156,52.12044143676758,0.0,10,,,,,,,,,,,,0.0,,stop_at_intersection,LANE_KEEP,,,0,,,0,0,0,,,,,,,,True,-0.3124424552851727,3.499999999501268,1.07,0.09684402821674301,False,0,768,0.0
768,46.875920651,-107.63783264160156,52.12044143676758,0.0,10,,,,,,,,,,,,0.0,,stop_at_intersection,LANE_KEEP,,,0,,,0,0,0,,,,,,,,True,-0.3124424552851727,3.499999999501268,1.07,0.09684402821674301,False,0,769,0.0
769,46.925920652,-107.63783264160156,52.12044143676758,0.0,10,,,,,,,,,,,,0.0,,stop_at_intersection,LANE_KEEP,,,0,,,0,0,0,,,,,,,,True,-0.3124424552851727,3.499999999501268,1.07,0.09684402821674301,False,0,770,0.0
770,46.975920653,-107.63783264160156,52.12044143676758,0.0,10,,,,,,,,,,,,0.0,,stop_at_intersection,LANE_KEEP,,,0,,,0,0,0,,,,,,,,True,-0.3124424552851727,3.499999999501268,1.07,0.09684402821674301,False,0,771,0.0
771,47.025920653,-107.63783264160156,52.12044143676758,0.0,10,,,,,,,,,,,,0.0,,stop_at_intersection,LANE_KEEP,,,0,,,0,0,0,,,,,,,,True,-0.3124424552851727,3.499999999501268,1.07,0.09684402821674301,False,0,772,0.0
772,47.075920654,-107.63783264160156,52.12044143676758,0.0,10,,,,,,,,,,,,0.0,,stop_at_intersection,LANE_KEEP,,,0,,,0,0,0,,,,,,,,True,-0.3124424552851727,3.499999999501268,1.07,0.09684402821674301,False,0,773,0.0
773,47.125920655,-107.63783264160156,52.12044143676758,0.0,10,,,,,,,,,,,,0.0,,stop_at_intersection,LANE_KEEP,,,0,,,0,0,0,,,,,,,,True,-0.3124424552851727,3.499999999501268,1.07,0.09684402821674301,False,0,774,0.0
774,47.175920656,-107.63783264160156,52.12044143676758,0.0,10,,,,,,,,,,,,0.0,,stop_at_intersection,LANE_KEEP,,,0,,,0,0,0,,,,,,,,True,-0.3124424552851727,3.499999999501268,1.07,0.09684402821674301,False,0,775,0.0
775,47.225920656,-107.63783264160156,52.12044143676758,0.0,10,,,,,,,,,,,,0.0,,stop_at_intersection,LANE_KEEP,,,0,,,0,0,0,,,,,,,,True,-0.3124424552851727,3.499999999501268,1.07,0.09684402821674301,False,0,776,0.0
776,47.275920657,-107.63783264160156,52.12044143676758,0.0,10,,,,,,,,,,,,0.0,,stop_at_intersection,LANE_KEEP,,,0,,,0,0,0,,,,,,,,True,-0.3124424552851727,3.499999999501268,1.07,0.09684402821674301,False,0,777,0.0
777,47.325920658,-107.63783264160156,52.12044143676758,0.0,10,,,,,,,,,,,,0.0,,stop_at_intersection,LANE_KEEP,,,0,,,0,0,0,,,,,,,,True,-0.3124424552851727,3.499999999501268,1.07,0.09684402821674301,False,0,778,0.0
778,47.375920659,-107.63783264160156,52.12044143676758,0.0,10,,,,,,,,,,,,0.0,,stop_at_intersection,LANE_KEEP,,,0,,,0,0,0,,,,,,,,True,-0.3124424552851727,3.499999999501268,1.07,0.09684402821674301,False,0,779,0.0
779,47.425920659,-107.63783264160156,52.12044143676758,0.0,10,,,,,,,,,,,,0.0,,stop_at_intersection,LANE_KEEP,,,0,,,0,0,0,,,,,,,,True,-0.3124424552851727,3.499999999501268,1.07,0.09684402821674301,False,0,780,0.0
780,47.47592066,-107.63783264160156,52.12044143676758,0.0,10,,,,,,,,,,,,0.0,,stop_at_intersection,LANE_KEEP,,,0,,,0,0,0,,,,,,,,True,-0.3124424552851727,3.499999999501268,1.07,0.09684402821674301,False,0,781,0.0
781,47.525920661,-107.63783264160156,52.12044143676758,0.0,10,,,,,,,,,,,,0.0,,stop_at_intersection,LANE_KEEP,,,0,,,0,0,0,,,,,,,,True,-0.3124424552851727,3.499999999501268,1.07,0.09684402821674301,False,0,782,0.0
782,47.575920662,-107.63783264160156,52.12044143676758,0.0,10,,,,,,,,,,,,0.0,,stop_at_intersection,LANE_KEEP,,,0,,,0,0,0,,,,,,,,True,-0.3124424552851727,3.499999999501268,1.07,0.09684402821674301,False,0,783,0.0
783,47.625920662,-107.63783264160156,52.12044143676758,0.0,10,,,,,,,,,,,,0.0,,stop_at_intersection,LANE_KEEP,,,0,,,0,0,0,,,,,,,,True,-0.3124424552851727,3.499999999501268,1.07,0.09684402821674301,False,0,784,0.0
784,47.675920663,-107.63783264160156,52.12044143676758,0.0,10,,,,,,,,,,,,0.0,,stop_at_intersection,LANE_KEEP,,,0,,,0,0,0,,,,,,,,True,-0.3124424552851727,3.499999999501268,1.07,0.09684402821674301,False,0,785,0.0
785,47.725920664,-107.63783264160156,52.12044143676758,0.0,10,,,,,,,,,,,,0.0,,stop_at_intersection,LANE_KEEP,,,0,,,0,0,0,,,,,,,,True,-0.3124424552851727,3.499999999501268,1.07,0.09684402821674301,False,0,786,0.0
786,47.775920665,-107.63783264160156,52.12044143676758,0.0,10,,,,,,,,,,,,0.0,,stop_at_intersection,LANE_KEEP,,,0,,,0,0,0,,,,,,,,True,-0.3124424552851727,3.499999999501268,1.07,0.09684402821674301,False,0,787,0.0
787,47.825920665,-107.63783264160156,52.12044143676758,0.0,10,,,,,,,,,,,,0.0,,stop_at_intersection,LANE_KEEP,,,0,,,0,0,0,,,,,,,,True,-0.3124424552851727,3.499999999501268,1.07,0.09684402821674301,False,0,788,0.0
788,47.875920666,-107.63783264160156,52.12044143676758,0.0,10,,,,,,,,,,,,0.0,,stop_at_intersection,LANE_KEEP,,,0,,,0,0,0,,,,,,,,True,-0.3124424552851727,3.499999999501268,1.07,0.09684402821674301,False,0,789,0.0
789,47.925920667,-107.63783264160156,52.12044143676758,0.0,10,,,,,,,,,,,,0.0,,stop_at_intersection,LANE_KEEP,,,0,,,0,0,0,,,,,,,,True,-0.3124424552851727,3.499999999501268,1.07,0.09684402821674301,False,0,790,0.0
790,47.975920668,-107.63783264160156,52.12044143676758,0.0,10,,,,,,,,,,,,0.0,,stop_at_intersection,LANE_KEEP,,,0,,,0,0,0,,,,,,,,True,-0.3124424552851727,3.499999999501268,1.07,0.09684402821674301,False,0,791,0.0
791,48.025920668,-107.63783264160156,52.12044143676758,0.0,10,,,,,,,,,,,,0.0,,stop_at_intersection,LANE_KEEP,,,0,,,0,0,0,,,,,,,,True,-0.3124424552851727,3.499999999501268,1.07,0.09684402821674301,False,0,792,0.0
792,48.075920669,-107.63783264160156,52.12044143676758,0.0,10,,,,,,,,,,,,0.0,,stop_at_intersection,LANE_KEEP,,,0,,,0,0,0,,,,,,,,True,-0.3124424552851727,3.499999999501268,1.07,0.09684402821674301,False,0,793,0.0
793,48.12592067,-107.63783264160156,52.12044143676758,0.0,10,,,,,,,,,,,,0.0,,stop_at_intersection,LANE_KEEP,,,0,,,0,0,0,,,,,,,,True,-0.3124424552851727,3.499999999501268,1.07,0.09684402821674301,False,0,794,0.0
794,48.175920671,-107.63783264160156,52.12044143676758,0.0,10,,,,,,,,,,,,0.0,,stop_at_intersection,LANE_KEEP,,,0,,,0,0,0,,,,,,,,True,-0.3124424552851727,3.499999999501268,1.07,0.09684402821674301,False,0,795,0.0
795,48.225920671,-107.63783264160156,52.12044143676758,0.0,10,,,,,,,,,,,,0.0,,stop_at_intersection,LANE_KEEP,,,0,,,0,0,0,,,,,,,,True,-0.3124424552851727,3.499999999501268,1.07,0.09684402821674301,False,0,796,0.0
796,48.275920672,-107.63783264160156,52.12044143676758,0.0,10,,,,,,,,,,,,0.0,,stop_at_intersection,LANE_KEEP,,,0,,,0,0,0,,,,,,,,True,-0.3124424552851727,3.499999999501268,1.07,0.09684402821674301,False,0,797,0.0
797,48.325920673,-107.63783264160156,52.12044143676758,0.0,10,,,,,,,,,,,,0.0,,stop_at_intersection,LANE_KEEP,,,0,,,0,0,0,,,,,,,,True,-0.3124424552851727,3.499999999501268,1.07,0.09684402821674301,False,0,798,0.0
798,48.375920673,-107.63783264160156,52.12044143676758,0.0,10,,,,,,,,,,,,0.0,,stop_at_intersection,LANE_KEEP,,,0,,,0,0,0,,,,,,,,True,-0.3124424552851727,3.499999999501268,1.07,0.09684402821674301,False,0,799,0.0
799,48.425920674,-107.63783264160156,52.12044143676758,0.0,10,,,,,,,,,,,,0.0,,stop_at_intersection,LANE_KEEP,,,0,,,0,0,0,,,,,,,,True,-0.3124424552851727,3.499999999501268,1.07,0.09684402821674301,False,0,800,0.0
800,48.475920675,-107.63783264160156,52.12044143676758,0.0,10,,,,,,,,,,,,0.0,,stop_at_intersection,LANE_KEEP,,,0,,,0,0,0,,,,,,,,True,-0.3124424552851727,3.499999999501268,1.07,0.09684402821674301,False,0,801,0.0
801,48.525920676,-107.63783264160156,52.12044143676758,0.0,10,,,,,,,,,,,,0.0,,stop_at_intersection,LANE_KEEP,,,0,,,0,0,0,,,,,,,,True,-0.3124424552851727,3.499999999501268,1.07,0.09684402821674301,False,0,802,0.0
802,48.575920676,-107.63783264160156,52.12044143676758,0.0,10,,,,,,,,,,,,0.0,,stop_at_intersection,LANE_KEEP,,,0,,,0,0,0,,,,,,,,True,-0.3124424552851727,3.499999999501268,1.07,0.09684402821674301,False,0,803,0.0
803,48.625920677,-107.63783264160156,52.12044143676758,0.0,10,,,,,,,,,,,,0.0,,stop_at_intersection,LANE_KEEP,,,0,,,0,0,0,,,,,,,,True,-0.3124424552851727,3.499999999501268,1.07,0.09684402821674301,False,0,804,0.0
804,48.675920678,-107.63783264160156,52.12044143676758,0.0,10,,,,,,,,,,,,0.0,,stop_at_intersection,LANE_KEEP,,,0,,,0,0,0,,,,,,,,True,-0.3124424552851727,3.499999999501268,1.07,0.09684402821674301,False,0,805,0.0
805,48.725920679,-107.63783264160156,52.12044143676758,0.0,10,,,,,,,,,,,,0.0,,stop_at_intersection,LANE_KEEP,,,0,,,0,0,0,,,,,,,,True,-0.3124424552851727,3.499999999501268,1.07,0.09684402821674301,False,0,806,0.0
806,48.775920679,-107.63783264160156,52.12044143676758,0.0,10,,,,,,,,,,,,0.0,,stop_at_intersection,LANE_KEEP,,,0,,,0,0,0,,,,,,,,True,-0.3124424552851727,3.499999999501268,1.07,0.09684402821674301,False,0,807,0.0
807,48.82592068,-107.63783264160156,52.12044143676758,0.0,10,,,,,,,,,,,,0.0,,stop_at_intersection,LANE_KEEP,,,0,,,0,0,0,,,,,,,,True,-0.3124424552851727,3.499999999501268,1.07,0.09684402821674301,False,0,808,0.0
808,48.875920681,-107.63783264160156,52.12044143676758,0.0,10,,,,,,,,,,,,0.0,,stop_at_intersection,LANE_KEEP,,,0,,,0,0,0,,,,,,,,True,-0.3124424552851727,3.499999999501268,1.07,0.09684402821674301,False,0,809,0.0
809,48.925920682,-107.63783264160156,52.12044143676758,0.0,10,,,,,,,,,,,,0.0,,stop_at_intersection,LANE_KEEP,,,0,,,0,0,0,,,,,,,,True,-0.3124424552851727,3.499999999501268,1.07,0.09684402821674301,False,0,810,0.0
810,48.975920682,-107.63783264160156,52.12044143676758,0.0,10,,,,,,,,,,,,0.0,,stop_at_intersection,LANE_KEEP,,,0,,,0,0,0,,,,,,,,True,-0.3124424552851727,3.499999999501268,1.07,0.09684402821674301,False,0,811,0.0
811,49.025920683,-107.63783264160156,52.12044143676758,0.0,10,,,,,,,,,,,,0.0,,stop_at_intersection,LANE_KEEP,,,0,,,0,0,0,,,,,,,,True,-0.3124424552851727,3.499999999501268,1.07,0.09684402821674301,False,0,812,0.0
812,49.075920684,-107.63783264160156,52.12044143676758,0.0,10,,,,,,,,,,,,0.0,,stop_at_intersection,LANE_KEEP,,,0,,,0,0,0,,,,,,,,True,-0.3124424552851727,3.499999999501268,1.07,0.09684402821674301,False,0,813,0.0
813,49.125920685,-107.63783264160156,52.12044143676758,0.0,10,,,,,,,,,,,,0.0,,stop_at_intersection,LANE_KEEP,,,0,,,0,0,0,,,,,,,,True,-0.3124424552851727,3.499999999501268,1.07,0.09684402821674301,False,0,814,0.0
814,49.175920685,-107.63783264160156,52.12044143676758,0.0,10,,,,,,,,,,,,0.0,,stop_at_intersection,LANE_KEEP,,,0,,,0,0,0,,,,,,,,True,-0.3124424552851727,3.499999999501268,1.07,0.09684402821674301,False,0,815,0.0
815,49.225920686,-107.63783264160156,52.12044143676758,0.0,10,,,,,,,,,,,,0.0,,stop_at_intersection,LANE_KEEP,,,0,,,0,0,0,,,,,,,,True,-0.3124424552851727,3.499999999501268,1.07,0.09684402821674301,False,0,816,0.0
816,49.275920687,-107.63783264160156,52.12044143676758,0.0,10,,,,,,,,,,,,0.0,,stop_at_intersection,LANE_KEEP,,,0,,,0,0,0,,,,,,,,True,-0.3124424552851727,3.499999999501268,1.07,0.09684402821674301,False,0,817,0.0
817,49.325920688,-107.63783264160156,52.12044143676758,0.0,10,,,,,,,,,,,,0.0,,stop_at_intersection,LANE_KEEP,,,0,,,0,0,0,,,,,,,,True,-0.3124424552851727,3.499999999501268,1.07,0.09684402821674301,False,0,818,0.0
818,49.375920688,-107.63783264160156,52.12044143676758,0.0,10,,,,,,,,,,,,0.0,,stop_at_intersection,LANE_KEEP,,,0,,,0,0,0,,,,,,,,True,-0.3124424552851727,3.499999999501268,1.07,0.09684402821674301,False,0,819,0.0
819,49.425920689,-107.63783264160156,52.12044143676758,0.0,10,,,,,,,,,,,,0.0,,stop_at_intersection,LANE_KEEP,,,0,,,0,0,0,,,,,,,,True,-0.3124424552851727,3.499999999501268,1.07,0.09684402821674301,False,0,820,0.0
820,49.47592069,-107.63783264160156,52.12044143676758,0.0,10,,,,,,,,,,,,0.0,,stop_at_intersection,LANE_KEEP,,,0,,,0,0,0,,,,,,,,True,-0.3124424552851727,3.499999999501268,1.07,0.09684402821674301,False,0,821,0.0
821,49.525920691,-107.63783264160156,52.12044143676758,0.0,10,,,,,,,,,,,,0.0,,stop_at_intersection,LANE_KEEP,,,0,,,0,0,0,,,,,,,,True,-0.3124424552851727,3.499999999501268,1.07,0.09684402821674301,False,0,822,0.0
822,49.575920691,-107.63783264160156,52.12044143676758,0.0,10,,,,,,,,,,,,0.0,,stop_at_intersection,LANE_KEEP,,,0,,,0,0,0,,,,,,,,True,-0.3124424552851727,3.499999999501268,1.07,0.09684402821674301,False,0,823,0.0
823,49.625920692,-107.63783264160156,52.12044143676758,0.0,10,,,,,,,,,,,,0.0,,stop_at_intersection,LANE_KEEP,,,0,,,0,0,0,,,,,,,,True,-0.3124424552851727,3.499999999501268,1.07,0.09684402821674301,False,0,824,0.0
824,49.675920693,-107.63783264160156,52.12044143676758,0.0,10,,,,,,,,,,,,0.0,,stop_at_intersection,LANE_KEEP,,,0,,,0,0,0,,,,,,,,True,-0.3124424552851727,3.499999999501268,1.07,0.09684402821674301,False,0,825,0.0
825,49.725920694,-107.63783264160156,52.12044143676758,0.0,10,,,,,,,,,,,,0.0,,stop_at_intersection,LANE_KEEP,,,0,,,0,0,0,,,,,,,,True,-0.3124424552851727,3.499999999501268,1.07,0.09684402821674301,False,0,826,0.0
826,49.775920694,-107.63783264160156,52.12044143676758,0.0,10,,,,,,,,,,,,0.0,,stop_at_intersection,LANE_KEEP,,,0,,,0,0,0,,,,,,,,True,-0.3124424552851727,3.499999999501268,1.07,0.09684402821674301,False,0,827,0.0
827,49.825920695,-107.63783264160156,52.12044143676758,0.0,10,,,,,,,,,,,,0.0,,stop_at_intersection,LANE_KEEP,,,0,,,0,0,0,,,,,,,,True,-0.3124424552851727,3.499999999501268,1.07,0.09684402821674301,False,0,828,0.0
828,49.875920696,-107.63783264160156,52.12044143676758,0.0,10,,,,,,,,,,,,0.0,,stop_at_intersection,LANE_KEEP,,,0,,,0,0,0,,,,,,,,True,-0.3124424552851727,3.499999999501268,1.07,0.09684402821674301,False,0,829,0.0
829,49.925920697,-107.63783264160156,52.12044143676758,0.0,10,,,,,,,,,,,,0.0,,stop_at_intersection,LANE_KEEP,,,0,,,0,0,0,,,,,,,,True,-0.3124424552851727,3.499999999501268,1.07,0.09684402821674301,False,0,830,0.0
830,49.975920697,-107.63783264160156,52.12044143676758,0.0,10,,,,,,,,,,,,0.0,,stop_at_intersection,LANE_KEEP,,,0,,,0,0,0,,,,,,,,True,-0.3124424552851727,3.499999999501268,1.07,0.09684402821674301,False,0,831,0.0
831,50.025920698,-107.63783264160156,52.12044143676758,0.0,10,,,,,,,,,,,,0.0,,stop_at_intersection,LANE_KEEP,,,0,,,0,0,0,,,,,,,,True,-0.3124424552851727,3.499999999501268,1.07,0.09684402821674301,False,0,832,0.0
832,50.075920699,-107.63783264160156,52.12044143676758,0.0,10,,,,,,,,,,,,0.0,,stop_at_intersection,LANE_KEEP,,,0,,,0,0,0,,,,,,,,True,-0.3124424552851727,3.499999999501268,1.07,0.09684402821674301,False,0,833,0.0
833,50.1259207,-107.63783264160156,52.12044143676758,0.0,10,,,,,,,,,,,,0.0,,stop_at_intersection,LANE_KEEP,,,0,,,0,0,0,,,,,,,,True,-0.3124424552851727,3.499999999501268,1.07,0.09684402821674301,False,0,834,0.0
834,50.1759207,-107.63783264160156,52.12044143676758,0.0,10,,,,,,,,,,,,0.0,,stop_at_intersection,LANE_KEEP,,,0,,,0,0,0,,,,,,,,True,-0.3124424552851727,3.499999999501268,1.07,0.09684402821674301,False,0,835,0.0
835,50.225920701,-107.63783264160156,52.12044143676758,0.0,10,,,,,,,,,,,,0.0,,stop_at_intersection,LANE_KEEP,,,0,,,0,0,0,,,,,,,,True,-0.3124424552851727,3.499999999501268,1.07,0.09684402821674301,False,0,836,0.0
836,50.275920702,-107.63783264160156,52.12044143676758,0.0,10,,,,,,,,,,,,0.0,,stop_at_intersection,LANE_KEEP,,,0,,,0,0,0,,,,,,,,True,-0.3124424552851727,3.499999999501268,1.07,0.09684402821674301,False,0,837,0.0
837,50.325920703,-107.63783264160156,52.12044143676758,0.0,10,,,,,,,,,,,,0.0,,stop_at_intersection,LANE_KEEP,,,0,,,0,0,0,,,,,,,,True,-0.3124424552851727,3.499999999501268,1.07,0.09684402821674301,False,0,838,0.0
838,50.375920703,-107.63783264160156,52.12044143676758,0.0,10,,,,,,,,,,,,0.0,,stop_at_intersection,LANE_KEEP,,,0,,,0,0,0,,,,,,,,True,-0.3124424552851727,3.499999999501268,1.07,0.09684402821674301,False,0,839,0.0
839,50.425920704,-107.63783264160156,52.12044143676758,0.0,10,,,,,,,,,,,,0.0,,stop_at_intersection,LANE_KEEP,,,0,,,0,0,0,,,,,,,,True,-0.3124424552851727,3.499999999501268,1.07,0.09684402821674301,False,0,840,0.0
840,50.475920705,-107.63783264160156,52.12044143676758,0.0,10,,,,,,,,,,,,0.0,,stop_at_intersection,LANE_KEEP,,,0,,,0,0,0,,,,,,,,True,-0.3124424552851727,3.499999999501268,1.07,0.09684402821674301,False,0,841,0.0
841,50.525920706,-107.63783264160156,52.12044143676758,0.0,10,,,,,,,,,,,,0.0,,stop_at_intersection,LANE_KEEP,,,0,,,0,0,0,,,,,,,,True,-0.3124424552851727,3.499999999501268,1.07,0.09684402821674301,False,0,842,0.0
842,50.575920706,-107.63783264160156,52.12044143676758,0.0,10,,,,,,,,,,,,0.0,,stop_at_intersection,LANE_KEEP,,,0,,,0,0,0,,,,,,,,True,-0.3124424552851727,3.499999999501268,1.07,0.09684402821674301,False,0,843,0.0
843,50.625920707,-107.63783264160156,52.12044143676758,0.0,10,,,,,,,,,,,,0.0,,stop_at_intersection,LANE_KEEP,,,0,,,0,0,0,,,,,,,,True,-0.3124424552851727,3.499999999501268,1.07,0.09684402821674301,False,0,844,0.0
844,50.675920708,-107.63783264160156,52.12044143676758,0.0,10,,,,,,,,,,,,0.0,,stop_at_intersection,LANE_KEEP,,,0,,,0,0,0,,,,,,,,True,-0.3124424552851727,3.499999999501268,1.07,0.09684402821674301,False,0,845,0.0
845,50.725920709,-107.63783264160156,52.12044143676758,0.0,10,,,,,,,,,,,,0.0,,stop_at_intersection,LANE_KEEP,,,0,,,0,0,0,,,,,,,,True,-0.3124424552851727,3.499999999501268,1.07,0.09684402821674301,False,0,846,0.0
846,50.775920709,-107.63783264160156,52.12044143676758,0.0,10,,,,,,,,,,,,0.0,,stop_at_intersection,LANE_KEEP,,,0,,,0,0,0,,,,,,,,True,-0.3124424552851727,3.499999999501268,1.07,0.09684402821674301,False,0,847,0.0
847,50.82592071,-107.63783264160156,52.12044143676758,0.0,10,,,,,,,,,,,,0.0,,stop_at_intersection,LANE_KEEP,,,0,,,0,0,0,,,,,,,,True,-0.3124424552851727,3.499999999501268,1.07,0.09684402821674301,False,0,848,0.0
848,50.875920711,-107.63783264160156,52.12044143676758,0.0,10,,,,,,,,,,,,0.0,,stop_at_intersection,LANE_KEEP,,,0,,,0,0,0,,,,,,,,True,-0.3124424552851727,3.499999999501268,1.07,0.09684402821674301,False,0,849,0.0
849,50.925920711,-107.63783264160156,52.12044143676758,0.0,10,,,,,,,,,,,,0.0,,stop_at_intersection,LANE_KEEP,,,0,,,0,0,0,,,,,,,,True,-0.3124424552851727,3.499999999501268,1.07,0.09684402821674301,False,0,850,0.0
850,50.975920712,-107.63783264160156,52.12044143676758,0.0,10,,,,,,,,,,,,0.0,,stop_at_intersection,LANE_KEEP,,,0,,,0,0,0,,,,,,,,True,-0.3124424552851727,3.499999999501268,1.07,0.09684402821674301,False,0,851,0.0
851,51.025920713,-107.63783264160156,52.12044143676758,0.0,10,,,,,,,,,,,,0.0,,stop_at_intersection,LANE_KEEP,,,0,,,0,0,0,,,,,,,,True,-0.3124424552851727,3.499999999501268,1.07,0.09684402821674301,False,0,852,0.0
852,51.075920714,-107.63783264160156,52.12044143676758,0.0,10,,,,,,,,,,,,0.0,,stop_at_intersection,LANE_KEEP,,,0,,,0,0,0,,,,,,,,True,-0.3124424552851727,3.499999999501268,1.07,0.09684402821674301,False,0,853,0.0
853,51.125920714,-107.63783264160156,52.12044143676758,0.0,11,,,,,,,,,,,,0.0,,stop_at_intersection,LANE_KEEP,,,0,,,0,0,0,,,,,,,,True,-0.3124424552851727,3.499999999501268,1.07,0.09684402821674301,False,0,854,0.0
854,51.175920715,-107.63783264160156,52.12044143676758,0.0,11,,,,,,,,,,,,0.0,,stop_at_intersection,LANE_KEEP,,,0,,,0,0,0,,,,,,,,True,-0.3124424552851727,3.499999999501268,1.07,0.09684402821674301,False,0,855,0.0
855,51.225920716,-107.63783264160156,52.12044143676758,0.0,11,,,,,,,,,,,,0.0,,stop_at_intersection,LANE_KEEP,,,0,,,0,0,0,,,,,,,,True,-0.3124424552851727,3.499999999501268,1.07,0.09684402821674301,False,0,856,0.0
856,51.275920717,-107.63783264160156,52.12044143676758,0.0,11,,,,,,,,,,,,0.0,,stop_at_intersection,LANE_KEEP,,,0,,,0,0,0,,,,,,,,True,-0.3124424552851727,3.499999999501268,1.07,0.09684402821674301,False,0,857,0.0
857,51.325920717,-107.63783264160156,52.12044143676758,0.0,10,,,,,,,,,,,,0.0,,stop_at_intersection,LANE_KEEP,,,0,,,0,0,0,,,,,,,,True,-0.3124424552851727,3.499999999501268,1.07,0.09684402821674301,False,0,858,0.0
858,51.375920718,-107.63783264160156,52.12044143676758,0.0,10,,,,,,,,,,,,0.0,,stop_at_intersection,LANE_KEEP,,,0,,,0,0,0,,,,,,,,True,-0.3124424552851727,3.499999999501268,1.07,0.09684402821674301,False,0,859,0.0
859,51.425920719,-107.63783264160156,52.12044143676758,0.0,10,,,,,,,,,,,,0.0,,stop_at_intersection,LANE_KEEP,,,0,,,0,0,0,,,,,,,,True,-0.3124424552851727,3.499999999501268,1.07,0.09684402821674301,False,0,860,0.0
860,51.47592072,-107.63783264160156,52.12044143676758,0.0,9,,,,,,,,,,,,0.0,,stop_at_intersection,LANE_KEEP,,,0,,,0,0,0,,,,,,,,True,-0.3124424552851727,3.499999999501268,1.07,0.09684402821674301,False,0,861,0.0
861,51.52592072,-107.63783264160156,52.12044143676758,0.0,9,,,,,,,,,,,,0.0,,stop_at_intersection,LANE_KEEP,,,0,,,0,0,0,,,,,,,,True,-0.3124424552851727,3.499999999501268,1.07,0.09684402821674301,False,0,862,0.0
862,51.575920721,-107.63783264160156,52.12044143676758,0.0,9,,,,,,,,,,,,0.0,,stop_at_intersection,LANE_KEEP,,,0,,,0,0,0,,,,,,,,True,-0.3124424552851727,3.499999999501268,1.07,0.09684402821674301,False,0,863,0.0
863,51.625920722000004,-107.63783264160156,52.12044143676758,0.0,9,,,,,,,,,,,,0.0,,stop_at_intersection,LANE_KEEP,,,0,,,0,0,0,,,,,,,,True,-0.3124424552851727,3.499999999501268,1.07,0.09684402821674301,False,0,864,0.0
864,51.675920723,-107.63783264160156,52.12044143676758,0.0,9,,,,,,,,,,,,0.0,,stop_at_intersection,LANE_KEEP,,,0,,,0,0,0,,,,,,,,True,-0.3124424552851727,3.499999999501268,1.07,0.09684402821674301,False,0,865,0.0
865,51.725920723,-107.63783264160156,52.12044143676758,0.0,9,,,,,,,,,,,,0.0,,stop_at_intersection,LANE_KEEP,,,0,,,0,0,0,,,,,,,,True,-0.3124424552851727,3.499999999501268,1.07,0.09684402821674301,False,0,866,0.0
866,51.775920724,-107.63783264160156,52.12044143676758,0.0,9,,,,,,,,,,,,0.0,,stop_at_intersection,LANE_KEEP,,,0,,,0,0,0,,,,,,,,True,-0.3124424552851727,3.499999999501268,1.07,0.09684402821674301,False,0,867,0.0
867,51.825920725,-107.63783264160156,52.12044143676758,0.0,9,,,,,,,,,,,,0.0,,stop_at_intersection,LANE_KEEP,,,0,,,0,0,0,,,,,,,,True,-0.3124424552851727,3.499999999501268,1.07,0.09684402821674301,False,0,868,0.0
868,51.875920726,-107.63783264160156,52.12044143676758,0.0,8,,,,,,,,,,,,0.0,,stop_at_intersection,LANE_KEEP,,,0,,,0,0,0,,,,,,,,True,-0.3124424552851727,3.499999999501268,1.07,0.09684402821674301,False,0,869,0.0
869,51.925920726,-107.63783264160156,52.12044143676758,0.0,8,,,,,,,,,,,,0.0,,stop_at_intersection,LANE_KEEP,,,0,,,0,0,0,,,,,,,,True,-0.3124424552851727,3.499999999501268,1.07,0.09684402821674301,False,0,870,0.0
870,51.975920727,-107.63783264160156,52.12044143676758,0.0,8,,,,,,,,,,,,0.0,,stop_at_intersection,LANE_KEEP,,,0,,,0,0,0,,,,,,,,True,-0.3124424552851727,3.499999999501268,1.07,0.09684402821674301,False,0,871,0.0
871,52.025920728,-107.63783264160156,52.12044143676758,0.0,8,,,,,,,,,,,,0.0,,stop_at_intersection,LANE_KEEP,,,0,,,0,0,0,,,,,,,,True,-0.3124424552851727,3.499999999501268,1.07,0.09684402821674301,False,0,872,0.0
872,52.075920729,-107.63783264160156,52.12044143676758,0.0,8,,,,,,,,,,,,0.0,,stop_at_intersection,LANE_KEEP,,,0,,,0,0,0,,,,,,,,True,-0.3124424552851727,3.499999999501268,1.07,0.09684402821674301,False,0,873,0.0
873,52.125920729,-107.63783264160156,52.12044143676758,0.0,8,,,,,,,,,,,,0.0,,stop_at_intersection,LANE_KEEP,,,0,,,0,0,0,,,,,,,,True,-0.3124424552851727,3.499999999501268,1.07,0.09684402821674301,False,0,874,0.0
874,52.17592073,-107.63783264160156,52.12044143676758,0.0,8,,,,,,,,,,,,0.0,,stop_at_intersection,LANE_KEEP,,,0,,,0,0,0,,,,,,,,True,-0.3124424552851727,3.499999999501268,1.07,0.09684402821674301,False,0,875,0.0
875,52.225920731,-107.63783264160156,52.12044143676758,0.0,8,,,,,,,,,,,,0.0,,stop_at_intersection,LANE_KEEP,,,0,,,0,0,0,,,,,,,,True,-0.3124424552851727,3.499999999501268,1.07,0.09684402821674301,False,0,876,0.0
876,52.275920732,-107.63783264160156,52.12044143676758,0.0,8,,,,,,,,,,,,0.0,,stop_at_intersection,LANE_KEEP,,,0,,,0,0,0,,,,,,,,True,-0.3124424552851727,3.499999999501268,1.07,0.09684402821674301,False,0,877,0.0
877,52.325920732,-107.63783264160156,52.12044143676758,0.0,8,,,,,,,,,,,,0.0,,stop_at_intersection,LANE_KEEP,,,0,,,0,0,0,,,,,,,,True,-0.3124424552851727,3.499999999501268,1.07,0.09684402821674301,False,0,878,0.0
878,52.375920733,-107.63783264160156,52.12044143676758,0.0,7,,,,,,,,,,,,0.0,,stop_at_intersection,LANE_KEEP,,,0,,,0,0,0,,,,,,,,True,-0.3124424552851727,3.499999999501268,1.07,0.09684402821674301,False,0,879,0.0
879,52.425920734,-107.63783264160156,52.12044143676758,0.0,7,,,,,,,,,,,,0.0,,stop_at_intersection,LANE_KEEP,,,0,,,0,0,0,,,,,,,,True,-0.3124424552851727,3.499999999501268,1.07,0.09684402821674301,False,0,880,0.0
880,52.475920735,-107.63783264160156,52.12044143676758,0.0,7,,,,,,,,,,,,0.0,,stop_at_intersection,LANE_KEEP,,,0,,,0,0,0,,,,,,,,True,-0.3124424552851727,3.499999999501268,1.07,0.09684402821674301,False,0,881,0.0
881,52.525920735,-107.63783264160156,52.12044143676758,0.0,7,,,,,,,,,,,,0.0,,stop_at_intersection,LANE_KEEP,,,0,,,0,0,0,,,,,,,,True,-0.3124424552851727,3.499999999501268,1.07,0.09684402821674301,False,0,882,0.0
882,52.575920736,-107.63783264160156,52.12044143676758,0.0,7,,,,,,,,,,,,0.0,,stop_at_intersection,LANE_KEEP,,,0,,,0,0,0,,,,,,,,True,-0.3124424552851727,3.499999999501268,1.07,0.09684402821674301,False,0,883,0.0
883,52.625920737,-107.63783264160156,52.12044143676758,0.0,7,,,,,,,,,,,,0.0,,stop_at_intersection,LANE_KEEP,,,0,,,0,0,0,,,,,,,,True,-0.3124424552851727,3.499999999501268,1.07,0.09684402821674301,False,0,884,0.0
884,52.675920738,-107.63783264160156,52.12044143676758,0.0,7,,,,,,,,,,,,0.0,,stop_at_intersection,LANE_KEEP,,,0,,,0,0,0,,,,,,,,True,-0.3124424552851727,3.499999999501268,1.07,0.09684402821674301,False,0,885,0.0
885,52.725920738,-107.63783264160156,52.12044143676758,0.0,7,,,,,,,,,,,,0.0,,stop_at_intersection,LANE_KEEP,,,0,,,0,0,0,,,,,,,,True,-0.3124424552851727,3.499999999501268,1.07,0.09684402821674301,False,0,886,0.0
886,52.775920739,-107.63783264160156,52.12044143676758,0.0,7,,,,,,,,,,,,0.0,,stop_at_intersection,LANE_KEEP,,,0,,,0,0,0,,,,,,,,True,-0.3124424552851727,3.499999999501268,1.07,0.09684402821674301,False,0,887,0.0
887,52.82592074,-107.63783264160156,52.12044143676758,0.0,7,,,,,,,,,,,,0.0,,stop_at_intersection,LANE_KEEP,,,0,,,0,0,0,,,,,,,,True,-0.3124424552851727,3.499999999501268,1.07,0.09684402821674301,False,0,888,0.0
888,52.875920741,-107.63783264160156,52.12044143676758,0.0,7,,,,,,,,,,,,0.0,,stop_at_intersection,LANE_KEEP,,,0,,,0,0,0,,,,,,,,True,-0.3124424552851727,3.499999999501268,1.07,0.09684402821674301,False,0,889,0.0
889,52.925920741,-107.63783264160156,52.12044143676758,0.0,7,,,,,,,,,,,,0.0,,stop_at_intersection,LANE_KEEP,,,0,,,0,0,0,,,,,,,,True,-0.3124424552851727,3.499999999501268,1.07,0.09684402821674301,False,0,890,0.0
890,52.975920742,-107.63783264160156,52.12044143676758,0.0,7,,,,,,,,,,,,0.0,,stop_at_intersection,LANE_KEEP,,,0,,,0,0,0,,,,,,,,True,-0.3124424552851727,3.499999999501268,1.07,0.09684402821674301,False,0,891,0.0
891,53.025920743,-107.63783264160156,52.12044143676758,0.0,7,,,,,,,,,,,,0.0,,stop_at_intersection,LANE_KEEP,,,0,,,0,0,0,,,,,,,,True,-0.3124424552851727,3.499999999501268,1.07,0.09684402821674301,False,0,892,0.0
892,53.075920744,-107.63783264160156,52.12044143676758,0.0,7,,,,,,,,,,,,0.0,,stop_at_intersection,LANE_KEEP,,,0,,,0,0,0,,,,,,,,True,-0.3124424552851727,3.499999999501268,1.07,0.09684402821674301,False,0,893,0.0
893,53.125920744,-107.63783264160156,52.12044143676758,0.0,7,,,,,,,,,,,,0.0,,stop_at_intersection,LANE_KEEP,,,0,,,0,0,0,,,,,,,,True,-0.3124424552851727,3.499999999501268,1.07,0.09684402821674301,False,0,894,0.0
894,53.175920745,-107.63783264160156,52.12044143676758,0.0,7,,,,,,,,,,,,0.0,,stop_at_intersection,LANE_KEEP,,,0,,,0,0,0,,,,,,,,True,-0.3124424552851727,3.499999999501268,1.07,0.09684402821674301,False,0,895,0.0
895,53.225920746,-107.63783264160156,52.12044143676758,0.0,7,,,,,,,,,,,,0.0,,stop_at_intersection,LANE_KEEP,,,0,,,0,0,0,,,,,,,,True,-0.3124424552851727,3.499999999501268,1.07,0.09684402821674301,False,0,896,0.0
896,53.275920747,-107.63783264160156,52.12044143676758,0.0,7,,,,,,,,,,,,0.0,,stop_at_intersection,LANE_KEEP,,,0,,,0,0,0,,,,,,,,True,-0.3124424552851727,3.499999999501268,1.07,0.09684402821674301,False,0,897,0.0
897,53.325920747,-107.63783264160156,52.12044143676758,0.0,7,,,,,,,,,,,,0.0,,stop_at_intersection,LANE_KEEP,,,0,,,0,0,0,,,,,,,,True,-0.3124424552851727,3.499999999501268,1.07,0.09684402821674301,False,0,898,0.0
898,53.375920748,-107.63783264160156,52.12044143676758,0.0,7,,,,,,,,,,,,0.0,,stop_at_intersection,LANE_KEEP,,,0,,,0,0,0,,,,,,,,True,-0.3124424552851727,3.499999999501268,1.07,0.09684402821674301,False,0,899,0.0
899,53.425920749,-107.63783264160156,52.12044143676758,0.0,7,,,,,,,,,,,,0.0,,stop_at_intersection,LANE_KEEP,,,0,,,0,0,0,,,,,,,,True,-0.3124424552851727,3.499999999501268,1.07,0.09684402821674301,False,0,900,0.0
900,53.475920749,-107.63783264160156,52.12044143676758,0.0,7,,,,,,,,,,,,0.0,,stop_at_intersection,LANE_KEEP,,,0,,,0,0,0,,,,,,,,True,-0.3124424552851727,3.499999999501268,1.07,0.09684402821674301,False,0,901,0.0
901,53.52592075,-107.63783264160156,52.12044143676758,0.0,7,,,,,,,,,,,,0.0,,stop_at_intersection,LANE_KEEP,,,0,,,0,0,0,,,,,,,,True,-0.3124424552851727,3.499999999501268,1.07,0.09684402821674301,False,0,902,0.0
902,53.575920751,-107.63783264160156,52.12044143676758,0.0,7,,,,,,,,,,,,0.0,,stop_at_intersection,LANE_KEEP,,,0,,,0,0,0,,,,,,,,True,-0.3124424552851727,3.499999999501268,1.07,0.09684402821674301,False,0,903,0.0
903,53.625920752,-107.63783264160156,52.12044143676758,0.0,7,,,,,,,,,,,,0.0,,stop_at_intersection,LANE_KEEP,,,0,,,0,0,0,,,,,,,,True,-0.3124424552851727,3.499999999501268,1.07,0.09684402821674301,False,0,904,0.0
904,53.675920752,-107.63783264160156,52.12044143676758,0.0,7,,,,,,,,,,,,0.0,,stop_at_intersection,LANE_KEEP,,,0,,,0,0,0,,,,,,,,True,-0.3124424552851727,3.499999999501268,1.07,0.09684402821674301,False,0,905,0.0
905,53.725920753,-107.63783264160156,52.12044143676758,0.0,7,,,,,,,,,,,,0.0,,stop_at_intersection,LANE_KEEP,,,0,,,0,0,0,,,,,,,,True,-0.3124424552851727,3.499999999501268,1.07,0.09684402821674301,False,0,906,0.0
906,53.775920754,-107.63783264160156,52.12044143676758,0.0,7,,,,,,,,,,,,0.0,,stop_at_intersection,LANE_KEEP,,,0,,,0,0,0,,,,,,,,True,-0.3124424552851727,3.499999999501268,1.07,0.09684402821674301,False,0,907,0.0
907,53.825920755,-107.63783264160156,52.12044143676758,0.0,7,,,,,,,,,,,,0.0,,stop_at_intersection,LANE_KEEP,,,0,,,0,0,0,,,,,,,,True,-0.3124424552851727,3.499999999501268,1.07,0.09684402821674301,False,0,908,0.0
908,53.875920755,-107.63783264160156,52.12044143676758,0.0,7,,,,,,,,,,,,0.0,,stop_at_intersection,LANE_KEEP,,,0,,,0,0,0,,,,,,,,True,-0.3124424552851727,3.499999999501268,1.07,0.09684402821674301,False,0,909,0.0
909,53.925920756,-107.63783264160156,52.12044143676758,0.0,7,,,,,,,,,,,,0.0,,stop_at_intersection,LANE_KEEP,,,0,,,0,0,0,,,,,,,,True,-0.3124424552851727,3.499999999501268,1.07,0.09684402821674301,False,0,910,0.0
910,53.975920757,-107.63783264160156,52.12044143676758,0.0,7,,,,,,,,,,,,0.0,,stop_at_intersection,LANE_KEEP,,,0,,,0,0,0,,,,,,,,True,-0.3124424552851727,3.499999999501268,1.07,0.09684402821674301,False,0,911,0.0
911,54.025920758,-107.63783264160156,52.12044143676758,0.0,7,,,,,,,,,,,,0.0,,stop_at_intersection,LANE_KEEP,,,0,,,0,0,0,,,,,,,,True,-0.3124424552851727,3.499999999501268,1.07,0.09684402821674301,False,0,912,0.0
912,54.075920758,-107.63783264160156,52.12044143676758,0.0,7,,,,,,,,,,,,0.0,,stop_at_intersection,LANE_KEEP,,,0,,,0,0,0,,,,,,,,True,-0.3124424552851727,3.499999999501268,1.07,0.09684402821674301,False,0,913,0.0
913,54.125920759,-107.63783264160156,52.12044143676758,0.0,7,,,,,,,,,,,,0.0,,stop_at_intersection,LANE_KEEP,,,0,,,0,0,0,,,,,,,,True,-0.3124424552851727,3.499999999501268,1.07,0.09684402821674301,False,0,914,0.0
914,54.17592076,-107.63783264160156,52.12044143676758,0.0,7,,,,,,,,,,,,0.0,,stop_at_intersection,LANE_KEEP,,,0,,,0,0,0,,,,,,,,True,-0.3124424552851727,3.499999999501268,1.07,0.09684402821674301,False,0,915,0.0
915,54.225920761,-107.63783264160156,52.12044143676758,0.0,7,,,,,,,,,,,,0.0,,stop_at_intersection,LANE_KEEP,,,0,,,0,0,0,,,,,,,,True,-0.3124424552851727,3.499999999501268,1.07,0.09684402821674301,False,0,916,0.0
916,54.275920761,-107.63783264160156,52.12044143676758,0.0,7,,,,,,,,,,,,0.0,,stop_at_intersection,LANE_KEEP,,,0,,,0,0,0,,,,,,,,True,-0.3124424552851727,3.499999999501268,1.07,0.09684402821674301,False,0,917,0.0
917,54.325920762,-107.63783264160156,52.12044143676758,0.0,6,,,,,,,,,,,,0.0,,stop_at_intersection,LANE_KEEP,,,0,,,0,0,0,,,,,,,,True,-0.3124424552851727,3.499999999501268,1.07,0.09684402821674301,False,0,918,0.0
918,54.375920763,-107.63783264160156,52.12044143676758,0.0,6,,,,,,,,,,,,0.0,,stop_at_intersection,LANE_KEEP,,,0,,,0,0,0,,,,,,,,True,-0.3124424552851727,3.499999999501268,1.07,0.09684402821674301,False,0,919,0.0
919,54.425920764,-107.63783264160156,52.12044143676758,0.0,6,,,,,,,,,,,,0.0,,stop_at_intersection,LANE_KEEP,,,0,,,0,0,0,,,,,,,,True,-0.3124424552851727,3.499999999501268,1.07,0.09684402821674301,False,0,920,0.0
920,54.475920764,-107.63783264160156,52.12044143676758,0.0,6,,,,,,,,,,,,0.0,,stop_at_intersection,LANE_KEEP,,,0,,,0,0,0,,,,,,,,True,-0.3124424552851727,3.499999999501268,1.07,0.09684402821674301,False,0,921,0.0
921,54.525920765,-107.63783264160156,52.12044143676758,0.0,6,,,,,,,,,,,,0.0,,stop_at_intersection,LANE_KEEP,,,0,,,0,0,0,,,,,,,,True,-0.3124424552851727,3.499999999501268,1.07,0.09684402821674301,False,0,922,0.0
922,54.575920766,-107.63783264160156,52.12044143676758,0.0,6,,,,,,,,,,,,0.0,,stop_at_intersection,LANE_KEEP,,,0,,,0,0,0,,,,,,,,True,-0.3124424552851727,3.499999999501268,1.07,0.09684402821674301,False,0,923,0.0
923,54.625920767,-107.63783264160156,52.12044143676758,0.0,6,,,,,,,,,,,,0.0,,stop_at_intersection,LANE_KEEP,,,0,,,0,0,0,,,,,,,,True,-0.3124424552851727,3.499999999501268,1.07,0.09684402821674301,False,0,924,0.0
924,54.675920767,-107.63783264160156,52.12044143676758,0.0,6,,,,,,,,,,,,0.0,,stop_at_intersection,LANE_KEEP,,,0,,,0,0,0,,,,,,,,True,-0.3124424552851727,3.499999999501268,1.07,0.09684402821674301,False,0,925,0.0
925,54.725920768,-107.63783264160156,52.12044143676758,0.0,6,,,,,,,,,,,,0.0,,stop_at_intersection,LANE_KEEP,,,0,,,0,0,0,,,,,,,,True,-0.3124424552851727,3.499999999501268,1.07,0.09684402821674301,False,0,926,0.0
926,54.775920769,-107.63783264160156,52.12044143676758,0.0,6,,,,,,,,,,,,0.0,,stop_at_intersection,LANE_KEEP,,,0,,,0,0,0,,,,,,,,True,-0.3124424552851727,3.499999999501268,1.07,0.09684402821674301,False,0,927,0.0
927,54.82592077,-107.63783264160156,52.12044143676758,0.0,6,,,,,,,,,,,,0.0,,stop_at_intersection,LANE_KEEP,,,0,,,0,0,0,,,,,,,,True,-0.3124424552851727,3.499999999501268,1.07,0.09684402821674301,False,0,928,0.0
928,54.87592077,-107.63783264160156,52.12044143676758,0.0,6,,,,,,,,,,,,0.0,,stop_at_intersection,LANE_KEEP,,,0,,,0,0,0,,,,,,,,True,-0.3124424552851727,3.499999999501268,1.07,0.09684402821674301,False,0,929,0.0
929,54.925920771,-107.63783264160156,52.12044143676758,0.0,6,,,,,,,,,,,,0.0,,stop_at_intersection,LANE_KEEP,,,0,,,0,0,0,,,,,,,,True,-0.3124424552851727,3.499999999501268,1.07,0.09684402821674301,False,0,930,0.0
930,54.975920772,-107.63783264160156,52.12044143676758,0.0,6,,,,,,,,,,,,0.0,,stop_at_intersection,LANE_KEEP,,,0,,,0,0,0,,,,,,,,True,-0.3124424552851727,3.499999999501268,1.07,0.09684402821674301,False,0,931,0.0
931,55.025920773,-107.63783264160156,52.12044143676758,0.0,6,,,,,,,,,,,,0.0,,stop_at_intersection,LANE_KEEP,,,0,,,0,0,0,,,,,,,,True,-0.3124424552851727,3.499999999501268,1.07,0.09684402821674301,False,0,932,0.0
932,55.075920773,-107.63783264160156,52.12044143676758,0.0,6,,,,,,,,,,,,0.0,,stop_at_intersection,LANE_KEEP,,,0,,,0,0,0,,,,,,,,True,-0.3124424552851727,3.499999999501268,1.07,0.09684402821674301,False,0,933,0.0
933,55.125920774,-107.63783264160156,52.12044143676758,0.0,6,,,,,,,,,,,,0.0,,stop_at_intersection,LANE_KEEP,,,0,,,0,0,0,,,,,,,,True,-0.3124424552851727,3.499999999501268,1.07,0.09684402821674301,False,0,934,0.0
934,55.175920775,-107.63783264160156,52.12044143676758,0.0,6,,,,,,,,,,,,0.0,,stop_at_intersection,LANE_KEEP,,,0,,,0,0,0,,,,,,,,True,-0.3124424552851727,3.499999999501268,1.07,0.09684402821674301,False,0,935,0.0
935,55.225920776,-107.63783264160156,52.12044143676758,0.0,6,,,,,,,,,,,,0.0,,stop_at_intersection,LANE_KEEP,,,0,,,0,0,0,,,,,,,,True,-0.3124424552851727,3.499999999501268,1.07,0.09684402821674301,False,0,936,0.0
936,55.275920776,-107.63783264160156,52.12044143676758,0.0,6,,,,,,,,,,,,0.0,,stop_at_intersection,LANE_KEEP,,,0,,,0,0,0,,,,,,,,True,-0.3124424552851727,3.499999999501268,1.07,0.09684402821674301,False,0,937,0.0
937,55.325920777,-107.63783264160156,52.12044143676758,0.0,6,,,,,,,,,,,,0.0,,stop_at_intersection,LANE_KEEP,,,0,,,0,0,0,,,,,,,,True,-0.3124424552851727,3.499999999501268,1.07,0.09684402821674301,False,0,938,0.0
938,55.375920778,-107.63783264160156,52.12044143676758,0.0,6,,,,,,,,,,,,0.0,,stop_at_intersection,LANE_KEEP,,,0,,,0,0,0,,,,,,,,True,-0.3124424552851727,3.499999999501268,1.07,0.09684402821674301,False,0,939,0.0
939,55.425920779,-107.63783264160156,52.12044143676758,0.0,6,,,,,,,,,,,,0.0,,stop_at_intersection,LANE_KEEP,,,0,,,0,0,0,,,,,,,,True,-0.3124424552851727,3.499999999501268,1.07,0.09684402821674301,False,0,940,0.0
940,55.475920779,-107.63783264160156,52.12044143676758,0.0,6,,,,,,,,,,,,0.0,,stop_at_intersection,LANE_KEEP,,,0,,,0,0,0,,,,,,,,True,-0.3124424552851727,3.499999999501268,1.07,0.09684402821674301,False,0,941,0.0
941,55.52592078,-107.63783264160156,52.12044143676758,0.0,6,,,,,,,,,,,,0.0,,stop_at_intersection,LANE_KEEP,,,0,,,0,0,0,,,,,,,,True,-0.3124424552851727,3.499999999501268,1.07,0.09684402821674301,False,0,942,0.0
942,55.575920781,-107.63783264160156,52.12044143676758,0.0,6,,,,,,,,,,,,0.0,,stop_at_intersection,LANE_KEEP,,,0,,,0,0,0,,,,,,,,True,-0.3124424552851727,3.499999999501268,1.07,0.09684402821674301,False,0,943,0.0
943,55.625920782,-107.63783264160156,52.12044143676758,0.0,6,,,,,,,,,,,,0.0,,stop_at_intersection,LANE_KEEP,,,0,,,0,0,0,,,,,,,,True,-0.3124424552851727,3.499999999501268,1.07,0.09684402821674301,False,0,944,0.0
944,55.675920782,-107.63783264160156,52.12044143676758,0.0,6,,,,,,,,,,,,0.0,,stop_at_intersection,LANE_KEEP,,,0,,,0,0,0,,,,,,,,True,-0.3124424552851727,3.499999999501268,1.07,0.09684402821674301,False,0,945,0.0
945,55.725920783,-107.63783264160156,52.12044143676758,0.0,6,,,,,,,,,,,,0.0,,stop_at_intersection,LANE_KEEP,,,0,,,0,0,0,,,,,,,,True,-0.3124424552851727,3.499999999501268,1.07,0.09684402821674301,False,0,946,0.0
946,55.775920784,-107.63783264160156,52.12044143676758,0.0,6,,,,,,,,,,,,0.0,,stop_at_intersection,LANE_KEEP,,,0,,,0,0,0,,,,,,,,True,-0.3124424552851727,3.499999999501268,1.07,0.09684402821674301,False,0,947,0.0
947,55.825920785,-107.63783264160156,52.12044143676758,0.0,6,,,,,,,,,,,,0.0,,stop_at_intersection,LANE_KEEP,,,0,,,0,0,0,,,,,,,,True,-0.3124424552851727,3.499999999501268,1.07,0.09684402821674301,False,0,948,0.0
948,55.875920785,-107.63783264160156,52.12044143676758,0.0,6,,,,,,,,,,,,0.0,,stop_at_intersection,LANE_KEEP,,,0,,,0,0,0,,,,,,,,True,-0.3124424552851727,3.499999999501268,1.07,0.09684402821674301,False,0,949,0.0
949,55.925920786,-107.63783264160156,52.12044143676758,0.0,6,,,,,,,,,,,,0.0,,stop_at_intersection,LANE_KEEP,,,0,,,0,0,0,,,,,,,,True,-0.3124424552851727,3.499999999501268,1.07,0.09684402821674301,False,0,950,0.0
950,55.975920787,-107.63783264160156,52.12044143676758,0.0,6,,,,,,,,,,,,0.0,,stop_at_intersection,LANE_KEEP,,,0,,,0,0,0,,,,,,,,True,-0.3124424552851727,3.499999999501268,1.07,0.09684402821674301,False,0,951,0.0
951,56.025920787,-107.63783264160156,52.12044143676758,0.0,6,,,,,,,,,,,,0.0,,stop_at_intersection,LANE_KEEP,,,0,,,0,0,0,,,,,,,,True,-0.3124424552851727,3.499999999501268,1.07,0.09684402821674301,False,0,952,0.0
952,56.075920788,-107.63783264160156,52.12044143676758,0.0,6,,,,,,,,,,,,0.0,,stop_at_intersection,LANE_KEEP,,,0,,,0,0,0,,,,,,,,True,-0.3124424552851727,3.499999999501268,1.07,0.09684402821674301,False,0,953,0.0
953,56.125920789,-107.63783264160156,52.12044143676758,0.0,6,,,,,,,,,,,,0.0,,stop_at_intersection,LANE_KEEP,,,0,,,0,0,0,,,,,,,,True,-0.3124424552851727,3.499999999501268,1.07,0.09684402821674301,False,0,954,0.0
954,56.17592079,-107.63783264160156,52.12044143676758,0.0,6,,,,,,,,,,,,0.0,,stop_at_intersection,LANE_KEEP,,,0,,,0,0,0,,,,,,,,True,-0.3124424552851727,3.499999999501268,1.07,0.09684402821674301,False,0,955,0.0
955,56.22592079,-107.63783264160156,52.12044143676758,0.0,6,,,,,,,,,,,,0.0,,stop_at_intersection,LANE_KEEP,,,0,,,0,0,0,,,,,,,,True,-0.3124424552851727,3.499999999501268,1.07,0.09684402821674301,False,0,956,0.0
956,56.275920791,-107.63783264160156,52.12044143676758,0.0,6,,,,,,,,,,,,0.0,,stop_at_intersection,LANE_KEEP,,,0,,,0,0,0,,,,,,,,True,-0.3124424552851727,3.499999999501268,1.07,0.09684402821674301,False,0,957,0.0
957,56.325920792,-107.63783264160156,52.12044143676758,0.0,6,,,,,,,,,,,,0.0,,stop_at_intersection,LANE_KEEP,,,0,,,0,0,0,,,,,,,,True,-0.3124424552851727,3.499999999501268,1.07,0.09684402821674301,False,0,958,0.0
958,56.375920793,-107.63783264160156,52.12044143676758,0.0,6,,,,,,,,,,,,0.0,,stop_at_intersection,LANE_KEEP,,,0,,,0,0,0,,,,,,,,True,-0.3124424552851727,3.499999999501268,1.07,0.09684402821674301,False,0,959,0.0
959,56.425920793,-107.63783264160156,52.12044143676758,0.0,6,,,,,,,,,,,,0.0,,stop_at_intersection,LANE_KEEP,,,0,,,0,0,0,,,,,,,,True,-0.3124424552851727,3.499999999501268,1.07,0.09684402821674301,False,0,960,0.0
960,56.475920794,-107.63783264160156,52.12044143676758,0.0,6,,,,,,,,,,,,0.0,,stop_at_intersection,LANE_KEEP,,,0,,,0,0,0,,,,,,,,True,-0.3124424552851727,3.499999999501268,1.07,0.09684402821674301,False,0,961,0.0
961,56.525920795,-107.63783264160156,52.12044143676758,0.0,6,,,,,,,,,,,,0.0,,stop_at_intersection,LANE_KEEP,,,0,,,0,0,0,,,,,,,,True,-0.3124424552851727,3.499999999501268,1.07,0.09684402821674301,False,0,962,0.0
962,56.575920796,-107.63783264160156,52.12044143676758,0.0,6,,,,,,,,,,,,0.0,,stop_at_intersection,LANE_KEEP,,,0,,,0,0,0,,,,,,,,True,-0.3124424552851727,3.499999999501268,1.07,0.09684402821674301,False,0,963,0.0
963,56.625920796,-107.63783264160156,52.12044143676758,0.0,6,,,,,,,,,,,,0.0,,stop_at_intersection,LANE_KEEP,,,0,,,0,0,0,,,,,,,,True,-0.3124424552851727,3.499999999501268,1.07,0.09684402821674301,False,0,964,0.0
964,56.675920797,-107.63783264160156,52.12044143676758,0.0,6,,,,,,,,,,,,0.0,,stop_at_intersection,LANE_KEEP,,,0,,,0,0,0,,,,,,,,True,-0.3124424552851727,3.499999999501268,1.07,0.09684402821674301,False,0,965,0.0
965,56.725920798,-107.63783264160156,52.12044143676758,0.0,6,,,,,,,,,,,,0.0,,stop_at_intersection,LANE_KEEP,,,0,,,0,0,0,,,,,,,,True,-0.3124424552851727,3.499999999501268,1.07,0.09684402821674301,False,0,966,0.0
966,56.775920799,-107.63783264160156,52.12044143676758,0.0,6,,,,,,,,,,,,0.0,,stop_at_intersection,LANE_KEEP,,,0,,,0,0,0,,,,,,,,True,-0.3124424552851727,3.499999999501268,1.07,0.09684402821674301,False,0,967,0.0
967,56.825920799,-107.63783264160156,52.12044143676758,0.0,6,,,,,,,,,,,,0.0,,stop_at_intersection,LANE_KEEP,,,0,,,0,0,0,,,,,,,,True,-0.3124424552851727,3.499999999501268,1.07,0.09684402821674301,False,0,968,0.0
968,56.8759208,-107.63783264160156,52.12044143676758,0.0,6,,,,,,,,,,,,0.0,,stop_at_intersection,LANE_KEEP,,,0,,,0,0,0,,,,,,,,True,-0.3124424552851727,3.499999999501268,1.07,0.09684402821674301,False,0,969,0.0
969,56.925920801,-107.63783264160156,52.12044143676758,0.0,6,,,,,,,,,,,,0.0,,stop_at_intersection,LANE_KEEP,,,0,,,0,0,0,,,,,,,,True,-0.3124424552851727,3.499999999501268,1.07,0.09684402821674301,False,0,970,0.0
970,56.975920802,-107.63783264160156,52.12044143676758,0.0,6,,,,,,,,,,,,0.0,,stop_at_intersection,LANE_KEEP,,,0,,,0,0,0,,,,,,,,True,-0.3124424552851727,3.499999999501268,1.07,0.09684402821674301,False,0,971,0.0
971,57.025920802,-107.63783264160156,52.12044143676758,0.0,6,,,,,,,,,,,,0.0,,stop_at_intersection,LANE_KEEP,,,0,,,0,0,0,,,,,,,,True,-0.3124424552851727,3.499999999501268,1.07,0.09684402821674301,False,0,972,0.0
972,57.075920803,-107.63783264160156,52.12044143676758,0.0,6,,,,,,,,,,,,0.0,,stop_at_intersection,LANE_KEEP,,,0,,,0,0,0,,,,,,,,True,-0.3124424552851727,3.499999999501268,1.07,0.09684402821674301,False,0,973,0.0
973,57.125920804,-107.63783264160156,52.12044143676758,0.0,6,,,,,,,,,,,,0.0,,stop_at_intersection,LANE_KEEP,,,0,,,0,0,0,,,,,,,,True,-0.3124424552851727,3.499999999501268,1.07,0.09684402821674301,False,0,974,0.0
974,57.175920805,-107.63783264160156,52.12044143676758,0.0,6,,,,,,,,,,,,0.0,,stop_at_intersection,LANE_KEEP,,,0,,,0,0,0,,,,,,,,True,-0.3124424552851727,3.499999999501268,1.07,0.09684402821674301,False,0,975,0.0
975,57.225920805,-107.63783264160156,52.12044143676758,0.0,6,,,,,,,,,,,,0.0,,stop_at_intersection,LANE_KEEP,,,0,,,0,0,0,,,,,,,,True,-0.3124424552851727,3.499999999501268,1.07,0.09684402821674301,False,0,976,0.0
976,57.275920806,-107.63783264160156,52.12044143676758,0.0,6,,,,,,,,,,,,0.0,,stop_at_intersection,LANE_KEEP,,,0,,,0,0,0,,,,,,,,True,-0.3124424552851727,3.499999999501268,1.07,0.09684402821674301,False,0,977,0.0
977,57.325920807,-107.63783264160156,52.12044143676758,0.0,6,,,,,,,,,,,,0.0,,stop_at_intersection,LANE_KEEP,,,0,,,0,0,0,,,,,,,,True,-0.3124424552851727,3.499999999501268,1.07,0.09684402821674301,False,0,978,0.0
978,57.375920808,-107.63783264160156,52.12044143676758,0.0,6,,,,,,,,,,,,0.0,,stop_at_intersection,LANE_KEEP,,,0,,,0,0,0,,,,,,,,True,-0.3124424552851727,3.499999999501268,1.07,0.09684402821674301,False,0,979,0.0
979,57.425920808,-107.63783264160156,52.12044143676758,0.0,6,,,,,,,,,,,,0.0,,stop_at_intersection,LANE_KEEP,,,0,,,0,0,0,,,,,,,,True,-0.3124424552851727,3.499999999501268,1.07,0.09684402821674301,False,0,980,0.0
980,57.475920809,-107.63783264160156,52.12044143676758,0.0,6,,,,,,,,,,,,0.0,,stop_at_intersection,LANE_KEEP,,,0,,,0,0,0,,,,,,,,True,-0.3124424552851727,3.499999999501268,1.07,0.09684402821674301,False,0,981,0.0
981,57.52592081,-107.63783264160156,52.12044143676758,0.0,6,,,,,,,,,,,,0.0,,stop_at_intersection,LANE_KEEP,,,0,,,0,0,0,,,,,,,,True,-0.3124424552851727,3.499999999501268,1.07,0.09684402821674301,False,0,982,0.0
982,57.575920811,-107.63783264160156,52.12044143676758,0.0,6,,,,,,,,,,,,0.0,,stop_at_intersection,LANE_KEEP,,,0,,,0,0,0,,,,,,,,True,-0.3124424552851727,3.499999999501268,1.07,0.09684402821674301,False,0,983,0.0
983,57.625920811,-107.63783264160156,52.12044143676758,0.0,6,,,,,,,,,,,,0.0,,stop_at_intersection,LANE_KEEP,,,0,,,0,0,0,,,,,,,,True,-0.3124424552851727,3.499999999501268,1.07,0.09684402821674301,False,0,984,0.0
984,57.675920812,-107.63783264160156,52.12044143676758,0.0,6,,,,,,,,,,,,0.0,,stop_at_intersection,LANE_KEEP,,,0,,,0,0,0,,,,,,,,True,-0.3124424552851727,3.499999999501268,1.07,0.09684402821674301,False,0,985,0.0
985,57.725920813,-107.63783264160156,52.12044143676758,0.0,6,,,,,,,,,,,,0.0,,stop_at_intersection,LANE_KEEP,,,0,,,0,0,0,,,,,,,,True,-0.3124424552851727,3.499999999501268,1.07,0.09684402821674301,False,0,986,0.0
986,57.775920814,-107.63783264160156,52.12044143676758,0.0,6,,,,,,,,,,,,0.0,,stop_at_intersection,LANE_KEEP,,,0,,,0,0,0,,,,,,,,True,-0.3124424552851727,3.499999999501268,1.07,0.09684402821674301,False,0,987,0.0
987,57.825920814,-107.63783264160156,52.12044143676758,0.0,6,,,,,,,,,,,,0.0,,stop_at_intersection,LANE_KEEP,,,0,,,0,0,0,,,,,,,,True,-0.3124424552851727,3.499999999501268,1.07,0.09684402821674301,False,0,988,0.0
988,57.875920815,-107.63783264160156,52.12044143676758,0.0,6,,,,,,,,,,,,0.0,,stop_at_intersection,LANE_KEEP,,,0,,,0,0,0,,,,,,,,True,-0.3124424552851727,3.499999999501268,1.07,0.09684402821674301,False,0,989,0.0
989,57.925920816,-107.63783264160156,52.12044143676758,0.0,6,,,,,,,,,,,,0.0,,stop_at_intersection,LANE_KEEP,,,0,,,0,0,0,,,,,,,,True,-0.3124424552851727,3.499999999501268,1.07,0.09684402821674301,False,0,990,0.0
990,57.975920817,-107.63783264160156,52.12044143676758,0.0,6,,,,,,,,,,,,0.0,,stop_at_intersection,LANE_KEEP,,,0,,,0,0,0,,,,,,,,True,-0.3124424552851727,3.499999999501268,1.07,0.09684402821674301,False,0,991,0.0
991,58.025920817,-107.63783264160156,52.12044143676758,0.0,6,,,,,,,,,,,,0.0,,stop_at_intersection,LANE_KEEP,,,0,,,0,0,0,,,,,,,,True,-0.3124424552851727,3.499999999501268,1.07,0.09684402821674301,False,0,992,0.0
992,58.075920818,-107.63783264160156,52.12044143676758,0.0,6,,,,,,,,,,,,0.0,,stop_at_intersection,LANE_KEEP,,,0,,,0,0,0,,,,,,,,True,-0.3124424552851727,3.499999999501268,1.07,0.09684402821674301,False,0,993,0.0
993,58.125920819,-107.63783264160156,52.12044143676758,0.0,6,,,,,,,,,,,,0.0,,stop_at_intersection,LANE_KEEP,,,0,,,0,0,0,,,,,,,,True,-0.3124424552851727,3.499999999501268,1.07,0.09684402821674301,False,0,994,0.0
994,58.17592082,-107.63783264160156,52.12044143676758,0.0,6,,,,,,,,,,,,0.0,,stop_at_intersection,LANE_KEEP,,,0,,,0,0,0,,,,,,,,True,-0.3124424552851727,3.499999999501268,1.07,0.09684402821674301,False,0,995,0.0
995,58.22592082,-107.63783264160156,52.12044143676758,0.0,6,,,,,,,,,,,,0.0,,stop_at_intersection,LANE_KEEP,,,0,,,0,0,0,,,,,,,,True,-0.3124424552851727,3.499999999501268,1.07,0.09684402821674301,False,0,996,0.0
996,58.275920821,-107.63783264160156,52.12044143676758,0.0,6,,,,,,,,,,,,0.0,,stop_at_intersection,LANE_KEEP,,,0,,,0,0,0,,,,,,,,True,-0.3124424552851727,3.499999999501268,1.07,0.09684402821674301,False,0,997,0.0
997,58.325920822,-107.63783264160156,52.12044143676758,0.0,6,,,,,,,,,,,,0.0,,stop_at_intersection,LANE_KEEP,,,0,,,0,0,0,,,,,,,,True,-0.3124424552851727,3.499999999501268,1.07,0.09684402821674301,False,0,998,0.0
998,58.375920823,-107.63783264160156,52.12044143676758,0.0,6,,,,,,,,,,,,0.0,,stop_at_intersection,LANE_KEEP,,,0,,,0,0,0,,,,,,,,True,-0.3124424552851727,3.499999999501268,1.07,0.09684402821674301,False,0,999,0.0
999,58.425920823,-107.63783264160156,52.12044143676758,0.0,6,,,,,,,,,,,,0.0,,stop_at_intersection,LANE_KEEP,,,0,,,0,0,0,,,,,,,,True,-0.3124424552851727,3.499999999501268,1.07,0.09684402821674301,False,0,1000,0.0
1000,58.475920824,-107.63783264160156,52.12044143676758,0.0,6,,,,,,,,,,,,0.0,,stop_at_intersection,LANE_KEEP,,,0,,,0,0,0,,,,,,,,True,-0.3124424552851727,3.499999999501268,1.07,0.09684402821674301,False,0,1001,0.0
1001,58.525920825,-107.63783264160156,52.12044143676758,0.0,6,,,,,,,,,,,,0.0,,stop_at_intersection,LANE_KEEP,,,0,,,0,0,0,,,,,,,,True,-0.3124424552851727,3.499999999501268,1.07,0.09684402821674301,False,0,1002,0.0
1002,58.575920825,-107.63783264160156,52.12044143676758,0.0,6,,,,,,,,,,,,0.0,,stop_at_intersection,LANE_KEEP,,,0,,,0,0,0,,,,,,,,True,-0.3124424552851727,3.499999999501268,1.07,0.09684402821674301,False,0,1003,0.0
1003,58.625920826,-107.63783264160156,52.12044143676758,0.0,6,,,,,,,,,,,,0.0,,stop_at_intersection,LANE_KEEP,,,0,,,0,0,0,,,,,,,,True,-0.3124424552851727,3.499999999501268,1.07,0.09684402821674301,False,0,1004,0.0
1004,58.675920827,-107.63783264160156,52.12044143676758,0.0,6,,,,,,,,,,,,0.0,,stop_at_intersection,LANE_KEEP,,,0,,,0,0,0,,,,,,,,True,-0.3124424552851727,3.499999999501268,1.07,0.09684402821674301,False,0,1005,0.0
1005,58.725920828,-107.63783264160156,52.12044143676758,0.0,6,,,,,,,,,,,,0.0,,stop_at_intersection,LANE_KEEP,,,0,,,0,0,0,,,,,,,,True,-0.3124424552851727,3.499999999501268,1.07,0.09684402821674301,False,0,1006,0.0
1006,58.775920828,-107.63783264160156,52.12044143676758,0.0,6,,,,,,,,,,,,0.0,,stop_at_intersection,LANE_KEEP,,,0,,,0,0,0,,,,,,,,True,-0.3124424552851727,3.499999999501268,1.07,0.09684402821674301,False,0,1007,0.0
1007,58.825920829,-107.63783264160156,52.12044143676758,0.0,6,,,,,,,,,,,,0.0,,stop_at_intersection,LANE_KEEP,,,0,,,0,0,0,,,,,,,,True,-0.3124424552851727,3.499999999501268,1.07,0.09684402821674301,False,0,1008,0.0
1008,58.87592083,-107.63783264160156,52.12044143676758,0.0,6,,,,,,,,,,,,0.0,,stop_at_intersection,LANE_KEEP,,,0,,,0,0,0,,,,,,,,True,-0.3124424552851727,3.499999999501268,1.07,0.09684402821674301,False,0,1009,0.0
1009,58.925920831,-107.63783264160156,52.12044143676758,0.0,6,,,,,,,,,,,,0.0,,stop_at_intersection,LANE_KEEP,,,0,,,0,0,0,,,,,,,,True,-0.3124424552851727,3.499999999501268,1.07,0.09684402821674301,False,0,1010,0.0
1010,58.975920831,-107.63783264160156,52.12044143676758,0.0,6,,,,,,,,,,,,0.0,,stop_at_intersection,LANE_KEEP,,,0,,,0,0,0,,,,,,,,True,-0.3124424552851727,3.499999999501268,1.07,0.09684402821674301,False,0,1011,0.0
1011,59.025920832,-107.63783264160156,52.12044143676758,0.0,6,,,,,,,,,,,,0.0,,stop_at_intersection,LANE_KEEP,,,0,,,0,0,0,,,,,,,,True,-0.3124424552851727,3.499999999501268,1.07,0.09684402821674301,False,0,1012,0.0
1012,59.075920833,-107.63783264160156,52.12044143676758,0.0,6,,,,,,,,,,,,0.0,,stop_at_intersection,LANE_KEEP,,,0,,,0,0,0,,,,,,,,True,-0.3124424552851727,3.499999999501268,1.07,0.09684402821674301,False,0,1013,0.0
1013,59.125920834,-107.63783264160156,52.12044143676758,0.0,6,,,,,,,,,,,,0.0,,stop_at_intersection,LANE_KEEP,,,0,,,0,0,0,,,,,,,,True,-0.3124424552851727,3.499999999501268,1.07,0.09684402821674301,False,0,1014,0.0
1014,59.175920834,-107.63783264160156,52.12044143676758,0.0,6,,,,,,,,,,,,0.0,,stop_at_intersection,LANE_KEEP,,,0,,,0,0,0,,,,,,,,True,-0.3124424552851727,3.499999999501268,1.07,0.09684402821674301,False,0,1015,0.0
1015,59.225920835,-107.63783264160156,52.12044143676758,0.0,6,,,,,,,,,,,,0.0,,stop_at_intersection,LANE_KEEP,,,0,,,0,0,0,,,,,,,,True,-0.3124424552851727,3.499999999501268,1.07,0.09684402821674301,False,0,1016,0.0
1016,59.275920836,-107.63783264160156,52.12044143676758,0.0,6,,,,,,,,,,,,0.0,,stop_at_intersection,LANE_KEEP,,,0,,,0,0,0,,,,,,,,True,-0.3124424552851727,3.499999999501268,1.07,0.09684402821674301,False,0,1017,0.0
1017,59.325920837,-107.63783264160156,52.12044143676758,0.0,6,,,,,,,,,,,,0.0,,stop_at_intersection,LANE_KEEP,,,0,,,0,0,0,,,,,,,,True,-0.3124424552851727,3.499999999501268,1.07,0.09684402821674301,False,0,1018,0.0
1018,59.375920837,-107.63783264160156,52.12044143676758,0.0,6,,,,,,,,,,,,0.0,,stop_at_intersection,LANE_KEEP,,,0,,,0,0,0,,,,,,,,True,-0.3124424552851727,3.499999999501268,1.07,0.09684402821674301,False,0,1019,0.0
1019,59.425920838,-107.63783264160156,52.12044143676758,0.0,6,,,,,,,,,,,,0.0,,stop_at_intersection,LANE_KEEP,,,0,,,0,0,0,,,,,,,,True,-0.3124424552851727,3.499999999501268,1.07,0.09684402821674301,False,0,1020,0.0
1020,59.475920839,-107.63783264160156,52.12044143676758,0.0,6,,,,,,,,,,,,0.0,,stop_at_intersection,LANE_KEEP,,,0,,,0,0,0,,,,,,,,True,-0.3124424552851727,3.499999999501268,1.07,0.09684402821674301,False,0,1021,0.0
1021,59.52592084,-107.63783264160156,52.12044143676758,0.0,6,,,,,,,,,,,,0.0,,stop_at_intersection,LANE_KEEP,,,0,,,0,0,0,,,,,,,,True,-0.3124424552851727,3.499999999501268,1.07,0.09684402821674301,False,0,1022,0.0
1022,59.57592084,-107.63783264160156,52.12044143676758,0.0,6,,,,,,,,,,,,0.0,,stop_at_intersection,LANE_KEEP,,,0,,,0,0,0,,,,,,,,True,-0.3124424552851727,3.499999999501268,1.07,0.09684402821674301,False,0,1023,0.0
1023,59.625920841,-107.63783264160156,52.12044143676758,0.0,6,,,,,,,,,,,,0.0,,stop_at_intersection,LANE_KEEP,,,0,,,0,0,0,,,,,,,,True,-0.3124424552851727,3.499999999501268,1.07,0.09684402821674301,False,0,1024,0.0
1024,59.675920842,-107.63783264160156,52.12044143676758,0.0,6,,,,,,,,,,,,0.0,,stop_at_intersection,LANE_KEEP,,,0,,,0,0,0,,,,,,,,True,-0.3124424552851727,3.499999999501268,1.07,0.09684402821674301,False,0,1025,0.0
1025,59.725920843,-107.63783264160156,52.12044143676758,0.0,6,,,,,,,,,,,,0.0,,stop_at_intersection,LANE_KEEP,,,0,,,0,0,0,,,,,,,,True,-0.3124424552851727,3.499999999501268,1.07,0.09684402821674301,False,0,1026,0.0
1026,59.775920843,-107.63783264160156,52.12044143676758,0.0,6,,,,,,,,,,,,0.0,,stop_at_intersection,LANE_KEEP,,,0,,,0,0,0,,,,,,,,True,-0.3124424552851727,3.499999999501268,1.07,0.09684402821674301,False,0,1027,0.0
1027,59.825920844,-107.63783264160156,52.12044143676758,0.0,6,,,,,,,,,,,,0.0,,stop_at_intersection,LANE_KEEP,,,0,,,0,0,0,,,,,,,,True,-0.3124424552851727,3.499999999501268,1.07,0.09684402821674301,False,0,1028,0.0
1028,59.875920845,-107.63783264160156,52.12044143676758,0.0,6,,,,,,,,,,,,0.0,,stop_at_intersection,LANE_KEEP,,,0,,,0,0,0,,,,,,,,True,-0.3124424552851727,3.499999999501268,1.07,0.09684402821674301,False,0,1029,0.0
1029,59.925920846,-107.63783264160156,52.12044143676758,0.0,6,,,,,,,,,,,,0.0,,stop_at_intersection,LANE_KEEP,,,0,,,0,0,0,,,,,,,,True,-0.3124424552851727,3.499999999501268,1.07,0.09684402821674301,False,0,1030,0.0
1030,59.975920846,-107.63783264160156,52.12044143676758,0.0,6,,,,,,,,,,,,0.0,,stop_at_intersection,LANE_KEEP,,,0,,,0,0,0,,,,,,,,True,-0.3124424552851727,3.499999999501268,1.07,0.09684402821674301,False,0,1031,0.0
1031,60.025920847,-107.63783264160156,52.12044143676758,0.0,6,,,,,,,,,,,,0.0,,stop_at_intersection,LANE_KEEP,,,0,,,0,0,0,,,,,,,,True,-0.3124424552851727,3.499999999501268,1.07,0.09684402821674301,False,0,1032,0.0
1032,60.075920848,-107.63783264160156,52.12044143676758,0.0,6,,,,,,,,,,,,0.0,,stop_at_intersection,LANE_KEEP,,,0,,,0,0,0,,,,,,,,True,-0.3124424552851727,3.499999999501268,1.07,0.09684402821674301,False,0,1033,0.0
1033,60.125920849,-107.63783264160156,52.12044143676758,0.0,6,,,,,,,,,,,,0.0,,stop_at_intersection,LANE_KEEP,,,0,,,0,0,0,,,,,,,,True,-0.3124424552851727,3.499999999501268,1.07,0.09684402821674301,False,0,1034,0.0
1034,60.175920849,-107.63783264160156,52.12044143676758,0.0,6,,,,,,,,,,,,0.0,,stop_at_intersection,LANE_KEEP,,,0,,,0,0,0,,,,,,,,True,-0.3124424552851727,3.499999999501268,1.07,0.09684402821674301,False,0,1035,0.0
1035,60.22592085,-107.63783264160156,52.12044143676758,0.0,6,,,,,,,,,,,,0.0,,stop_at_intersection,LANE_KEEP,,,0,,,0,0,0,,,,,,,,True,-0.3124424552851727,3.499999999501268,1.07,0.09684402821674301,False,0,1036,0.0
1036,60.275920851,-107.63783264160156,52.12044143676758,0.0,6,,,,,,,,,,,,0.0,,stop_at_intersection,LANE_KEEP,,,0,,,0,0,0,,,,,,,,True,-0.3124424552851727,3.499999999501268,1.07,0.09684402821674301,False,0,1037,0.0
1037,60.325920852,-107.63783264160156,52.12044143676758,0.0,6,,,,,,,,,,,,0.0,,stop_at_intersection,LANE_KEEP,,,0,,,0,0,0,,,,,,,,True,-0.3124424552851727,3.499999999501268,1.07,0.09684402821674301,False,0,1038,0.0
1038,60.375920852,-107.63783264160156,52.12044143676758,0.0,6,,,,,,,,,,,,0.0,,stop_at_intersection,LANE_KEEP,,,0,,,0,0,0,,,,,,,,True,-0.3124424552851727,3.499999999501268,1.07,0.09684402821674301,False,0,1039,0.0
1039,60.425920853,-107.63783264160156,52.12044143676758,0.0,6,,,,,,,,,,,,0.0,,stop_at_intersection,LANE_KEEP,,,0,,,0,0,0,,,,,,,,True,-0.3124424552851727,3.499999999501268,1.07,0.09684402821674301,False,0,1040,0.0
1040,60.475920854,-107.63783264160156,52.12044143676758,0.0,6,,,,,,,,,,,,0.0,,stop_at_intersection,LANE_KEEP,,,0,,,0,0,0,,,,,,,,True,-0.3124424552851727,3.499999999501268,1.07,0.09684402821674301,False,0,1041,0.0
1041,60.525920855,-107.63783264160156,52.12044143676758,0.0,6,,,,,,,,,,,,0.0,,stop_at_intersection,LANE_KEEP,,,0,,,0,0,0,,,,,,,,True,-0.3124424552851727,3.499999999501268,1.07,0.09684402821674301,False,0,1042,0.0
1042,60.575920855,-107.63783264160156,52.12044143676758,0.0,6,,,,,,,,,,,,0.0,,stop_at_intersection,LANE_KEEP,,,0,,,0,0,0,,,,,,,,True,-0.3124424552851727,3.499999999501268,1.07,0.09684402821674301,False,0,1043,0.0
1043,60.625920856,-107.63783264160156,52.12044143676758,0.0,6,,,,,,,,,,,,0.0,,stop_at_intersection,LANE_KEEP,,,0,,,0,0,0,,,,,,,,True,-0.3124424552851727,3.499999999501268,1.07,0.09684402821674301,False,0,1044,0.0
1044,60.675920857,-107.63783264160156,52.12044143676758,0.0,6,,,,,,,,,,,,0.0,,stop_at_intersection,LANE_KEEP,,,0,,,0,0,0,,,,,,,,True,-0.3124424552851727,3.499999999501268,1.07,0.09684402821674301,False,0,1045,0.0
1045,60.725920858,-107.63783264160156,52.12044143676758,0.0,6,,,,,,,,,,,,0.0,,stop_at_intersection,LANE_KEEP,,,0,,,0,0,0,,,,,,,,True,-0.3124424552851727,3.499999999501268,1.07,0.09684402821674301,False,0,1046,0.0
1046,60.775920858,-107.63783264160156,52.12044143676758,0.0,6,,,,,,,,,,,,0.0,,stop_at_intersection,LANE_KEEP,,,0,,,0,0,0,,,,,,,,True,-0.3124424552851727,3.499999999501268,1.07,0.09684402821674301,False,0,1047,0.0
1047,60.825920859,-107.63783264160156,52.12044143676758,0.0,6,,,,,,,,,,,,0.0,,stop_at_intersection,LANE_KEEP,,,0,,,0,0,0,,,,,,,,True,-0.3124424552851727,3.499999999501268,1.07,0.09684402821674301,False,0,1048,0.0
1048,60.87592086,-107.63783264160156,52.12044143676758,0.0,6,,,,,,,,,,,,0.0,,stop_at_intersection,LANE_KEEP,,,0,,,0,0,0,,,,,,,,True,-0.3124424552851727,3.499999999501268,1.07,0.09684402821674301,False,0,1049,0.0
1049,60.925920861,-107.63783264160156,52.12044143676758,0.0,6,,,,,,,,,,,,0.0,,stop_at_intersection,LANE_KEEP,,,0,,,0,0,0,,,,,,,,True,-0.3124424552851727,3.499999999501268,1.07,0.09684402821674301,False,0,1050,0.0
1050,60.975920861,-107.63783264160156,52.12044143676758,0.0,6,,,,,,,,,,,,0.0,,stop_at_intersection,LANE_KEEP,,,0,,,0,0,0,,,,,,,,True,-0.3124424552851727,3.499999999501268,1.07,0.09684402821674301,False,0,1051,0.0
1051,61.025920862,-107.63783264160156,52.12044143676758,0.0,6,,,,,,,,,,,,0.0,,stop_at_intersection,LANE_KEEP,,,0,,,0,0,0,,,,,,,,True,-0.3124424552851727,3.499999999501268,1.07,0.09684402821674301,False,0,1052,0.0
1052,61.075920863,-107.63783264160156,52.12044143676758,0.0,6,,,,,,,,,,,,0.0,,stop_at_intersection,LANE_KEEP,,,0,,,0,0,0,,,,,,,,True,-0.3124424552851727,3.499999999501268,1.07,0.09684402821674301,False,0,1053,0.0
1053,61.125920863,-107.63783264160156,52.12044143676758,0.0,6,,,,,,,,,,,,0.0,,stop_at_intersection,LANE_KEEP,,,0,,,0,0,0,,,,,,,,True,-0.3124424552851727,3.499999999501268,1.07,0.09684402821674301,False,0,1054,0.0
1054,61.175920864,-107.63783264160156,52.12044143676758,0.0,6,,,,,,,,,,,,0.0,,stop_at_intersection,LANE_KEEP,,,0,,,0,0,0,,,,,,,,True,-0.3124424552851727,3.499999999501268,1.07,0.09684402821674301,False,0,1055,0.0
1055,61.225920865,-107.63783264160156,52.12044143676758,0.0,6,,,,,,,,,,,,0.0,,stop_at_intersection,LANE_KEEP,,,0,,,0,0,0,,,,,,,,True,-0.3124424552851727,3.499999999501268,1.07,0.09684402821674301,False,0,1056,0.0
1056,61.275920866,-107.63783264160156,52.12044143676758,0.0,6,,,,,,,,,,,,0.0,,stop_at_intersection,LANE_KEEP,,,0,,,0,0,0,,,,,,,,True,-0.3124424552851727,3.499999999501268,1.07,0.09684402821674301,False,0,1057,0.0
1057,61.325920866,-107.63783264160156,52.12044143676758,0.0,6,,,,,,,,,,,,0.0,,stop_at_intersection,LANE_KEEP,,,0,,,0,0,0,,,,,,,,True,-0.3124424552851727,3.499999999501268,1.07,0.09684402821674301,False,0,1058,0.0
1058,61.375920867,-107.63783264160156,52.12044143676758,0.0,6,,,,,,,,,,,,0.0,,stop_at_intersection,LANE_KEEP,,,0,,,0,0,0,,,,,,,,True,-0.3124424552851727,3.499999999501268,1.07,0.09684402821674301,False,0,1059,0.0
1059,61.425920868,-107.63783264160156,52.12044143676758,0.0,6,,,,,,,,,,,,0.0,,stop_at_intersection,LANE_KEEP,,,0,,,0,0,0,,,,,,,,True,-0.3124424552851727,3.499999999501268,1.07,0.09684402821674301,False,0,1060,0.0
1060,61.475920869,-107.63783264160156,52.12044143676758,0.0,6,,,,,,,,,,,,0.0,,stop_at_intersection,LANE_KEEP,,,0,,,0,0,0,,,,,,,,True,-0.3124424552851727,3.499999999501268,1.07,0.09684402821674301,False,0,1061,0.0
1061,61.525920869,-107.63783264160156,52.12044143676758,0.0,6,,,,,,,,,,,,0.0,,stop_at_intersection,LANE_KEEP,,,0,,,0,0,0,,,,,,,,True,-0.3124424552851727,3.499999999501268,1.07,0.09684402821674301,False,0,1062,0.0
1062,61.57592087,-107.63783264160156,52.12044143676758,0.0,6,,,,,,,,,,,,0.0,,stop_at_intersection,LANE_KEEP,,,0,,,0,0,0,,,,,,,,True,-0.3124424552851727,3.499999999501268,1.07,0.09684402821674301,False,0,1063,0.0
1063,61.625920871,-107.63783264160156,52.12044143676758,0.0,6,,,,,,,,,,,,0.0,,stop_at_intersection,LANE_KEEP,,,0,,,0,0,0,,,,,,,,True,-0.3124424552851727,3.499999999501268,1.07,0.09684402821674301,False,0,1064,0.0
1064,61.675920872,-107.63783264160156,52.12044143676758,0.0,6,,,,,,,,,,,,0.0,,stop_at_intersection,LANE_KEEP,,,0,,,0,0,0,,,,,,,,True,-0.3124424552851727,3.499999999501268,1.07,0.09684402821674301,False,0,1065,0.0
1065,61.725920872,-107.63783264160156,52.12044143676758,0.0,6,,,,,,,,,,,,0.0,,stop_at_intersection,LANE_KEEP,,,0,,,0,0,0,,,,,,,,True,-0.3124424552851727,3.499999999501268,1.07,0.09684402821674301,False,0,1066,0.0
1066,61.775920873,-107.63783264160156,52.12044143676758,0.0,6,,,,,,,,,,,,0.0,,stop_at_intersection,LANE_KEEP,,,0,,,0,0,0,,,,,,,,True,-0.3124424552851727,3.499999999501268,1.07,0.09684402821674301,False,0,1067,0.0
1067,61.825920874,-107.63783264160156,52.12044143676758,0.0,6,,,,,,,,,,,,0.0,,stop_at_intersection,LANE_KEEP,,,0,,,0,0,0,,,,,,,,True,-0.3124424552851727,3.499999999501268,1.07,0.09684402821674301,False,0,1068,0.0
1068,61.875920875,-107.63783264160156,52.12044143676758,0.0,6,,,,,,,,,,,,0.0,,stop_at_intersection,LANE_KEEP,,,0,,,0,0,0,,,,,,,,True,-0.3124424552851727,3.499999999501268,1.07,0.09684402821674301,False,0,1069,0.0
1069,61.925920875,-107.63783264160156,52.12044143676758,0.0,6,,,,,,,,,,,,0.0,,stop_at_intersection,LANE_KEEP,,,0,,,0,0,0,,,,,,,,True,-0.3124424552851727,3.499999999501268,1.07,0.09684402821674301,False,0,1070,0.0
1070,61.975920876,-107.63783264160156,52.12044143676758,0.0,6,,,,,,,,,,,,0.0,,stop_at_intersection,LANE_KEEP,,,0,,,0,0,0,,,,,,,,True,-0.3124424552851727,3.499999999501268,1.07,0.09684402821674301,False,0,1071,0.0
1071,62.025920877,-107.63783264160156,52.12044143676758,0.0,6,,,,,,,,,,,,0.0,,stop_at_intersection,LANE_KEEP,,,0,,,0,0,0,,,,,,,,True,-0.3124424552851727,3.499999999501268,1.07,0.09684402821674301,False,0,1072,0.0
1072,62.075920878,-107.63783264160156,52.12044143676758,0.0,6,,,,,,,,,,,,0.0,,stop_at_intersection,LANE_KEEP,,,0,,,0,0,0,,,,,,,,True,-0.3124424552851727,3.499999999501268,1.07,0.09684402821674301,False,0,1073,0.0
1073,62.125920878,-107.63783264160156,52.12044143676758,0.0,6,,,,,,,,,,,,0.0,,stop_at_intersection,LANE_KEEP,,,0,,,0,0,0,,,,,,,,True,-0.3124424552851727,3.499999999501268,1.07,0.09684402821674301,False,0,1074,0.0
1074,62.175920879,-107.63783264160156,52.12044143676758,0.0,6,,,,,,,,,,,,0.0,,stop_at_intersection,LANE_KEEP,,,0,,,0,0,0,,,,,,,,True,-0.3124424552851727,3.499999999501268,1.07,0.09684402821674301,False,0,1075,0.0
1075,62.22592088,-107.63783264160156,52.12044143676758,0.0,6,,,,,,,,,,,,0.0,,stop_at_intersection,LANE_KEEP,,,0,,,0,0,0,,,,,,,,True,-0.3124424552851727,3.499999999501268,1.07,0.09684402821674301,False,0,1076,0.0
1076,62.275920881,-107.63783264160156,52.12044143676758,0.0,6,,,,,,,,,,,,0.0,,stop_at_intersection,LANE_KEEP,,,0,,,0,0,0,,,,,,,,True,-0.3124424552851727,3.499999999501268,1.07,0.09684402821674301,False,0,1077,0.0
1077,62.325920881,-107.63783264160156,52.12044143676758,0.0,6,,,,,,,,,,,,0.0,,stop_at_intersection,LANE_KEEP,,,0,,,0,0,0,,,,,,,,True,-0.3124424552851727,3.499999999501268,1.07,0.09684402821674301,False,0,1078,0.0
1078,62.375920882,-107.63783264160156,52.12044143676758,0.0,6,,,,,,,,,,,,0.0,,stop_at_intersection,LANE_KEEP,,,0,,,0,0,0,,,,,,,,True,-0.3124424552851727,3.499999999501268,1.07,0.09684402821674301,False,0,1079,0.0
1079,62.425920883,-107.63783264160156,52.12044143676758,0.0,6,,,,,,,,,,,,0.0,,stop_at_intersection,LANE_KEEP,,,0,,,0,0,0,,,,,,,,True,-0.3124424552851727,3.499999999501268,1.07,0.09684402821674301,False,0,1080,0.0
1080,62.475920884,-107.63783264160156,52.12044143676758,0.0,6,,,,,,,,,,,,0.0,,stop_at_intersection,LANE_KEEP,,,0,,,0,0,0,,,,,,,,True,-0.3124424552851727,3.499999999501268,1.07,0.09684402821674301,False,0,1081,0.0
1081,62.525920884,-107.63783264160156,52.12044143676758,0.0,6,,,,,,,,,,,,0.0,,stop_at_intersection,LANE_KEEP,,,0,,,0,0,0,,,,,,,,True,-0.3124424552851727,3.499999999501268,1.07,0.09684402821674301,False,0,1082,0.0
1082,62.575920885,-107.63783264160156,52.12044143676758,0.0,6,,,,,,,,,,,,0.0,,stop_at_intersection,LANE_KEEP,,,0,,,0,0,0,,,,,,,,True,-0.3124424552851727,3.499999999501268,1.07,0.09684402821674301,False,0,1083,0.0
1083,62.625920886,-107.63783264160156,52.12044143676758,0.0,6,,,,,,,,,,,,0.0,,stop_at_intersection,LANE_KEEP,,,0,,,0,0,0,,,,,,,,True,-0.3124424552851727,3.499999999501268,1.07,0.09684402821674301,False,0,1084,0.0
1084,62.675920887,-107.63783264160156,52.12044143676758,0.0,6,,,,,,,,,,,,0.0,,stop_at_intersection,LANE_KEEP,,,0,,,0,0,0,,,,,,,,True,-0.3124424552851727,3.499999999501268,1.07,0.09684402821674301,False,0,1085,0.0
1085,62.725920887,-107.63783264160156,52.12044143676758,0.0,6,,,,,,,,,,,,0.0,,stop_at_intersection,LANE_KEEP,,,0,,,0,0,0,,,,,,,,True,-0.3124424552851727,3.499999999501268,1.07,0.09684402821674301,False,0,1086,0.0
1086,62.775920888,-107.63783264160156,52.12044143676758,0.0,6,,,,,,,,,,,,0.0,,stop_at_intersection,LANE_KEEP,,,0,,,0,0,0,,,,,,,,True,-0.3124424552851727,3.499999999501268,1.07,0.09684402821674301,False,0,1087,0.0
1087,62.825920889,-107.63783264160156,52.12044143676758,0.0,6,,,,,,,,,,,,0.0,,stop_at_intersection,LANE_KEEP,,,0,,,0,0,0,,,,,,,,True,-0.3124424552851727,3.499999999501268,1.07,0.09684402821674301,False,0,1088,0.0
1088,62.87592089,-107.63783264160156,52.12044143676758,0.0,6,,,,,,,,,,,,0.0,,stop_at_intersection,LANE_KEEP,,,0,,,0,0,0,,,,,,,,True,-0.3124424552851727,3.499999999501268,1.07,0.09684402821674301,False,0,1089,0.0
1089,62.92592089,-107.63783264160156,52.12044143676758,0.0,6,,,,,,,,,,,,0.0,,stop_at_intersection,LANE_KEEP,,,0,,,0,0,0,,,,,,,,True,-0.3124424552851727,3.499999999501268,1.07,0.09684402821674301,False,0,1090,0.0
1090,62.975920891,-107.63783264160156,52.12044143676758,0.0,6,,,,,,,,,,,,0.0,,stop_at_intersection,LANE_KEEP,,,0,,,0,0,0,,,,,,,,True,-0.3124424552851727,3.499999999501268,1.07,0.09684402821674301,False,0,1091,0.0
1091,63.025920892,-107.63783264160156,52.12044143676758,0.0,6,,,,,,,,,,,,0.0,,stop_at_intersection,LANE_KEEP,,,0,,,0,0,0,,,,,,,,True,-0.3124424552851727,3.499999999501268,1.07,0.09684402821674301,False,0,1092,0.0
1092,63.075920893,-107.63783264160156,52.12044143676758,0.0,6,,,,,,,,,,,,0.0,,stop_at_intersection,LANE_KEEP,,,0,,,0,0,0,,,,,,,,True,-0.3124424552851727,3.499999999501268,1.07,0.09684402821674301,False,0,1093,0.0
1093,63.125920893,-107.63783264160156,52.12044143676758,0.0,6,,,,,,,,,,,,0.0,,stop_at_intersection,LANE_KEEP,,,0,,,0,0,0,,,,,,,,True,-0.3124424552851727,3.499999999501268,1.07,0.09684402821674301,False,0,1094,0.0
1094,63.175920894,-107.63783264160156,52.12044143676758,0.0,6,,,,,,,,,,,,0.0,,stop_at_intersection,LANE_KEEP,,,0,,,0,0,0,,,,,,,,True,-0.3124424552851727,3.499999999501268,1.07,0.09684402821674301,False,0,1095,0.0
1095,63.225920895,-107.63783264160156,52.12044143676758,0.0,6,,,,,,,,,,,,0.0,,stop_at_intersection,LANE_KEEP,,,0,,,0,0,0,,,,,,,,True,-0.3124424552851727,3.499999999501268,1.07,0.09684402821674301,False,0,1096,0.0
1096,63.275920896,-107.63783264160156,52.12044143676758,0.0,6,,,,,,,,,,,,0.0,,stop_at_intersection,LANE_KEEP,,,0,,,0,0,0,,,,,,,,True,-0.3124424552851727,3.499999999501268,1.07,0.09684402821674301,False,0,1097,0.0
1097,63.325920896,-107.63783264160156,52.12044143676758,0.0,6,,,,,,,,,,,,0.0,,stop_at_intersection,LANE_KEEP,,,0,,,0,0,0,,,,,,,,True,-0.3124424552851727,3.499999999501268,1.07,0.09684402821674301,False,0,1098,0.0
1098,63.375920897,-107.63783264160156,52.12044143676758,0.0,6,,,,,,,,,,,,0.0,,stop_at_intersection,LANE_KEEP,,,0,,,0,0,0,,,,,,,,True,-0.3124424552851727,3.499999999501268,1.07,0.09684402821674301,False,0,1099,0.0
1099,63.425920898,-107.63783264160156,52.12044143676758,0.0,6,,,,,,,,,,,,0.0,,stop_at_intersection,LANE_KEEP,,,0,,,0,0,0,,,,,,,,True,-0.3124424552851727,3.499999999501268,1.07,0.09684402821674301,False,0,1100,0.0
1100,63.475920899,-107.63783264160156,52.12044143676758,0.0,6,,,,,,,,,,,,0.0,,stop_at_intersection,LANE_KEEP,,,0,,,0,0,0,,,,,,,,True,-0.3124424552851727,3.499999999501268,1.07,0.09684402821674301,False,0,1101,0.0
1101,63.525920899,-107.63783264160156,52.12044143676758,0.0,6,,,,,,,,,,,,0.0,,stop_at_intersection,LANE_KEEP,,,0,,,0,0,0,,,,,,,,True,-0.3124424552851727,3.499999999501268,1.07,0.09684402821674301,False,0,1102,0.0
1102,63.5759209,-107.63783264160156,52.12044143676758,0.0,6,,,,,,,,,,,,0.0,,stop_at_intersection,LANE_KEEP,,,0,,,0,0,0,,,,,,,,True,-0.3124424552851727,3.499999999501268,1.07,0.09684402821674301,False,0,1103,0.0
1103,63.625920901,-107.63783264160156,52.12044143676758,0.0,6,,,,,,,,,,,,0.0,,stop_at_intersection,LANE_KEEP,,,0,,,0,0,0,,,,,,,,True,-0.3124424552851727,3.499999999501268,1.07,0.09684402821674301,False,0,1104,0.0
1104,63.675920901,-107.63783264160156,52.12044143676758,0.0,6,,,,,,,,,,,,0.0,,stop_at_intersection,LANE_KEEP,,,0,,,0,0,0,,,,,,,,True,-0.3124424552851727,3.499999999501268,1.07,0.09684402821674301,False,0,1105,0.0
1105,63.725920902,-107.63783264160156,52.12044143676758,0.0,6,,,,,,,,,,,,0.0,,stop_at_intersection,LANE_KEEP,,,0,,,0,0,0,,,,,,,,True,-0.3124424552851727,3.499999999501268,1.07,0.09684402821674301,False,0,1106,0.0
1106,63.775920903,-107.63783264160156,52.12044143676758,0.0,6,,,,,,,,,,,,0.0,,stop_at_intersection,LANE_KEEP,,,0,,,0,0,0,,,,,,,,True,-0.3124424552851727,3.499999999501268,1.07,0.09684402821674301,False,0,1107,0.0
1107,63.825920904,-107.63783264160156,52.12044143676758,0.0,6,,,,,,,,,,,,0.0,,stop_at_intersection,LANE_KEEP,,,0,,,0,0,0,,,,,,,,True,-0.3124424552851727,3.499999999501268,1.07,0.09684402821674301,False,0,1108,0.0
1108,63.875920904,-107.63783264160156,52.12044143676758,0.0,6,,,,,,,,,,,,0.0,,stop_at_intersection,LANE_KEEP,,,0,,,0,0,0,,,,,,,,True,-0.3124424552851727,3.499999999501268,1.07,0.09684402821674301,False,0,1109,0.0
1109,63.925920905,-107.63783264160156,52.12044143676758,0.0,6,,,,,,,,,,,,0.0,,stop_at_intersection,LANE_KEEP,,,0,,,0,0,0,,,,,,,,True,-0.3124424552851727,3.499999999501268,1.07,0.09684402821674301,False,0,1110,0.0
1110,63.975920906,-107.63783264160156,52.12044143676758,0.0,6,,,,,,,,,,,,0.0,,stop_at_intersection,LANE_KEEP,,,0,,,0,0,0,,,,,,,,True,-0.3124424552851727,3.499999999501268,1.07,0.09684402821674301,False,0,1111,0.0
1111,64.025920907,-107.63783264160156,52.12044143676758,0.0,6,,,,,,,,,,,,0.0,,stop_at_intersection,LANE_KEEP,,,0,,,0,0,0,,,,,,,,True,-0.3124424552851727,3.499999999501268,1.07,0.09684402821674301,False,0,1112,0.0
1112,64.075920907,-107.63783264160156,52.12044143676758,0.0,6,,,,,,,,,,,,0.0,,stop_at_intersection,LANE_KEEP,,,0,,,0,0,0,,,,,,,,True,-0.3124424552851727,3.499999999501268,1.07,0.09684402821674301,False,0,1113,0.0
1113,64.125920908,-107.63783264160156,52.12044143676758,0.0,6,,,,,,,,,,,,0.0,,stop_at_intersection,LANE_KEEP,,,0,,,0,0,0,,,,,,,,True,-0.3124424552851727,3.499999999501268,1.07,0.09684402821674301,False,0,1114,0.0
1114,64.175920909,-107.63783264160156,52.12044143676758,0.0,6,,,,,,,,,,,,0.0,,stop_at_intersection,LANE_KEEP,,,0,,,0,0,0,,,,,,,,True,-0.3124424552851727,3.499999999501268,1.07,0.09684402821674301,False,0,1115,0.0
1115,64.22592091,-107.63783264160156,52.12044143676758,0.0,6,,,,,,,,,,,,0.0,,stop_at_intersection,LANE_KEEP,,,0,,,0,0,0,,,,,,,,True,-0.3124424552851727,3.499999999501268,1.07,0.09684402821674301,False,0,1116,0.0
1116,64.27592091,-107.63783264160156,52.12044143676758,0.0,6,,,,,,,,,,,,0.0,,stop_at_intersection,LANE_KEEP,,,0,,,0,0,0,,,,,,,,True,-0.3124424552851727,3.499999999501268,1.07,0.09684402821674301,False,0,1117,0.0
1117,64.325920911,-107.63783264160156,52.12044143676758,0.0,6,,,,,,,,,,,,0.0,,stop_at_intersection,LANE_KEEP,,,0,,,0,0,0,,,,,,,,True,-0.3124424552851727,3.499999999501268,1.07,0.09684402821674301,False,0,1118,0.0
1118,64.375920912,-107.63783264160156,52.12044143676758,0.0,6,,,,,,,,,,,,0.0,,stop_at_intersection,LANE_KEEP,,,0,,,0,0,0,,,,,,,,True,-0.3124424552851727,3.499999999501268,1.07,0.09684402821674301,False,0,1119,0.0
1119,64.425920913,-107.63783264160156,52.12044143676758,0.0,6,,,,,,,,,,,,0.0,,stop_at_intersection,LANE_KEEP,,,0,,,0,0,0,,,,,,,,True,-0.3124424552851727,3.499999999501268,1.07,0.09684402821674301,False,0,1120,0.0
1120,64.475920913,-107.63783264160156,52.12044143676758,0.0,6,,,,,,,,,,,,0.0,,stop_at_intersection,LANE_KEEP,,,0,,,0,0,0,,,,,,,,True,-0.3124424552851727,3.499999999501268,1.07,0.09684402821674301,False,0,1121,0.0
1121,64.525920914,-107.63783264160156,52.12044143676758,0.0,6,,,,,,,,,,,,0.0,,stop_at_intersection,LANE_KEEP,,,0,,,0,0,0,,,,,,,,True,-0.3124424552851727,3.499999999501268,1.07,0.09684402821674301,False,0,1122,0.0
1122,64.575920915,-107.63783264160156,52.12044143676758,0.0,6,,,,,,,,,,,,0.0,,stop_at_intersection,LANE_KEEP,,,0,,,0,0,0,,,,,,,,True,-0.3124424552851727,3.499999999501268,1.07,0.09684402821674301,False,0,1123,0.0
1123,64.625920916,-107.63783264160156,52.12044143676758,0.0,6,,,,,,,,,,,,0.0,,stop_at_intersection,LANE_KEEP,,,0,,,0,0,0,,,,,,,,True,-0.3124424552851727,3.499999999501268,1.07,0.09684402821674301,False,0,1124,0.0
1124,64.675920916,-107.63783264160156,52.12044143676758,0.0,6,,,,,,,,,,,,0.0,,stop_at_intersection,LANE_KEEP,,,0,,,0,0,0,,,,,,,,True,-0.3124424552851727,3.499999999501268,1.07,0.09684402821674301,False,0,1125,0.0
1125,64.725920917,-107.63783264160156,52.12044143676758,0.0,6,,,,,,,,,,,,0.0,,stop_at_intersection,LANE_KEEP,,,0,,,0,0,0,,,,,,,,True,-0.3124424552851727,3.499999999501268,1.07,0.09684402821674301,False,0,1126,0.0
1126,64.775920918,-107.63783264160156,52.12044143676758,0.0,6,,,,,,,,,,,,0.0,,stop_at_intersection,LANE_KEEP,,,0,,,0,0,0,,,,,,,,True,-0.3124424552851727,3.499999999501268,1.07,0.09684402821674301,False,0,1127,0.0
1127,64.825920919,-107.63783264160156,52.12044143676758,0.0,6,,,,,,,,,,,,0.0,,stop_at_intersection,LANE_KEEP,,,0,,,0,0,0,,,,,,,,True,-0.3124424552851727,3.499999999501268,1.07,0.09684402821674301,False,0,1128,0.0
1128,64.875920919,-107.63783264160156,52.12044143676758,0.0,6,,,,,,,,,,,,0.0,,stop_at_intersection,LANE_KEEP,,,0,,,0,0,0,,,,,,,,True,-0.3124424552851727,3.499999999501268,1.07,0.09684402821674301,False,0,1129,0.0
1129,64.92592092,-107.63783264160156,52.12044143676758,0.0,6,,,,,,,,,,,,0.0,,stop_at_intersection,LANE_KEEP,,,0,,,0,0,0,,,,,,,,True,-0.3124424552851727,3.499999999501268,1.07,0.09684402821674301,False,0,1130,0.0
1130,64.975920921,-107.63783264160156,52.12044143676758,0.0,6,,,,,,,,,,,,0.0,,stop_at_intersection,LANE_KEEP,,,0,,,0,0,0,,,,,,,,True,-0.3124424552851727,3.499999999501268,1.07,0.09684402821674301,False,0,1131,0.0
1131,65.025920922,-107.63783264160156,52.12044143676758,0.0,6,,,,,,,,,,,,0.0,,stop_at_intersection,LANE_KEEP,,,0,,,0,0,0,,,,,,,,True,-0.3124424552851727,3.499999999501268,1.07,0.09684402821674301,False,0,1132,0.0
1132,65.075920922,-107.63783264160156,52.12044143676758,0.0,6,,,,,,,,,,,,0.0,,stop_at_intersection,LANE_KEEP,,,0,,,0,0,0,,,,,,,,True,-0.3124424552851727,3.499999999501268,1.07,0.09684402821674301,False,0,1133,0.0
1133,65.125920923,-107.63783264160156,52.12044143676758,0.0,6,,,,,,,,,,,,0.0,,stop_at_intersection,LANE_KEEP,,,0,,,0,0,0,,,,,,,,True,-0.3124424552851727,3.499999999501268,1.07,0.09684402821674301,False,0,1134,0.0
1134,65.175920924,-107.63783264160156,52.12044143676758,0.0,6,,,,,,,,,,,,0.0,,stop_at_intersection,LANE_KEEP,,,0,,,0,0,0,,,,,,,,True,-0.3124424552851727,3.499999999501268,1.07,0.09684402821674301,False,0,1135,0.0
1135,65.225920925,-107.63783264160156,52.12044143676758,0.0,6,,,,,,,,,,,,0.0,,stop_at_intersection,LANE_KEEP,,,0,,,0,0,0,,,,,,,,True,-0.3124424552851727,3.499999999501268,1.07,0.09684402821674301,False,0,1136,0.0
1136,65.275920925,-107.63783264160156,52.12044143676758,0.0,6,,,,,,,,,,,,0.0,,stop_at_intersection,LANE_KEEP,,,0,,,0,0,0,,,,,,,,True,-0.3124424552851727,3.499999999501268,1.07,0.09684402821674301,False,0,1137,0.0
1137,65.325920926,-107.63783264160156,52.12044143676758,0.0,6,,,,,,,,,,,,0.0,,stop_at_intersection,LANE_KEEP,,,0,,,0,0,0,,,,,,,,True,-0.3124424552851727,3.499999999501268,1.07,0.09684402821674301,False,0,1138,0.0
1138,65.375920927,-107.63783264160156,52.12044143676758,0.0,7,,,,,,,,,,,,0.0,,stop_at_intersection,LANE_KEEP,,,0,,,0,0,0,,,,,,,,True,-0.3124424552851727,3.499999999501268,1.07,0.09684402821674301,False,0,1139,0.0
1139,65.425920928,-107.63783264160156,52.12044143676758,0.0,7,,,,,,,,,,,,0.0,,stop_at_intersection,LANE_KEEP,,,0,,,0,0,0,,,,,,,,True,-0.3124424552851727,3.499999999501268,1.07,0.09684402821674301,False,0,1140,0.0
1140,65.475920928,-107.63783264160156,52.12044143676758,0.0,7,,,,,,,,,,,,0.0,,stop_at_intersection,LANE_KEEP,,,0,,,0,0,0,,,,,,,,True,-0.3124424552851727,3.499999999501268,1.07,0.09684402821674301,False,0,1141,0.0
1141,65.525920929,-107.63783264160156,52.12044143676758,0.0,7,,,,,,,,,,,,0.0,,stop_at_intersection,LANE_KEEP,,,0,,,0,0,0,,,,,,,,True,-0.3124424552851727,3.499999999501268,1.07,0.09684402821674301,False,0,1142,0.0
1142,65.57592093,-107.63783264160156,52.12044143676758,0.0,7,,,,,,,,,,,,0.0,,stop_at_intersection,LANE_KEEP,,,0,,,0,0,0,,,,,,,,True,-0.3124424552851727,3.499999999501268,1.07,0.09684402821674301,False,0,1143,0.0
1143,65.625920931,-107.63783264160156,52.12044143676758,0.0,7,,,,,,,,,,,,0.0,,stop_at_intersection,LANE_KEEP,,,0,,,0,0,0,,,,,,,,True,-0.3124424552851727,3.499999999501268,1.07,0.09684402821674301,False,0,1144,0.0
1144,65.675920931,-107.63783264160156,52.12044143676758,0.0,7,,,,,,,,,,,,0.0,,stop_at_intersection,LANE_KEEP,,,0,,,0,0,0,,,,,,,,True,-0.3124424552851727,3.499999999501268,1.07,0.09684402821674301,False,0,1145,0.0
1145,65.725920932,-107.63783264160156,52.12044143676758,0.0,7,,,,,,,,,,,,0.0,,stop_at_intersection,LANE_KEEP,,,0,,,0,0,0,,,,,,,,True,-0.3124424552851727,3.499999999501268,1.07,0.09684402821674301,False,0,1146,0.0
1146,65.775920933,-107.63783264160156,52.12044143676758,0.0,7,,,,,,,,,,,,0.0,,stop_at_intersection,LANE_KEEP,,,0,,,0,0,0,,,,,,,,True,-0.3124424552851727,3.499999999501268,1.07,0.09684402821674301,False,0,1147,0.0
1147,65.825920934,-107.63783264160156,52.12044143676758,0.0,7,,,,,,,,,,,,0.0,,stop_at_intersection,LANE_KEEP,,,0,,,0,0,0,,,,,,,,True,-0.3124424552851727,3.499999999501268,1.07,0.09684402821674301,False,0,1148,0.0
1148,65.875920934,-107.63783264160156,52.12044143676758,0.0,7,,,,,,,,,,,,0.0,,stop_at_intersection,LANE_KEEP,,,0,,,0,0,0,,,,,,,,True,-0.3124424552851727,3.499999999501268,1.07,0.09684402821674301,False,0,1149,0.0
1149,65.925920935,-107.63783264160156,52.12044143676758,0.0,7,,,,,,,,,,,,0.0,,stop_at_intersection,LANE_KEEP,,,0,,,0,0,0,,,,,,,,True,-0.3124424552851727,3.499999999501268,1.07,0.09684402821674301,False,0,1150,0.0
1150,65.975920936,-107.63783264160156,52.12044143676758,0.0,7,,,,,,,,,,,,0.0,,stop_at_intersection,LANE_KEEP,,,0,,,0,0,0,,,,,,,,True,-0.3124424552851727,3.499999999501268,1.07,0.09684402821674301,False,0,1151,0.0
1151,66.025920937,-107.63783264160156,52.12044143676758,0.0,7,,,,,,,,,,,,0.0,,stop_at_intersection,LANE_KEEP,,,0,,,0,0,0,,,,,,,,True,-0.3124424552851727,3.499999999501268,1.07,0.09684402821674301,False,0,1152,0.0
1152,66.075920937,-107.63783264160156,52.12044143676758,0.0,7,,,,,,,,,,,,0.0,,stop_at_intersection,LANE_KEEP,,,0,,,0,0,0,,,,,,,,True,-0.3124424552851727,3.499999999501268,1.07,0.09684402821674301,False,0,1153,0.0
1153,66.125920938,-107.63783264160156,52.12044143676758,0.0,7,,,,,,,,,,,,0.0,,stop_at_intersection,LANE_KEEP,,,0,,,0,0,0,,,,,,,,True,-0.3124424552851727,3.499999999501268,1.07,0.09684402821674301,False,0,1154,0.0
1154,66.175920939,-107.63783264160156,52.12044143676758,0.0,7,,,,,,,,,,,,0.0,,stop_at_intersection,LANE_KEEP,,,0,,,0,0,0,,,,,,,,True,-0.3124424552851727,3.499999999501268,1.07,0.09684402821674301,False,0,1155,0.0
1155,66.225920939,-107.63783264160156,52.12044143676758,0.0,7,,,,,,,,,,,,0.0,,stop_at_intersection,LANE_KEEP,,,0,,,0,0,0,,,,,,,,True,-0.3124424552851727,3.499999999501268,1.07,0.09684402821674301,False,0,1156,0.0
1156,66.27592094,-107.63783264160156,52.12044143676758,0.0,7,,,,,,,,,,,,0.0,,stop_at_intersection,LANE_KEEP,,,0,,,0,0,0,,,,,,,,True,-0.3124424552851727,3.499999999501268,1.07,0.09684402821674301,False,0,1157,0.0
1157,66.325920941,-107.63783264160156,52.12044143676758,0.0,7,,,,,,,,,,,,0.0,,stop_at_intersection,LANE_KEEP,,,0,,,0,0,0,,,,,,,,True,-0.3124424552851727,3.499999999501268,1.07,0.09684402821674301,False,0,1158,0.0
1158,66.375920942,-107.63783264160156,52.12044143676758,0.0,7,,,,,,,,,,,,0.0,,stop_at_intersection,LANE_KEEP,,,0,,,0,0,0,,,,,,,,True,-0.3124424552851727,3.499999999501268,1.07,0.09684402821674301,False,0,1159,0.0
1159,66.425920942,-107.63783264160156,52.12044143676758,0.0,7,,,,,,,,,,,,0.0,,stop_at_intersection,LANE_KEEP,,,0,,,0,0,0,,,,,,,,True,-0.3124424552851727,3.499999999501268,1.07,0.09684402821674301,False,0,1160,0.0
1160,66.475920943,-107.63783264160156,52.12044143676758,0.0,7,,,,,,,,,,,,0.0,,stop_at_intersection,LANE_KEEP,,,0,,,0,0,0,,,,,,,,True,-0.3124424552851727,3.499999999501268,1.07,0.09684402821674301,False,0,1161,0.0
1161,66.525920944,-107.63783264160156,52.12044143676758,0.0,7,,,,,,,,,,,,0.0,,stop_at_intersection,LANE_KEEP,,,0,,,0,0,0,,,,,,,,True,-0.3124424552851727,3.499999999501268,1.07,0.09684402821674301,False,0,1162,0.0
1162,66.57592094500001,-107.63783264160156,52.12044143676758,0.0,7,,,,,,,,,,,,0.0,,stop_at_intersection,LANE_KEEP,,,0,,,0,0,0,,,,,,,,True,-0.3124424552851727,3.499999999501268,1.07,0.09684402821674301,False,0,1163,0.0
1163,66.625920945,-107.63783264160156,52.12044143676758,0.0,7,,,,,,,,,,,,0.0,,stop_at_intersection,LANE_KEEP,,,0,,,0,0,0,,,,,,,,True,-0.3124424552851727,3.499999999501268,1.07,0.09684402821674301,False,0,1164,0.0
1164,66.675920946,-107.63783264160156,52.12044143676758,0.0,7,,,,,,,,,,,,0.0,,stop_at_intersection,LANE_KEEP,,,0,,,0,0,0,,,,,,,,True,-0.3124424552851727,3.499999999501268,1.07,0.09684402821674301,False,0,1165,0.0
1165,66.725920947,-107.63783264160156,52.12044143676758,0.0,8,,,,,,,,,,,,0.0,,stop_at_intersection,LANE_KEEP,,,0,,,0,0,0,,,,,,,,True,-0.3124424552851727,3.499999999501268,1.07,0.09684402821674301,False,0,1166,0.0
1166,66.775920948,-107.63783264160156,52.12044143676758,0.0,8,,,,,,,,,,,,0.0,,stop_at_intersection,LANE_KEEP,,,0,,,0,0,0,,,,,,,,True,-0.3124424552851727,3.499999999501268,1.07,0.09684402821674301,False,0,1167,0.0
1167,66.825920948,-107.63783264160156,52.12044143676758,0.0,8,,,,,,,,,,,,0.0,,stop_at_intersection,LANE_KEEP,,,0,,,0,0,0,,,,,,,,True,-0.3124424552851727,3.499999999501268,1.07,0.09684402821674301,False,0,1168,0.0
1168,66.875920949,-107.63783264160156,52.12044143676758,0.0,8,,,,,,,,,,,,0.0,,stop_at_intersection,LANE_KEEP,,,0,,,0,0,0,,,,,,,,True,-0.3124424552851727,3.499999999501268,1.07,0.09684402821674301,False,0,1169,0.0
1169,66.92592095,-107.63783264160156,52.12044143676758,0.0,8,,,,,,,,,,,,0.0,,stop_at_intersection,LANE_KEEP,,,0,,,0,0,0,,,,,,,,True,-0.3124424552851727,3.499999999501268,1.07,0.09684402821674301,False,0,1170,0.0
1170,66.975920951,-107.63783264160156,52.12044143676758,0.0,8,,,,,,,,,,,,0.0,,stop_at_intersection,LANE_KEEP,,,0,,,0,0,0,,,,,,,,True,-0.3124424552851727,3.499999999501268,1.07,0.09684402821674301,False,0,1171,0.0
1171,67.025920951,-107.63783264160156,52.12044143676758,0.0,8,,,,,,,,,,,,0.0,,stop_at_intersection,LANE_KEEP,,,0,,,0,0,0,,,,,,,,True,-0.3124424552851727,3.499999999501268,1.07,0.09684402821674301,False,0,1172,0.0
1172,67.075920952,-107.63783264160156,52.12044143676758,0.0,8,,,,,,,,,,,,0.0,,stop_at_intersection,LANE_KEEP,,,0,,,0,0,0,,,,,,,,True,-0.3124424552851727,3.499999999501268,1.07,0.09684402821674301,False,0,1173,0.0
1173,67.125920953,-107.63783264160156,52.12044143676758,0.0,8,,,,,,,,,,,,0.0,,stop_at_intersection,LANE_KEEP,,,0,,,0,0,0,,,,,,,,True,-0.3124424552851727,3.499999999501268,1.07,0.09684402821674301,False,0,1174,0.0
1174,67.175920954,-107.63783264160156,52.12044143676758,0.0,8,,,,,,,,,,,,0.0,,stop_at_intersection,LANE_KEEP,,,0,,,0,0,0,,,,,,,,True,-0.3124424552851727,3.499999999501268,1.07,0.09684402821674301,False,0,1175,0.0
1175,67.225920954,-107.63783264160156,52.12044143676758,0.0,8,,,,,,,,,,,,0.0,,stop_at_intersection,LANE_KEEP,,,0,,,0,0,0,,,,,,,,True,-0.3124424552851727,3.499999999501268,1.07,0.09684402821674301,False,0,1176,0.0
1176,67.275920955,-107.63783264160156,52.12044143676758,0.0,8,,,,,,,,,,,,0.0,,stop_at_intersection,LANE_KEEP,,,0,,,0,0,0,,,,,,,,True,-0.3124424552851727,3.499999999501268,1.07,0.09684402821674301,False,0,1177,0.0
1177,67.325920956,-107.63783264160156,52.12044143676758,0.0,8,,,,,,,,,,,,0.0,,stop_at_intersection,LANE_KEEP,,,0,,,0,0,0,,,,,,,,True,-0.3124424552851727,3.499999999501268,1.07,0.09684402821674301,False,0,1178,0.0
1178,67.375920957,-107.63783264160156,52.12044143676758,0.0,8,,,,,,,,,,,,0.0,,stop_at_intersection,LANE_KEEP,,,0,,,0,0,0,,,,,,,,True,-0.3124424552851727,3.499999999501268,1.07,0.09684402821674301,False,0,1179,0.0
1179,67.425920957,-107.63783264160156,52.12044143676758,0.0,8,,,,,,,,,,,,0.0,,stop_at_intersection,LANE_KEEP,,,0,,,0,0,0,,,,,,,,True,-0.3124424552851727,3.499999999501268,1.07,0.09684402821674301,False,0,1180,0.0
1180,67.475920958,-107.63783264160156,52.12044143676758,0.0,8,,,,,,,,,,,,0.0,,stop_at_intersection,LANE_KEEP,,,0,,,0,0,0,,,,,,,,True,-0.3124424552851727,3.499999999501268,1.07,0.09684402821674301,False,0,1181,0.0
1181,67.525920959,-107.63783264160156,52.12044143676758,0.0,8,,,,,,,,,,,,0.0,,stop_at_intersection,LANE_KEEP,,,0,,,0,0,0,,,,,,,,True,-0.3124424552851727,3.499999999501268,1.07,0.09684402821674301,False,0,1182,0.0
1182,67.57592096,-107.63783264160156,52.12044143676758,0.0,8,,,,,,,,,,,,0.0,,stop_at_intersection,LANE_KEEP,,,0,,,0,0,0,,,,,,,,True,-0.3124424552851727,3.499999999501268,1.07,0.09684402821674301,False,0,1183,0.0
1183,67.62592096,-107.63783264160156,52.12044143676758,0.0,8,,,,,,,,,,,,0.0,,stop_at_intersection,LANE_KEEP,,,0,,,0,0,0,,,,,,,,True,-0.3124424552851727,3.499999999501268,1.07,0.09684402821674301,False,0,1184,0.0
1184,67.675920961,-107.63783264160156,52.12044143676758,0.0,8,,,,,,,,,,,,0.0,,stop_at_intersection,LANE_KEEP,,,0,,,0,0,0,,,,,,,,True,-0.3124424552851727,3.499999999501268,1.07,0.09684402821674301,False,0,1185,0.0
1185,67.725920962,-107.63783264160156,52.12044143676758,0.0,8,,,,,,,,,,,,0.0,,stop_at_intersection,LANE_KEEP,,,0,,,0,0,0,,,,,,,,True,-0.3124424552851727,3.499999999501268,1.07,0.09684402821674301,False,0,1186,0.0
1186,67.775920963,-107.63783264160156,52.12044143676758,0.0,8,,,,,,,,,,,,0.0,,stop_at_intersection,LANE_KEEP,,,0,,,0,0,0,,,,,,,,True,-0.3124424552851727,3.499999999501268,1.07,0.09684402821674301,False,0,1187,0.0
1187,67.825920963,-107.63783264160156,52.12044143676758,0.0,8,,,,,,,,,,,,0.0,,stop_at_intersection,LANE_KEEP,,,0,,,0,0,0,,,,,,,,True,-0.3124424552851727,3.499999999501268,1.07,0.09684402821674301,False,0,1188,0.0
1188,67.875920964,-107.63783264160156,52.12044143676758,0.0,8,,,,,,,,,,,,0.0,,stop_at_intersection,LANE_KEEP,,,0,,,0,0,0,,,,,,,,True,-0.3124424552851727,3.499999999501268,1.07,0.09684402821674301,False,0,1189,0.0
1189,67.925920965,-107.63783264160156,52.12044143676758,0.0,8,,,,,,,,,,,,0.0,,stop_at_intersection,LANE_KEEP,,,0,,,0,0,0,,,,,,,,True,-0.3124424552851727,3.499999999501268,1.07,0.09684402821674301,False,0,1190,0.0
1190,67.975920966,-107.63783264160156,52.12044143676758,0.0,8,,,,,,,,,,,,0.0,,stop_at_intersection,LANE_KEEP,,,0,,,0,0,0,,,,,,,,True,-0.3124424552851727,3.499999999501268,1.07,0.09684402821674301,False,0,1191,0.0
1191,68.025920966,-107.63783264160156,52.12044143676758,0.0,8,,,,,,,,,,,,0.0,,stop_at_intersection,LANE_KEEP,,,0,,,0,0,0,,,,,,,,True,-0.3124424552851727,3.499999999501268,1.07,0.09684402821674301,False,0,1192,0.0
1192,68.075920967,-107.63783264160156,52.12044143676758,0.0,8,,,,,,,,,,,,0.0,,stop_at_intersection,LANE_KEEP,,,0,,,0,0,0,,,,,,,,True,-0.3124424552851727,3.499999999501268,1.07,0.09684402821674301,False,0,1193,0.0
1193,68.125920968,-107.63783264160156,52.12044143676758,0.0,8,,,,,,,,,,,,0.0,,stop_at_intersection,LANE_KEEP,,,0,,,0,0,0,,,,,,,,True,-0.3124424552851727,3.499999999501268,1.07,0.09684402821674301,False,0,1194,0.0
1194,68.175920969,-107.63783264160156,52.12044143676758,0.0,8,,,,,,,,,,,,0.0,,stop_at_intersection,LANE_KEEP,,,0,,,0,0,0,,,,,,,,True,-0.3124424552851727,3.499999999501268,1.07,0.09684402821674301,False,0,1195,0.0
1195,68.225920969,-107.63783264160156,52.12044143676758,0.0,8,,,,,,,,,,,,0.0,,stop_at_intersection,LANE_KEEP,,,0,,,0,0,0,,,,,,,,True,-0.3124424552851727,3.499999999501268,1.07,0.09684402821674301,False,0,1196,0.0
1196,68.27592097,-107.63783264160156,52.12044143676758,0.0,8,,,,,,,,,,,,0.0,,stop_at_intersection,LANE_KEEP,,,0,,,0,0,0,,,,,,,,True,-0.3124424552851727,3.499999999501268,1.07,0.09684402821674301,False,0,1197,0.0
1197,68.325920971,-107.63783264160156,52.12044143676758,0.0,8,,,,,,,,,,,,0.0,,stop_at_intersection,LANE_KEEP,,,0,,,0,0,0,,,,,,,,True,-0.3124424552851727,3.499999999501268,1.07,0.09684402821674301,False,0,1198,0.0
1198,68.375920972,-107.63783264160156,52.12044143676758,0.0,8,,,,,,,,,,,,0.0,,stop_at_intersection,LANE_KEEP,,,0,,,0,0,0,,,,,,,,True,-0.3124424552851727,3.499999999501268,1.07,0.09684402821674301,False,0,1199,0.0
1199,68.425920972,-107.63783264160156,52.12044143676758,0.0,8,,,,,,,,,,,,0.0,,stop_at_intersection,LANE_KEEP,,,0,,,0,0,0,,,,,,,,True,-0.3124424552851727,3.499999999501268,1.07,0.09684402821674301,False,0,1200,0.0
1200,68.475920973,-107.63783264160156,52.12044143676758,0.0,8,,,,,,,,,,,,0.0,,stop_at_intersection,LANE_KEEP,,,0,,,0,0,0,,,,,,,,True,-0.3124424552851727,3.499999999501268,1.07,0.09684402821674301,False,0,1201,0.0
1201,68.525920974,-107.63783264160156,52.12044143676758,0.0,8,,,,,,,,,,,,0.0,,stop_at_intersection,LANE_KEEP,,,0,,,0,0,0,,,,,,,,True,-0.3124424552851727,3.499999999501268,1.07,0.09684402821674301,False,0,1202,0.0
1202,68.575920975,-107.63783264160156,52.12044143676758,0.0,8,,,,,,,,,,,,0.0,,stop_at_intersection,LANE_KEEP,,,0,,,0,0,0,,,,,,,,True,-0.3124424552851727,3.499999999501268,1.07,0.09684402821674301,False,0,1203,0.0
1203,68.625920975,-107.63783264160156,52.12044143676758,0.0,8,,,,,,,,,,,,0.0,,stop_at_intersection,LANE_KEEP,,,0,,,0,0,0,,,,,,,,True,-0.3124424552851727,3.499999999501268,1.07,0.09684402821674301,False,0,1204,0.0
1204,68.675920976,-107.63783264160156,52.12044143676758,0.0,8,,,,,,,,,,,,0.0,,stop_at_intersection,LANE_KEEP,,,0,,,0,0,0,,,,,,,,True,-0.3124424552851727,3.499999999501268,1.07,0.09684402821674301,False,0,1205,0.0
1205,68.725920977,-107.63783264160156,52.12044143676758,0.0,8,,,,,,,,,,,,0.0,,stop_at_intersection,LANE_KEEP,,,0,,,0,0,0,,,,,,,,True,-0.3124424552851727,3.499999999501268,1.07,0.09684402821674301,False,0,1206,0.0
1206,68.775920977,-107.63783264160156,52.12044143676758,0.0,8,,,,,,,,,,,,0.0,,stop_at_intersection,LANE_KEEP,,,0,,,0,0,0,,,,,,,,True,-0.3124424552851727,3.499999999501268,1.07,0.09684402821674301,False,0,1207,0.0
1207,68.825920978,-107.63783264160156,52.12044143676758,0.0,8,,,,,,,,,,,,0.0,,stop_at_intersection,LANE_KEEP,,,0,,,0,0,0,,,,,,,,True,-0.3124424552851727,3.499999999501268,1.07,0.09684402821674301,False,0,1208,0.0
1208,68.875920979,-107.63783264160156,52.12044143676758,0.0,8,,,,,,,,,,,,0.0,,stop_at_intersection,LANE_KEEP,,,0,,,0,0,0,,,,,,,,True,-0.3124424552851727,3.499999999501268,1.07,0.09684402821674301,False,0,1209,0.0
1209,68.92592098,-107.63783264160156,52.12044143676758,0.0,8,,,,,,,,,,,,0.0,,stop_at_intersection,LANE_KEEP,,,0,,,0,0,0,,,,,,,,True,-0.3124424552851727,3.499999999501268,1.07,0.09684402821674301,False,0,1210,0.0
1210,68.97592098,-107.63783264160156,52.12044143676758,0.0,8,,,,,,,,,,,,0.0,,stop_at_intersection,LANE_KEEP,,,0,,,0,0,0,,,,,,,,True,-0.3124424552851727,3.499999999501268,1.07,0.09684402821674301,False,0,1211,0.0
1211,69.025920981,-107.63783264160156,52.12044143676758,0.0,8,,,,,,,,,,,,0.0,,stop_at_intersection,LANE_KEEP,,,0,,,0,0,0,,,,,,,,True,-0.3124424552851727,3.499999999501268,1.07,0.09684402821674301,False,0,1212,0.0
1212,69.075920982,-107.63783264160156,52.12044143676758,0.0,8,,,,,,,,,,,,0.0,,stop_at_intersection,LANE_KEEP,,,0,,,0,0,0,,,,,,,,True,-0.3124424552851727,3.499999999501268,1.07,0.09684402821674301,False,0,1213,0.0
1213,69.125920983,-107.63783264160156,52.12044143676758,0.0,8,,,,,,,,,,,,0.0,,stop_at_intersection,LANE_KEEP,,,0,,,0,0,0,,,,,,,,True,-0.3124424552851727,3.499999999501268,1.07,0.09684402821674301,False,0,1214,0.0
1214,69.175920983,-107.63783264160156,52.12044143676758,0.0,8,,,,,,,,,,,,0.0,,stop_at_intersection,LANE_KEEP,,,0,,,0,0,0,,,,,,,,True,-0.3124424552851727,3.499999999501268,1.07,0.09684402821674301,False,0,1215,0.0
1215,69.225920984,-107.63783264160156,52.12044143676758,0.0,8,,,,,,,,,,,,0.0,,stop_at_intersection,LANE_KEEP,,,0,,,0,0,0,,,,,,,,True,-0.3124424552851727,3.499999999501268,1.07,0.09684402821674301,False,0,1216,0.0
1216,69.275920985,-107.63783264160156,52.12044143676758,0.0,8,,,,,,,,,,,,0.0,,stop_at_intersection,LANE_KEEP,,,0,,,0,0,0,,,,,,,,True,-0.3124424552851727,3.499999999501268,1.07,0.09684402821674301,False,0,1217,0.0
1217,69.325920986,-107.63783264160156,52.12044143676758,0.0,8,,,,,,,,,,,,0.0,,stop_at_intersection,LANE_KEEP,,,0,,,0,0,0,,,,,,,,True,-0.3124424552851727,3.499999999501268,1.07,0.09684402821674301,False,0,1218,0.0
1218,69.375920986,-107.63783264160156,52.12044143676758,0.0,8,,,,,,,,,,,,0.0,,stop_at_intersection,LANE_KEEP,,,0,,,0,0,0,,,,,,,,True,-0.3124424552851727,3.499999999501268,1.07,0.09684402821674301,False,0,1219,0.0
1219,69.425920987,-107.63783264160156,52.12044143676758,0.0,8,,,,,,,,,,,,0.0,,stop_at_intersection,LANE_KEEP,,,0,,,0,0,0,,,,,,,,True,-0.3124424552851727,3.499999999501268,1.07,0.09684402821674301,False,0,1220,0.0
1220,69.475920988,-107.63783264160156,52.12044143676758,0.0,8,,,,,,,,,,,,0.0,,stop_at_intersection,LANE_KEEP,,,0,,,0,0,0,,,,,,,,True,-0.3124424552851727,3.499999999501268,1.07,0.09684402821674301,False,0,1221,0.0
1221,69.525920989,-107.63783264160156,52.12044143676758,0.0,8,,,,,,,,,,,,0.0,,stop_at_intersection,LANE_KEEP,,,0,,,0,0,0,,,,,,,,True,-0.3124424552851727,3.499999999501268,1.07,0.09684402821674301,False,0,1222,0.0
1222,69.575920989,-107.63783264160156,52.12044143676758,0.0,8,,,,,,,,,,,,0.0,,stop_at_intersection,LANE_KEEP,,,0,,,0,0,0,,,,,,,,True,-0.3124424552851727,3.499999999501268,1.07,0.09684402821674301,False,0,1223,0.0
1223,69.62592099,-107.63783264160156,52.12044143676758,0.0,8,,,,,,,,,,,,0.0,,stop_at_intersection,LANE_KEEP,,,0,,,0,0,0,,,,,,,,True,-0.3124424552851727,3.499999999501268,1.07,0.09684402821674301,False,0,1224,0.0
1224,69.675920991,-107.63783264160156,52.12044143676758,0.0,8,,,,,,,,,,,,0.0,,stop_at_intersection,LANE_KEEP,,,0,,,0,0,0,,,,,,,,True,-0.3124424552851727,3.499999999501268,1.07,0.09684402821674301,False,0,1225,0.0
1225,69.725920992,-107.63783264160156,52.12044143676758,0.0,8,,,,,,,,,,,,0.0,,stop_at_intersection,LANE_KEEP,,,0,,,0,0,0,,,,,,,,True,-0.3124424552851727,3.499999999501268,1.07,0.09684402821674301,False,0,1226,0.0
1226,69.775920992,-107.63783264160156,52.12044143676758,0.0,8,,,,,,,,,,,,0.0,,stop_at_intersection,LANE_KEEP,,,0,,,0,0,0,,,,,,,,True,-0.3124424552851727,3.499999999501268,1.07,0.09684402821674301,False,0,1227,0.0
1227,69.825920993,-107.63783264160156,52.12044143676758,0.0,8,,,,,,,,,,,,0.0,,stop_at_intersection,LANE_KEEP,,,0,,,0,0,0,,,,,,,,True,-0.3124424552851727,3.499999999501268,1.07,0.09684402821674301,False,0,1228,0.0
1228,69.875920994,-107.63783264160156,52.12044143676758,0.0,8,,,,,,,,,,,,0.0,,stop_at_intersection,LANE_KEEP,,,0,,,0,0,0,,,,,,,,True,-0.3124424552851727,3.499999999501268,1.07,0.09684402821674301,False,0,1229,0.0
1229,69.925920995,-107.63783264160156,52.12044143676758,0.0,8,,,,,,,,,,,,0.0,,stop_at_intersection,LANE_KEEP,,,0,,,0,0,0,,,,,,,,True,-0.3124424552851727,3.499999999501268,1.07,0.09684402821674301,False,0,1230,0.0
1230,69.975920995,-107.63783264160156,52.12044143676758,0.0,8,,,,,,,,,,,,0.0,,stop_at_intersection,LANE_KEEP,,,0,,,0,0,0,,,,,,,,True,-0.3124424552851727,3.499999999501268,1.07,0.09684402821674301,False,0,1231,0.0
1231,70.025920996,-107.63783264160156,52.12044143676758,0.0,8,,,,,,,,,,,,0.0,,stop_at_intersection,LANE_KEEP,,,0,,,0,0,0,,,,,,,,True,-0.3124424552851727,3.499999999501268,1.07,0.09684402821674301,False,0,1232,0.0
1232,70.075920997,-107.63783264160156,52.12044143676758,0.0,8,,,,,,,,,,,,0.0,,stop_at_intersection,LANE_KEEP,,,0,,,0,0,0,,,,,,,,True,-0.3124424552851727,3.499999999501268,1.07,0.09684402821674301,False,0,1233,0.0
1233,70.125920998,-107.63783264160156,52.12044143676758,0.0,8,,,,,,,,,,,,0.0,,stop_at_intersection,LANE_KEEP,,,0,,,0,0,0,,,,,,,,True,-0.3124424552851727,3.499999999501268,1.07,0.09684402821674301,False,0,1234,0.0
1234,70.175920998,-107.63783264160156,52.12044143676758,0.0,8,,,,,,,,,,,,0.0,,stop_at_intersection,LANE_KEEP,,,0,,,0,0,0,,,,,,,,True,-0.3124424552851727,3.499999999501268,1.07,0.09684402821674301,False,0,1235,0.0
1235,70.225920999,-107.63783264160156,52.12044143676758,0.0,8,,,,,,,,,,,,0.0,,stop_at_intersection,LANE_KEEP,,,0,,,0,0,0,,,,,,,,True,-0.3124424552851727,3.499999999501268,1.07,0.09684402821674301,False,0,1236,0.0
1236,70.275921,-107.63783264160156,52.12044143676758,0.0,8,,,,,,,,,,,,0.0,,stop_at_intersection,LANE_KEEP,,,0,,,0,0,0,,,,,,,,True,-0.3124424552851727,3.499999999501268,1.07,0.09684402821674301,False,0,1237,0.0
1237,70.325921001,-107.63783264160156,52.12044143676758,0.0,8,,,,,,,,,,,,0.0,,stop_at_intersection,LANE_KEEP,,,0,,,0,0,0,,,,,,,,True,-0.3124424552851727,3.499999999501268,1.07,0.09684402821674301,False,0,1238,0.0
1238,70.375921001,-107.63783264160156,52.12044143676758,0.0,8,,,,,,,,,,,,0.0,,stop_at_intersection,LANE_KEEP,,,0,,,0,0,0,,,,,,,,True,-0.3124424552851727,3.499999999501268,1.07,0.09684402821674301,False,0,1239,0.0
1239,70.425921002,-107.63783264160156,52.12044143676758,0.0,8,,,,,,,,,,,,0.0,,stop_at_intersection,LANE_KEEP,,,0,,,0,0,0,,,,,,,,True,-0.3124424552851727,3.499999999501268,1.07,0.09684402821674301,False,0,1240,0.0
1240,70.475921003,-107.63783264160156,52.12044143676758,0.0,8,,,,,,,,,,,,0.0,,stop_at_intersection,LANE_KEEP,,,0,,,0,0,0,,,,,,,,True,-0.3124424552851727,3.499999999501268,1.07,0.09684402821674301,False,0,1241,0.0
1241,70.525921004,-107.63783264160156,52.12044143676758,0.0,8,,,,,,,,,,,,0.0,,stop_at_intersection,LANE_KEEP,,,0,,,0,0,0,,,,,,,,True,-0.3124424552851727,3.499999999501268,1.07,0.09684402821674301,False,0,1242,0.0
1242,70.575921004,-107.63783264160156,52.12044143676758,0.0,8,,,,,,,,,,,,0.0,,stop_at_intersection,LANE_KEEP,,,0,,,0,0,0,,,,,,,,True,-0.3124424552851727,3.499999999501268,1.07,0.09684402821674301,False,0,1243,0.0
1243,70.625921005,-107.63783264160156,52.12044143676758,0.0,8,,,,,,,,,,,,0.0,,stop_at_intersection,LANE_KEEP,,,0,,,0,0,0,,,,,,,,True,-0.3124424552851727,3.499999999501268,1.07,0.09684402821674301,False,0,1244,0.0
1244,70.675921006,-107.63783264160156,52.12044143676758,0.0,8,,,,,,,,,,,,0.0,,stop_at_intersection,LANE_KEEP,,,0,,,0,0,0,,,,,,,,True,-0.3124424552851727,3.499999999501268,1.07,0.09684402821674301,False,0,1245,0.0
1245,70.725921007,-107.63783264160156,52.12044143676758,0.0,8,,,,,,,,,,,,0.0,,stop_at_intersection,LANE_KEEP,,,0,,,0,0,0,,,,,,,,True,-0.3124424552851727,3.499999999501268,1.07,0.09684402821674301,False,0,1246,0.0
1246,70.775921007,-107.63783264160156,52.12044143676758,0.0,8,,,,,,,,,,,,0.0,,stop_at_intersection,LANE_KEEP,,,0,,,0,0,0,,,,,,,,True,-0.3124424552851727,3.499999999501268,1.07,0.09684402821674301,False,0,1247,0.0
1247,70.825921008,-107.63783264160156,52.12044143676758,0.0,8,,,,,,,,,,,,0.0,,stop_at_intersection,LANE_KEEP,,,0,,,0,0,0,,,,,,,,True,-0.3124424552851727,3.499999999501268,1.07,0.09684402821674301,False,0,1248,0.0
1248,70.875921009,-107.63783264160156,52.12044143676758,0.0,8,,,,,,,,,,,,0.0,,stop_at_intersection,LANE_KEEP,,,0,,,0,0,0,,,,,,,,True,-0.3124424552851727,3.499999999501268,1.07,0.09684402821674301,False,0,1249,0.0
1249,70.92592101,-107.63783264160156,52.12044143676758,0.0,8,,,,,,,,,,,,0.0,,stop_at_intersection,LANE_KEEP,,,0,,,0,0,0,,,,,,,,True,-0.3124424552851727,3.499999999501268,1.07,0.09684402821674301,False,0,1250,0.0
1250,70.97592101,-107.63783264160156,52.12044143676758,0.0,8,,,,,,,,,,,,0.0,,stop_at_intersection,LANE_KEEP,,,0,,,0,0,0,,,,,,,,True,-0.3124424552851727,3.499999999501268,1.07,0.09684402821674301,False,0,1251,0.0
1251,71.025921011,-107.63783264160156,52.12044143676758,0.0,8,,,,,,,,,,,,0.0,,stop_at_intersection,LANE_KEEP,,,0,,,0,0,0,,,,,,,,True,-0.3124424552851727,3.499999999501268,1.07,0.09684402821674301,False,0,1252,0.0
1252,71.075921012,-107.63783264160156,52.12044143676758,0.0,8,,,,,,,,,,,,0.0,,stop_at_intersection,LANE_KEEP,,,0,,,0,0,0,,,,,,,,True,-0.3124424552851727,3.499999999501268,1.07,0.09684402821674301,False,0,1253,0.0
1253,71.125921013,-107.63783264160156,52.12044143676758,0.0,8,,,,,,,,,,,,0.0,,stop_at_intersection,LANE_KEEP,,,0,,,0,0,0,,,,,,,,True,-0.3124424552851727,3.499999999501268,1.07,0.09684402821674301,False,0,1254,0.0
1254,71.175921013,-107.63783264160156,52.12044143676758,0.0,8,,,,,,,,,,,,0.0,,stop_at_intersection,LANE_KEEP,,,0,,,0,0,0,,,,,,,,True,-0.3124424552851727,3.499999999501268,1.07,0.09684402821674301,False,0,1255,0.0
1255,71.225921014,-107.63783264160156,52.12044143676758,0.0,8,,,,,,,,,,,,0.0,,stop_at_intersection,LANE_KEEP,,,0,,,0,0,0,,,,,,,,True,-0.3124424552851727,3.499999999501268,1.07,0.09684402821674301,False,0,1256,0.0
1256,71.275921015,-107.63783264160156,52.12044143676758,0.0,8,,,,,,,,,,,,0.0,,stop_at_intersection,LANE_KEEP,,,0,,,0,0,0,,,,,,,,True,-0.3124424552851727,3.499999999501268,1.07,0.09684402821674301,False,0,1257,0.0
1257,71.325921015,-107.63783264160156,52.12044143676758,0.0,8,,,,,,,,,,,,0.0,,stop_at_intersection,LANE_KEEP,,,0,,,0,0,0,,,,,,,,True,-0.3124424552851727,3.499999999501268,1.07,0.09684402821674301,False,0,1258,0.0
1258,71.375921016,-107.63783264160156,52.12044143676758,0.0,8,,,,,,,,,,,,0.0,,stop_at_intersection,LANE_KEEP,,,0,,,0,0,0,,,,,,,,True,-0.3124424552851727,3.499999999501268,1.07,0.09684402821674301,False,0,1259,0.0
1259,71.425921017,-107.63783264160156,52.12044143676758,0.0,8,,,,,,,,,,,,0.0,,stop_at_intersection,LANE_KEEP,,,0,,,0,0,0,,,,,,,,True,-0.3124424552851727,3.499999999501268,1.07,0.09684402821674301,False,0,1260,0.0
1260,71.475921018,-107.63783264160156,52.12044143676758,0.0,8,,,,,,,,,,,,0.0,,stop_at_intersection,LANE_KEEP,,,0,,,0,0,0,,,,,,,,True,-0.3124424552851727,3.499999999501268,1.07,0.09684402821674301,False,0,1261,0.0
1261,71.525921018,-107.63783264160156,52.12044143676758,0.0,8,,,,,,,,,,,,0.0,,stop_at_intersection,LANE_KEEP,,,0,,,0,0,0,,,,,,,,True,-0.3124424552851727,3.499999999501268,1.07,0.09684402821674301,False,0,1262,0.0
1262,71.575921019,-107.63783264160156,52.12044143676758,0.0,8,,,,,,,,,,,,0.0,,stop_at_intersection,LANE_KEEP,,,0,,,0,0,0,,,,,,,,True,-0.3124424552851727,3.499999999501268,1.07,0.09684402821674301,False,0,1263,0.0
1263,71.62592102,-107.63783264160156,52.12044143676758,0.0,8,,,,,,,,,,,,0.0,,stop_at_intersection,LANE_KEEP,,,0,,,0,0,0,,,,,,,,True,-0.3124424552851727,3.499999999501268,1.07,0.09684402821674301,False,0,1264,0.0
1264,71.675921021,-107.63783264160156,52.12044143676758,0.0,8,,,,,,,,,,,,0.0,,stop_at_intersection,LANE_KEEP,,,0,,,0,0,0,,,,,,,,True,-0.3124424552851727,3.499999999501268,1.07,0.09684402821674301,False,0,1265,0.0
1265,71.725921021,-107.63783264160156,52.12044143676758,0.0,8,,,,,,,,,,,,0.0,,stop_at_intersection,LANE_KEEP,,,0,,,0,0,0,,,,,,,,True,-0.3124424552851727,3.499999999501268,1.07,0.09684402821674301,False,0,1266,0.0
1266,71.775921022,-107.63783264160156,52.12044143676758,0.0,8,,,,,,,,,,,,0.0,,stop_at_intersection,LANE_KEEP,,,0,,,0,0,0,,,,,,,,True,-0.3124424552851727,3.499999999501268,1.07,0.09684402821674301,False,0,1267,0.0
1267,71.825921023,-107.63783264160156,52.12044143676758,0.0,8,,,,,,,,,,,,0.0,,stop_at_intersection,LANE_KEEP,,,0,,,0,0,0,,,,,,,,True,-0.3124424552851727,3.499999999501268,1.07,0.09684402821674301,False,0,1268,0.0
1268,71.875921024,-107.63783264160156,52.12044143676758,0.0,8,,,,,,,,,,,,0.0,,stop_at_intersection,LANE_KEEP,,,0,,,0,0,0,,,,,,,,True,-0.3124424552851727,3.499999999501268,1.07,0.09684402821674301,False,0,1269,0.0
1269,71.925921024,-107.63783264160156,52.12044143676758,0.0,8,,,,,,,,,,,,0.0,,stop_at_intersection,LANE_KEEP,,,0,,,0,0,0,,,,,,,,True,-0.3124424552851727,3.499999999501268,1.07,0.09684402821674301,False,0,1270,0.0
1270,71.975921025,-107.63783264160156,52.12044143676758,0.0,8,,,,,,,,,,,,0.0,,stop_at_intersection,LANE_KEEP,,,0,,,0,0,0,,,,,,,,True,-0.3124424552851727,3.499999999501268,1.07,0.09684402821674301,False,0,1271,0.0
1271,72.025921026,-107.63783264160156,52.12044143676758,0.0,8,,,,,,,,,,,,0.0,,stop_at_intersection,LANE_KEEP,,,0,,,0,0,0,,,,,,,,True,-0.3124424552851727,3.499999999501268,1.07,0.09684402821674301,False,0,1272,0.0
1272,72.075921027,-107.63783264160156,52.12044143676758,0.0,8,,,,,,,,,,,,0.0,,stop_at_intersection,LANE_KEEP,,,0,,,0,0,0,,,,,,,,True,-0.3124424552851727,3.499999999501268,1.07,0.09684402821674301,False,0,1273,0.0
1273,72.125921027,-107.63783264160156,52.12044143676758,0.0,8,,,,,,,,,,,,0.0,,stop_at_intersection,LANE_KEEP,,,0,,,0,0,0,,,,,,,,True,-0.3124424552851727,3.499999999501268,1.07,0.09684402821674301,False,0,1274,0.0
1274,72.175921028,-107.63783264160156,52.12044143676758,0.0,8,,,,,,,,,,,,0.0,,stop_at_intersection,LANE_KEEP,,,0,,,0,0,0,,,,,,,,True,-0.3124424552851727,3.499999999501268,1.07,0.09684402821674301,False,0,1275,0.0
1275,72.225921029,-107.63783264160156,52.12044143676758,0.0,8,,,,,,,,,,,,0.0,,stop_at_intersection,LANE_KEEP,,,0,,,0,0,0,,,,,,,,True,-0.3124424552851727,3.499999999501268,1.07,0.09684402821674301,False,0,1276,0.0
1276,72.27592103,-107.63783264160156,52.12044143676758,0.0,8,,,,,,,,,,,,0.0,,stop_at_intersection,LANE_KEEP,,,0,,,0,0,0,,,,,,,,True,-0.3124424552851727,3.499999999501268,1.07,0.09684402821674301,False,0,1277,0.0
1277,72.32592103,-107.63783264160156,52.12044143676758,0.0,8,,,,,,,,,,,,0.0,,stop_at_intersection,LANE_KEEP,,,0,,,0,0,0,,,,,,,,True,-0.3124424552851727,3.499999999501268,1.07,0.09684402821674301,False,0,1278,0.0
1278,72.375921031,-107.63783264160156,52.12044143676758,0.0,8,,,,,,,,,,,,0.0,,stop_at_intersection,LANE_KEEP,,,0,,,0,0,0,,,,,,,,True,-0.3124424552851727,3.499999999501268,1.07,0.09684402821674301,False,0,1279,0.0
1279,72.425921032,-107.63783264160156,52.12044143676758,0.0,8,,,,,,,,,,,,0.0,,stop_at_intersection,LANE_KEEP,,,0,,,0,0,0,,,,,,,,True,-0.3124424552851727,3.499999999501268,1.07,0.09684402821674301,False,0,1280,0.0
1280,72.475921033,-107.63783264160156,52.12044143676758,0.0,8,,,,,,,,,,,,0.0,,stop_at_intersection,LANE_KEEP,,,0,,,0,0,0,,,,,,,,True,-0.3124424552851727,3.499999999501268,1.07,0.09684402821674301,False,0,1281,0.0
1281,72.525921033,-107.63783264160156,52.12044143676758,0.0,8,,,,,,,,,,,,0.0,,stop_at_intersection,LANE_KEEP,,,0,,,0,0,0,,,,,,,,True,-0.3124424552851727,3.499999999501268,1.07,0.09684402821674301,False,0,1282,0.0
1282,72.575921034,-107.63783264160156,52.12044143676758,0.0,8,,,,,,,,,,,,0.0,,stop_at_intersection,LANE_KEEP,,,0,,,0,0,0,,,,,,,,True,-0.3124424552851727,3.499999999501268,1.07,0.09684402821674301,False,0,1283,0.0
1283,72.625921035,-107.63783264160156,52.12044143676758,0.0,7,,,,,,,,,,,,0.0,,stop_at_intersection,LANE_KEEP,,,0,,,0,0,0,,,,,,,,True,-0.3124424552851727,3.499999999501268,1.07,0.09684402821674301,False,0,1284,0.0
1284,72.675921036,-107.63783264160156,52.12044143676758,0.0,7,,,,,,,,,,,,0.0,,stop_at_intersection,LANE_KEEP,,,0,,,0,0,0,,,,,,,,True,-0.3124424552851727,3.499999999501268,1.07,0.09684402821674301,False,0,1285,0.0
1285,72.725921036,-107.63783264160156,52.12044143676758,0.0,7,,,,,,,,,,,,0.0,,stop_at_intersection,LANE_KEEP,,,0,,,0,0,0,,,,,,,,True,-0.3124424552851727,3.499999999501268,1.07,0.09684402821674301,False,0,1286,0.0
1286,72.775921037,-107.63783264160156,52.12044143676758,0.0,7,,,,,,,,,,,,0.0,,stop_at_intersection,LANE_KEEP,,,0,,,0,0,0,,,,,,,,True,-0.3124424552851727,3.499999999501268,1.07,0.09684402821674301,False,0,1287,0.0
1287,72.825921038,-107.63783264160156,52.12044143676758,0.0,7,,,,,,,,,,,,0.0,,stop_at_intersection,LANE_KEEP,,,0,,,0,0,0,,,,,,,,True,-0.3124424552851727,3.499999999501268,1.07,0.09684402821674301,False,0,1288,0.0
1288,72.875921039,-107.63783264160156,52.12044143676758,0.0,7,,,,,,,,,,,,0.0,,stop_at_intersection,LANE_KEEP,,,0,,,0,0,0,,,,,,,,True,-0.3124424552851727,3.499999999501268,1.07,0.09684402821674301,False,0,1289,0.0
1289,72.925921039,-107.63783264160156,52.12044143676758,0.0,7,,,,,,,,,,,,0.0,,stop_at_intersection,LANE_KEEP,,,0,,,0,0,0,,,,,,,,True,-0.3124424552851727,3.499999999501268,1.07,0.09684402821674301,False,0,1290,0.0
1290,72.97592104,-107.63783264160156,52.12044143676758,0.0,7,,,,,,,,,,,,0.0,,stop_at_intersection,LANE_KEEP,,,0,,,0,0,0,,,,,,,,True,-0.3124424552851727,3.499999999501268,1.07,0.09684402821674301,False,0,1291,0.0
1291,73.025921041,-107.63783264160156,52.12044143676758,0.0,7,,,,,,,,,,,,0.0,,stop_at_intersection,LANE_KEEP,,,0,,,0,0,0,,,,,,,,True,-0.3124424552851727,3.499999999501268,1.07,0.09684402821674301,False,0,1292,0.0
1292,73.075921042,-107.63783264160156,52.12044143676758,0.0,7,,,,,,,,,,,,0.0,,stop_at_intersection,LANE_KEEP,,,0,,,0,0,0,,,,,,,,True,-0.3124424552851727,3.499999999501268,1.07,0.09684402821674301,False,0,1293,0.0
1293,73.125921042,-107.63783264160156,52.12044143676758,0.0,7,,,,,,,,,,,,0.0,,stop_at_intersection,LANE_KEEP,,,0,,,0,0,0,,,,,,,,True,-0.3124424552851727,3.499999999501268,1.07,0.09684402821674301,False,0,1294,0.0
1294,73.175921043,-107.63783264160156,52.12044143676758,0.0,7,,,,,,,,,,,,0.0,,stop_at_intersection,LANE_KEEP,,,0,,,0,0,0,,,,,,,,True,-0.3124424552851727,3.499999999501268,1.07,0.09684402821674301,False,0,1295,0.0
1295,73.225921044,-107.63783264160156,52.12044143676758,0.0,7,,,,,,,,,,,,0.0,,stop_at_intersection,LANE_KEEP,,,0,,,0,0,0,,,,,,,,True,-0.3124424552851727,3.499999999501268,1.07,0.09684402821674301,False,0,1296,0.0
1296,73.275921045,-107.63783264160156,52.12044143676758,0.0,7,,,,,,,,,,,,0.0,,stop_at_intersection,LANE_KEEP,,,0,,,0,0,0,,,,,,,,True,-0.3124424552851727,3.499999999501268,1.07,0.09684402821674301,False,0,1297,0.0
1297,73.325921045,-107.63783264160156,52.12044143676758,0.0,7,,,,,,,,,,,,0.0,,stop_at_intersection,LANE_KEEP,,,0,,,0,0,0,,,,,,,,True,-0.3124424552851727,3.499999999501268,1.07,0.09684402821674301,False,0,1298,0.0
1298,73.375921046,-107.63783264160156,52.12044143676758,0.0,7,,,,,,,,,,,,0.0,,stop_at_intersection,LANE_KEEP,,,0,,,0,0,0,,,,,,,,True,-0.3124424552851727,3.499999999501268,1.07,0.09684402821674301,False,0,1299,0.0
1299,73.425921047,-107.63783264160156,52.12044143676758,0.0,7,,,,,,,,,,,,0.0,,stop_at_intersection,LANE_KEEP,,,0,,,0,0,0,,,,,,,,True,-0.3124424552851727,3.499999999501268,1.07,0.09684402821674301,False,0,1300,0.0
1300,73.475921048,-107.63783264160156,52.12044143676758,0.0,7,,,,,,,,,,,,0.0,,stop_at_intersection,LANE_KEEP,,,0,,,0,0,0,,,,,,,,True,-0.3124424552851727,3.499999999501268,1.07,0.09684402821674301,False,0,1301,0.0
1301,73.525921048,-107.63783264160156,52.12044143676758,0.0,7,,,,,,,,,,,,0.0,,stop_at_intersection,LANE_KEEP,,,0,,,0,0,0,,,,,,,,True,-0.3124424552851727,3.499999999501268,1.07,0.09684402821674301,False,0,1302,0.0
1302,73.575921049,-107.63783264160156,52.12044143676758,0.0,7,,,,,,,,,,,,0.0,,stop_at_intersection,LANE_KEEP,,,0,,,0,0,0,,,,,,,,True,-0.3124424552851727,3.499999999501268,1.07,0.09684402821674301,False,0,1303,0.0
1303,73.62592105,-107.63783264160156,52.12044143676758,0.0,7,,,,,,,,,,,,0.0,,stop_at_intersection,LANE_KEEP,,,0,,,0,0,0,,,,,,,,True,-0.3124424552851727,3.499999999501268,1.07,0.09684402821674301,False,0,1304,0.0
1304,73.67592105,-107.63783264160156,52.12044143676758,0.0,7,,,,,,,,,,,,0.0,,stop_at_intersection,LANE_KEEP,,,0,,,0,0,0,,,,,,,,True,-0.3124424552851727,3.499999999501268,1.07,0.09684402821674301,False,0,1305,0.0
1305,73.725921051,-107.63783264160156,52.12044143676758,0.0,7,,,,,,,,,,,,0.0,,stop_at_intersection,LANE_KEEP,,,0,,,0,0,0,,,,,,,,True,-0.3124424552851727,3.499999999501268,1.07,0.09684402821674301,False,0,1306,0.0
1306,73.775921052,-107.63783264160156,52.12044143676758,0.0,7,,,,,,,,,,,,0.0,,stop_at_intersection,LANE_KEEP,,,0,,,0,0,0,,,,,,,,True,-0.3124424552851727,3.499999999501268,1.07,0.09684402821674301,False,0,1307,0.0
1307,73.825921053,-107.63783264160156,52.12044143676758,0.0,7,,,,,,,,,,,,0.0,,stop_at_intersection,LANE_KEEP,,,0,,,0,0,0,,,,,,,,True,-0.3124424552851727,3.499999999501268,1.07,0.09684402821674301,False,0,1308,0.0
1308,73.875921053,-107.63783264160156,52.12044143676758,0.0,7,,,,,,,,,,,,0.0,,stop_at_intersection,LANE_KEEP,,,0,,,0,0,0,,,,,,,,True,-0.3124424552851727,3.499999999501268,1.07,0.09684402821674301,False,0,1309,0.0
1309,73.925921054,-107.63783264160156,52.12044143676758,0.0,7,,,,,,,,,,,,0.0,,stop_at_intersection,LANE_KEEP,,,0,,,0,0,0,,,,,,,,True,-0.3124424552851727,3.499999999501268,1.07,0.09684402821674301,False,0,1310,0.0
1310,73.975921055,-107.63783264160156,52.12044143676758,0.0,7,,,,,,,,,,,,0.0,,stop_at_intersection,LANE_KEEP,,,0,,,0,0,0,,,,,,,,True,-0.3124424552851727,3.499999999501268,1.07,0.09684402821674301,False,0,1311,0.0
1311,74.025921056,-107.63783264160156,52.12044143676758,0.0,7,,,,,,,,,,,,0.0,,stop_at_intersection,LANE_KEEP,,,0,,,0,0,0,,,,,,,,True,-0.3124424552851727,3.499999999501268,1.07,0.09684402821674301,False,0,1312,0.0
1312,74.075921056,-107.63783264160156,52.12044143676758,0.0,7,,,,,,,,,,,,0.0,,stop_at_intersection,LANE_KEEP,,,0,,,0,0,0,,,,,,,,True,-0.3124424552851727,3.499999999501268,1.07,0.09684402821674301,False,0,1313,0.0
1313,74.125921057,-107.63783264160156,52.12044143676758,0.0,7,,,,,,,,,,,,0.0,,stop_at_intersection,LANE_KEEP,,,0,,,0,0,0,,,,,,,,True,-0.3124424552851727,3.499999999501268,1.07,0.09684402821674301,False,0,1314,0.0
1314,74.175921058,-107.63783264160156,52.12044143676758,0.0,7,,,,,,,,,,,,0.0,,stop_at_intersection,LANE_KEEP,,,0,,,0,0,0,,,,,,,,True,-0.3124424552851727,3.499999999501268,1.07,0.09684402821674301,False,0,1315,0.0
1315,74.225921059,-107.63783264160156,52.12044143676758,0.0,7,,,,,,,,,,,,0.0,,stop_at_intersection,LANE_KEEP,,,0,,,0,0,0,,,,,,,,True,-0.3124424552851727,3.499999999501268,1.07,0.09684402821674301,False,0,1316,0.0
1316,74.275921059,-107.63783264160156,52.12044143676758,0.0,7,,,,,,,,,,,,0.0,,stop_at_intersection,LANE_KEEP,,,0,,,0,0,0,,,,,,,,True,-0.3124424552851727,3.499999999501268,1.07,0.09684402821674301,False,0,1317,0.0
1317,74.32592106,-107.63783264160156,52.12044143676758,0.0,7,,,,,,,,,,,,0.0,,stop_at_intersection,LANE_KEEP,,,0,,,0,0,0,,,,,,,,True,-0.3124424552851727,3.499999999501268,1.07,0.09684402821674301,False,0,1318,0.0
1318,74.375921061,-107.63783264160156,52.12044143676758,0.0,7,,,,,,,,,,,,0.0,,stop_at_intersection,LANE_KEEP,,,0,,,0,0,0,,,,,,,,True,-0.3124424552851727,3.499999999501268,1.07,0.09684402821674301,False,0,1319,0.0
1319,74.425921062,-107.63783264160156,52.12044143676758,0.0,7,,,,,,,,,,,,0.0,,stop_at_intersection,LANE_KEEP,,,0,,,0,0,0,,,,,,,,True,-0.3124424552851727,3.499999999501268,1.07,0.09684402821674301,False,0,1320,0.0
1320,74.475921062,-107.63783264160156,52.12044143676758,0.0,7,,,,,,,,,,,,0.0,,stop_at_intersection,LANE_KEEP,,,0,,,0,0,0,,,,,,,,True,-0.3124424552851727,3.499999999501268,1.07,0.09684402821674301,False,0,1321,0.0
1321,74.525921063,-107.63783264160156,52.12044143676758,0.0,7,,,,,,,,,,,,0.0,,stop_at_intersection,LANE_KEEP,,,0,,,0,0,0,,,,,,,,True,-0.3124424552851727,3.499999999501268,1.07,0.09684402821674301,False,0,1322,0.0
1322,74.575921064,-107.63783264160156,52.12044143676758,0.0,7,,,,,,,,,,,,0.0,,stop_at_intersection,LANE_KEEP,,,0,,,0,0,0,,,,,,,,True,-0.3124424552851727,3.499999999501268,1.07,0.09684402821674301,False,0,1323,0.0
1323,74.625921065,-107.63783264160156,52.12044143676758,0.0,7,,,,,,,,,,,,0.0,,stop_at_intersection,LANE_KEEP,,,0,,,0,0,0,,,,,,,,True,-0.3124424552851727,3.499999999501268,1.07,0.09684402821674301,False,0,1324,0.0
1324,74.675921065,-107.63783264160156,52.12044143676758,0.0,7,,,,,,,,,,,,0.0,,stop_at_intersection,LANE_KEEP,,,0,,,0,0,0,,,,,,,,True,-0.3124424552851727,3.499999999501268,1.07,0.09684402821674301,False,0,1325,0.0
1325,74.725921066,-107.63783264160156,52.12044143676758,0.0,7,,,,,,,,,,,,0.0,,stop_at_intersection,LANE_KEEP,,,0,,,0,0,0,,,,,,,,True,-0.3124424552851727,3.499999999501268,1.07,0.09684402821674301,False,0,1326,0.0
1326,74.775921067,-107.63783264160156,52.12044143676758,0.0,7,,,,,,,,,,,,0.0,,stop_at_intersection,LANE_KEEP,,,0,,,0,0,0,,,,,,,,True,-0.3124424552851727,3.499999999501268,1.07,0.09684402821674301,False,0,1327,0.0
1327,74.825921068,-107.63783264160156,52.12044143676758,0.0,7,,,,,,,,,,,,0.0,,stop_at_intersection,LANE_KEEP,,,0,,,0,0,0,,,,,,,,True,-0.3124424552851727,3.499999999501268,1.07,0.09684402821674301,False,0,1328,0.0
1328,74.875921068,-107.63783264160156,52.12044143676758,0.0,7,,,,,,,,,,,,0.0,,stop_at_intersection,LANE_KEEP,,,0,,,0,0,0,,,,,,,,True,-0.3124424552851727,3.499999999501268,1.07,0.09684402821674301,False,0,1329,0.0
1329,74.925921069,-107.63783264160156,52.12044143676758,0.0,7,,,,,,,,,,,,0.0,,stop_at_intersection,LANE_KEEP,,,0,,,0,0,0,,,,,,,,True,-0.3124424552851727,3.499999999501268,1.07,0.09684402821674301,False,0,1330,0.0
1330,74.97592107,-107.63783264160156,52.12044143676758,0.0,7,,,,,,,,,,,,0.0,,stop_at_intersection,LANE_KEEP,,,0,,,0,0,0,,,,,,,,True,-0.3124424552851727,3.499999999501268,1.07,0.09684402821674301,False,0,1331,0.0
1331,75.025921071,-107.63783264160156,52.12044143676758,0.0,7,,,,,,,,,,,,0.0,,stop_at_intersection,LANE_KEEP,,,0,,,0,0,0,,,,,,,,True,-0.3124424552851727,3.499999999501268,1.07,0.09684402821674301,False,0,1332,0.0
1332,75.075921071,-107.63783264160156,52.12044143676758,0.0,7,,,,,,,,,,,,0.0,,stop_at_intersection,LANE_KEEP,,,0,,,0,0,0,,,,,,,,True,-0.3124424552851727,3.499999999501268,1.07,0.09684402821674301,False,0,1333,0.0
1333,75.125921072,-107.63783264160156,52.12044143676758,0.0,7,,,,,,,,,,,,0.0,,stop_at_intersection,LANE_KEEP,,,0,,,0,0,0,,,,,,,,True,-0.3124424552851727,3.499999999501268,1.07,0.09684402821674301,False,0,1334,0.0
1334,75.175921073,-107.63783264160156,52.12044143676758,0.0,7,,,,,,,,,,,,0.0,,stop_at_intersection,LANE_KEEP,,,0,,,0,0,0,,,,,,,,True,-0.3124424552851727,3.499999999501268,1.07,0.09684402821674301,False,0,1335,0.0
1335,75.225921074,-107.63783264160156,52.12044143676758,0.0,7,,,,,,,,,,,,0.0,,stop_at_intersection,LANE_KEEP,,,0,,,0,0,0,,,,,,,,True,-0.3124424552851727,3.499999999501268,1.07,0.09684402821674301,False,0,1336,0.0
1336,75.275921074,-107.63783264160156,52.12044143676758,0.0,7,,,,,,,,,,,,0.0,,stop_at_intersection,LANE_KEEP,,,0,,,0,0,0,,,,,,,,True,-0.3124424552851727,3.499999999501268,1.07,0.09684402821674301,False,0,1337,0.0
1337,75.325921075,-107.63783264160156,52.12044143676758,0.0,7,,,,,,,,,,,,0.0,,stop_at_intersection,LANE_KEEP,,,0,,,0,0,0,,,,,,,,True,-0.3124424552851727,3.499999999501268,1.07,0.09684402821674301,False,0,1338,0.0
1338,75.375921076,-107.63783264160156,52.12044143676758,0.0,7,,,,,,,,,,,,0.0,,stop_at_intersection,LANE_KEEP,,,0,,,0,0,0,,,,,,,,True,-0.3124424552851727,3.499999999501268,1.07,0.09684402821674301,False,0,1339,0.0
1339,75.425921077,-107.63783264160156,52.12044143676758,0.0,7,,,,,,,,,,,,0.0,,stop_at_intersection,LANE_KEEP,,,0,,,0,0,0,,,,,,,,True,-0.3124424552851727,3.499999999501268,1.07,0.09684402821674301,False,0,1340,0.0
1340,75.475921077,-107.63783264160156,52.12044143676758,0.0,7,,,,,,,,,,,,0.0,,stop_at_intersection,LANE_KEEP,,,0,,,0,0,0,,,,,,,,True,-0.3124424552851727,3.499999999501268,1.07,0.09684402821674301,False,0,1341,0.0
1341,75.525921078,-107.63783264160156,52.12044143676758,0.0,7,,,,,,,,,,,,0.0,,stop_at_intersection,LANE_KEEP,,,0,,,0,0,0,,,,,,,,True,-0.3124424552851727,3.499999999501268,1.07,0.09684402821674301,False,0,1342,0.0
1342,75.575921079,-107.63783264160156,52.12044143676758,0.0,7,,,,,,,,,,,,0.0,,stop_at_intersection,LANE_KEEP,,,0,,,0,0,0,,,,,,,,True,-0.3124424552851727,3.499999999501268,1.07,0.09684402821674301,False,0,1343,0.0
1343,75.62592108,-107.63783264160156,52.12044143676758,0.0,7,,,,,,,,,,,,0.0,,stop_at_intersection,LANE_KEEP,,,0,,,0,0,0,,,,,,,,True,-0.3124424552851727,3.499999999501268,1.07,0.09684402821674301,False,0,1344,0.0
1344,75.67592108,-107.63783264160156,52.12044143676758,0.0,7,,,,,,,,,,,,0.0,,lane_follow,LANE_KEEP,,,0,,,0,0,0,,,678.0120076291931,20.847006212870248,0.0,1.0175541274096778,57.02407386712693,True,-0.23657042275609286,3.4999999995010964,1.07,0.09684402821674301,False,0,1345,0.0
1345,75.725921081,-107.63780212402344,52.1210823059082,0.01796848585398783,7,,,,,,,,,,,,0.0,,lane_follow,LANE_KEEP,,,0,,,0,0,0,,,458.1996327723362,21.364843226146508,0.0,0.9925115195948028,107.1717299394569,True,-0.09039969700695188,3.499999999501127,1.07,0.09688172731564784,False,0,1346,0.0
1346,75.775921082,-107.63772583007812,52.12263107299805,0.03939294544455475,7,,,,,,,,,,,,0.0,,lane_follow,LANE_KEEP,,,0,,,0,0,0,,,312.3800946395573,48.01468293901642,0.0,0.9678524217288806,159.57079666218382,True,7.806255641895632e-16,3.4999999995011275,1.07,0.09697824505823963,False,0,1347,0.0
1347,75.825921083,-107.63768005371094,52.12371826171875,0.010343345664062925,7,,,,,,,,,,,,0.0,,lane_follow,LANE_KEEP,,,0,,,0,0,0,,,242.2529391859822,101.6714764338745,0.0,1.0460527908233423,681.2905071422883,True,7.806255641895632e-16,3.4999999995010964,1.07,0.09703620473912947,False,0,1348,0.0
1348,75.875921083,-107.63764190673828,52.12483215332031,0.03050680136871405,7,,,,,,,,,,,,0.0,,lane_follow,LANE_KEEP,,,0,,,0,0,0,,,166.7082396080593,91.42386464739563,0.0,0.993911820288921,802.1344846261865,True,4.621303340002214e-15,3.499999999501112,1.07,0.09709065963745359,False,0,1349,0.0
1349,75.925921084,-107.63762664794922,52.12535858154297,0.0024969060519112463,7,,,,,,,,,,,,0.0,,lane_follow,LANE_KEEP,,,0,,,0,0,0,,,148.5506584638175,94.93368825733319,0.0,1.0046522345692546,1219.376683160762,True,-2.1510571102112408e-15,3.499999999501113,1.07,0.09711341182622549,False,0,1350,0.0
1350,75.975921085,-107.63760375976562,52.12580490112305,0.016591558475727432,7,,,,,,,,,,,,0.0,,lane_follow,LANE_KEEP,,,0,,,0,0,0,,,111.06967118837771,204.79557152263985,0.07946561393423267,0.9266450364503345,1546.4103086320763,True,-6.734196533741965e-15,3.499999999501082,1.07,0.09714831350877176,False,0,1351,0.0
1351,76.025921086,-107.63761138916016,52.12563705444336,0.01639890165049571,7,,,,,,,,,,,,0.0,,lane_follow,LANE_KEEP,,,0,,,0,0,0,,,97.81966501641116,208.1038356323319,0.007122427961299275,0.9267284173575552,1565.8578307940193,True,-4.017619570362285e-15,3.4999999995011106,1.07,0.0971337034447112,False,0,1352,0.0
1352,76.075921086,-107.63763427734375,52.12533187866211,0.0006719164713049858,7,,,,,,,,,,,,0.0,,lane_follow,LANE_KEEP,,,0,,,0,0,0,,,88.90544704236103,209.96129779133375,0.0,0.9266295229312552,1890.0107656919631,True,8.777700788442644e-16,3.49999999950111,1.07,0.0971532941585215,False,0,1353,0.0
1353,76.125921087,-107.63772583007812,52.12205505371094,0.13517967508650694,7,,,,,,,,,,,,0.0,,lane_follow,LANE_KEEP,,,0,,,0,0,0,,,58.3375603823541,150.180887350487,0.0,0.8205518943599078,672.312461954494,True,6.418476861114186e-16,3.499999999501112,1.07,0.09645195964087364,False,0,1354,0.0
1354,76.175921088,-107.63811492919922,52.113948822021484,0.21026294975930862,7,,,,,,,,,,,,0.0,,lane_follow,LANE_KEEP,,,0,,,0,0,0,,,46.96466717085615,131.18563418315,0.0,0.7788032828380725,474.4835355377586,True,-5.655198531684391e-15,3.499999999501112,1.07,0.0953394438236829,False,0,1355,0.0
1355,76.225921088,-107.63894653320312,52.10159683227539,0.28162476689863264,7,,,,,,,,,,,,0.0,,lane_follow,LANE_KEEP,,,0,,,0,0,0,,,39.34791173098341,118.8030520163764,0.0,0.7468276147688515,383.20451532717163,True,-5.641320743876577e-15,3.499999999501096,1.07,0.094179522999185,False,0,1356,0.0
1356,76.275921089,-107.64015197753906,52.083065032958984,0.39241265884905413,7,,,,,,,,,,,,0.0,,lane_follow,LANE_KEEP,,,0,,,0,0,0,,,30.53856365513441,26.62979734057238,0.0,0.7820768277428629,281.5392004737216,True,-4.447830992404533e-15,3.4999999995011115,1.07,0.09214989262226295,False,0,1357,0.0
1357,76.32592109,-107.64132690429688,52.06211853027344,0.46681762173571006,7,,,,,,,,,,,,0.0,,lane_follow,LANE_KEEP,,,0,,,0,0,0,,,27.27222999972726,97.98605767760817,0.0,0.6784114375675884,319.345384835706,True,-3.157196726277789e-15,3.4999999995011417,1.07,0.08927839582337396,False,0,1358,0.0
1358,76.375921091,-107.64291381835938,52.03739547729492,0.5383957763571103,7,,,,,,,,,,,,0.0,,lane_follow,LANE_KEEP,,,0,,,0,0,0,,,23.964985850017207,23.85398194864879,0.0,0.7470146272259431,300.147500537493,True,1.6583956430338276e-15,3.4999999995010964,1.07,0.08660297329409908,False,0,1359,0.0
1359,76.425921091,-107.644775390625,52.00889205932617,0.6143110204509169,7,,,,,,,,,,,,0.0,,lane_follow,LANE_KEEP,,,0,,,0,0,0,,,21.825274341434437,90.40590291036544,0.0,0.6425754642316005,338.09629114376565,True,1.6375789613221059e-15,3.4999999995011106,1.07,0.08343014416612463,False,0,1360,0.0
1360,76.475921092,-107.64701080322266,51.97517395019531,0.6908121275153453,7,,,,,,,,,,,,0.0,,lane_follow,LANE_KEEP,,,0,,,0,0,0,,,19.678627591693655,86.20606854421492,0.0,0.623389167088816,352.28383640117625,True,-1.8596235662471372e-15,3.4999999995011106,1.07,0.07952572135567251,False,0,1361,0.0
1361,76.525921093,-107.64948272705078,51.93907928466797,0.7528899940516299,7,,,,,,,,,,,,0.0,,lane_follow,LANE_KEEP,,,0,,,0,0,0,,,18.279068332378642,85.07861259605296,0.0,0.607004553607788,338.4240588928468,True,-6.147859998861804e-15,3.4999999995011257,1.07,0.07528596013900982,False,0,1362,0.0
1362,76.575921094,-107.65235137939453,51.89816665649414,0.8253756681056741,7,,,,,,,,,,,,0.0,,lane_follow,LANE_KEEP,,,0,,,0,0,0,,,16.77719784450273,82.14423191427827,0.0,0.5950611219607784,348.77945030351384,True,-4.704570066849101e-15,3.4999999995011404,1.07,0.07022655835057248,False,0,1363,0.0
1363,76.625921094,-107.65570831298828,51.85120391845703,0.9839595971256725,7,,,,,,,,,,,,0.0,,lane_follow,LANE_KEEP,,,0,,,0,0,0,,,14.041667581268953,16.0129358860864,0.0,0.6289431897680178,676.8863482370073,True,1.7832957333041577e-15,3.499999999501156,1.07,0.06390649625163883,False,0,1364,0.0
1364,76.675921095,-107.65933227539062,51.8007698059082,1.0062186461570455,7,,,,,,,,,,,,0.0,,lane_follow,LANE_KEEP,,,0,,,0,0,0,,,13.948033422010617,76.6723558881668,0.0,0.5602741372308164,398.2061559733615,True,5.2111093218343285e-15,3.499999999501125,1.07,0.05816905685772081,False,0,1365,0.0
1365,76.725921096,-107.66329956054688,51.74525833129883,1.1614525972916272,7,,,,,,,,,,,,0.0,,lane_follow,LANE_KEEP,,,0,,,0,0,0,,,12.807662069831323,65.98444167325407,0.0,0.512976687576176,790.6548065509561,True,6.779299344117362e-15,3.499999999501154,1.07,0.051486093031458596,False,0,1366,0.0
1366,76.775921097,-107.66759490966797,51.68453598022461,1.227322195693641,7,,,,,,,,,,,,0.0,,lane_follow,LANE_KEEP,,,0,,,0,0,0,,,12.108626958804635,69.26995020845004,0.0,0.5004779519764749,663.8239476190931,True,3.594347042223944e-15,3.4999999995011533,1.07,0.04362412535188023,False,0,1367,0.0
1367,76.825921097,-107.67237091064453,51.61818313598633,1.385556704175239,7,,,,,,,,,,,,0.0,,lane_follow,LANE_KEEP,,,0,,,0,0,0,,,12.182918168492156,60.57379187429613,0.0,0.4718542099441507,1182.1012101715955,True,4.017619570362285e-15,3.49999999950117,1.07,0.03490417763927503,False,0,1368,0.0
1368,76.875921098,-107.67780303955078,51.54566955566406,1.4979676187569413,7,,,,,,,,,,,,0.0,,lane_follow,LANE_KEEP,,,0,,,0,0,0,,,12.147266380039952,58.05394065581093,0.0,0.4464310448845029,1352.398421180691,True,-1.5890067039947553e-15,3.4999999995011533,1.07,0.0255322960450092,False,0,1369,0.0
1369,76.92592109899999,-107.68345642089844,51.46953582763672,1.5498047074396584,7,,,,,,,,,,,,0.0,,lane_follow,LANE_KEEP,,,0,,,0,0,0,,,,,,,,True,-4.3576253716537394e-15,3.4999999995011675,1.07,0.015126057281499433,False,0,1370,0.0
1370,76.9759211,-107.68960571289062,51.39042282104492,1.614067743842455,7,,,,,,,,,,,,0.0,,lane_follow,LANE_KEEP,,,0,,,0,0,0,,,,,,,,True,-4.191091917959966e-15,3.4999999995011972,1.07,0.0049190497034034275,False,0,1371,0.0
1371,77.0259211,-107.69597625732422,51.30797576904297,1.6823199608379316,7,,,,,,,,,,,,0.0,,lane_follow,LANE_KEEP,,,0,,,0,0,0,,,,,,,,True,5.10702591327572e-15,3.4999999995012123,1.07,-0.006384263196249268,False,0,1372,0.0
1372,77.075921101,-107.70286560058594,51.22202682495117,1.7544155206415912,8,,,,,,,,,,,,0.0,,lane_follow,LANE_KEEP,,,0,,,0,0,0,,,,,,,,True,2.2273849431542203e-15,3.499999999501211,1.07,-0.0176627834923265,False,0,1373,0.0
1373,77.125921102,-107.71003723144531,51.13239288330078,1.8294109004313948,8,,,,,,,,,,,,0.0,,lane_follow,LANE_KEEP,,,0,,,0,0,0,,,10.112183657134366,64.40162424821212,0.0,0.395303741348782,716.681147582079,True,4.093947403305265e-15,3.4999999995012114,1.07,-0.030102041526768847,False,0,1374,0.0
1374,77.175921103,-107.7177734375,51.03889083862305,1.9092459746323756,8,,,,,,,,,,,,0.0,,lane_follow,LANE_KEEP,,,0,,,0,0,0,,,,,,,,True,-5.620504062164855e-15,3.4999999995012256,1.07,-0.04254386664324747,False,0,1375,0.0
1375,77.225921103,-107.72577667236328,50.941322326660156,1.9915104265269599,8,,,,,,,,,,,,0.0,,lane_follow,LANE_KEEP,,,0,,,0,0,0,,,,,,,,True,-6.016021014687567e-15,3.4999999995012256,1.07,-0.056003684664669956,False,0,1376,0.0
1376,77.275921104,-107.73441314697266,50.83958435058594,2.076618657584472,8,,,,,,,,,,,,0.0,,lane_follow,LANE_KEEP,,,0,,,0,0,0,,,,,,,,True,6.0021432268797525e-15,3.4999999995012385,1.07,-0.06959376022053262,False,0,1377,0.0
1377,77.325921105,-107.74337768554688,50.73358917236328,2.1620959058814755,8,,,,,,,,,,,,0.0,,lane_follow,LANE_KEEP,,,0,,,0,0,0,,,,,,,,True,-4.891920202254596e-15,3.4999999995012385,1.07,-0.08427377816168011,False,0,1378,0.0
1378,77.375921106,-107.75300598144531,50.62333297729492,2.2485084322877342,8,,,,,,,,,,,,0.0,,lane_follow,LANE_KEEP,,,0,,,0,0,0,,,12.67844522451527,76.04992871035749,0.0,0.3229256535647081,1143.9944250898498,True,-7.077671781985373e-15,3.499999999501268,1.07,-0.09913009410802673,False,0,1379,0.0
1379,77.425921106,-107.76299285888672,50.50879669189453,2.333840620549211,8,,,,,,,,,,,,0.0,,lane_follow,LANE_KEEP,,,0,,,0,0,0,,,,,,,,True,5.662137425588298e-15,3.499999999501282,1.07,-0.11503409004578788,False,0,1380,0.0
1380,77.475921107,-107.77365112304688,50.39004135131836,2.419003324488543,8,,,,,,,,,,,,0.0,,lane_follow,LANE_KEEP,,,0,,,0,0,0,,,14.092516616259083,74.99286238917136,0.0,0.29899114765341517,1336.5257863494696,True,6.6682770416548465e-15,3.499999999501281,1.07,-0.13110192929238126,False,0,1381,0.0
1381,77.525921108,-107.78465270996094,50.26710510253906,2.502305447987503,8,,,,,,,,,,,,0.0,,lane_follow,LANE_KEEP,,,0,,,0,0,0,,,,,,,,True,6.827871601444713e-15,3.499999999501311,1.07,-0.14809146981797658,False,0,1382,0.0
1382,77.575921109,-107.79618835449219,50.14004898071289,2.5849140044746965,8,,,,,,,,,,,,0.0,,lane_follow,LANE_KEEP,,,0,,,0,0,0,,,,,,,,True,1.0408340855860843e-16,3.4999999995013096,1.07,-0.13514173434358087,False,0,1383,0.0
1383,77.625921109,-107.80812072753906,50.00895309448242,2.665191963524094,8,,,,,,,,,,,,0.0,,lane_follow,LANE_KEEP,,,0,,,0,0,0,,,,,,,,True,-6.127043317150083e-15,3.499999999501325,1.07,-0.1173465991153547,False,0,1384,0.0
1384,77.67592111,-107.82059478759766,49.874267578125,2.7252295999173572,8,,,,,,,,,,,,0.0,,lane_follow,LANE_KEEP,,,0,,,0,0,0,,,,,,,,True,2.6922908347160046e-15,3.4999999995013247,1.07,-0.09969188779502311,False,0,1385,0.0
1385,77.725921111,-107.83336639404297,49.73680114746094,2.7711711042395852,8,,,,,,,,,,,,0.0,,lane_follow,LANE_KEEP,,,0,,,0,0,0,,,15.8766959603725,87.78165839163026,0.0,0.24720394196894913,1106.1766900902812,True,2.609024107869118e-15,3.499999999501338,1.07,-0.081228855311365,False,0,1386,0.0
1386,77.775921112,-107.8463134765625,49.59983825683594,2.732029700871533,8,,,,,,,,,,,,0.0,,lane_follow,LANE_KEEP,,,0,,,0,0,0,,,,,,,,True,4.260480856999038e-15,3.4999999995013678,1.07,-0.06328946169096814,False,0,1387,0.0
1387,77.825921112,-107.85887145996094,49.46644592285156,2.643817633287416,8,,,,,,,,,,,,0.0,,lane_follow,LANE_KEEP,,,0,,,0,0,0,,,7.98159196185753,131.78796528913682,0.0,0.257334141508896,99.22456589610093,True,4.3021142204224816e-16,3.4999999995014117,1.07,-0.04571463266920914,False,0,1388,0.0
1388,77.875921113,-107.87104034423828,49.33931350708008,2.503089883277173,8,,,,,,,,,,,,0.0,,lane_follow,LANE_KEEP,,,0,,,0,0,0,,,,,,,,True,-1.0824674490095276e-15,3.499999999501396,1.07,-0.04214351678531866,False,0,1389,0.0
1389,77.925921114,-107.88263702392578,49.218074798583984,2.4005796904349235,8,,,,,,,,,,,,0.0,,lane_follow,LANE_KEEP,,,0,,,0,0,0,,,,,,,,True,6.647460359943125e-15,3.4999999995014104,1.07,-0.05495800358568678,False,0,1390,0.0
1390,77.975921115,-107.89411926269531,49.10084533691406,2.3318867674794475,8,,,,,,,,,,,,0.0,,lane_follow,LANE_KEEP,,,0,,,0,0,0,,,,,,,,True,-2.8449465006019636e-15,3.4999999995014246,1.07,-0.0676457572314387,False,0,1391,0.0
1391,78.025921115,-107.90532684326172,48.986328125,2.2845923032201343,8,,,,,,,,,,,,0.0,,lane_follow,LANE_KEEP,,,0,,,0,0,0,,,,,,,,True,-4.524158825347513e-15,3.499999999501409,1.07,-0.08000184524633544,False,0,1392,0.0
1392,78.075921116,-107.91661834716797,48.87363815307617,2.2541005938311343,8,,,,,,,,,,,,0.0,,lane_follow,LANE_KEEP,,,0,,,0,0,0,,,4.109946476817341,283.91202321670903,0.0,0.21175908814919464,1464.6820062710003,True,4.871103520542874e-15,3.4999999995014375,1.07,-0.09245362929250742,False,0,1393,0.0
1393,78.125921117,-107.92677307128906,48.76297378540039,2.1928132647057947,8,,,,,,,,,,,,0.0,,lane_follow,LANE_KEEP,,,0,,,0,0,0,,,,,,,,True,1.0824674490095276e-15,3.499999999501453,1.07,-0.10378534417302351,False,0,1394,0.0
1394,78.175921118,-107.93629455566406,48.65679168701172,2.088895232650105,8,,,,,,,,,,,,0.0,,lane_follow,LANE_KEEP,,,0,,,0,0,0,,,,,,,,True,6.1201044232461754e-15,3.4999999995014517,1.07,-0.11450453092702881,False,0,1395,0.0
1395,78.225921118,-107.94602966308594,48.55659484863281,1.9627122073581051,8,,,,,,,,,,,,0.0,,lane_follow,LANE_KEEP,,,0,,,0,0,0,,,,,,,,True,-3.6637359812630166e-15,3.499999999501511,1.07,-0.1252671474420469,False,0,1396,0.0
1396,78.275921119,-107.95601654052734,48.46249771118164,1.8499789369398876,8,,,,,,,,,,,,0.0,,lane_follow,LANE_KEEP,,,0,,,0,0,0,,,,,,,,True,-4.565792188770956e-15,3.4999999995014814,1.07,-0.13620119557161744,False,0,1397,0.0
1397,78.32592112,-107.96551513671875,48.37391662597656,1.7373556789996016,8,,,,,,,,,,,,0.0,,lane_follow,LANE_KEEP,,,0,,,0,0,0,,,15.62291324811157,496.5867664997189,6.431811993038788,0.18761902009737513,4937.015665298041,True,-3.4555691641457997e-15,3.4999999995014957,1.07,-0.14654315326371634,False,0,1398,0.0
1398,78.375921121,-107.97159576416016,48.313236236572266,0.7392942573219305,8,,,,,,,,,,,,0.0,,lane_follow,LANE_KEEP,,,0,,,0,0,0,,,23.763256734864274,515.0278179410511,2.4558430216928775,0.20405344019277027,38081.046407585105,True,3.2612801348363973e-15,3.4999999995014943,1.07,-0.1469438505016075,False,0,1399,0.0
1399,78.425921121,-107.97402954101562,48.289241790771484,0.5446256903044736,8,,,,,,,,,,,,0.0,,lane_follow,LANE_KEEP,,,0,,,0,0,0,,,28.927783670283297,557.9353459170663,4.574655398369333,0.20630828543832402,45680.61764747164,True,5.9396931817445875e-15,3.49999999950151,1.07,-0.14435273731587558,False,0,1400,0.0
1400,78.475921122,-107.97855377197266,48.25505447387695,0.7209880966364134,8,,,,,,,,,,,,0.0,,lane_follow,LANE_KEEP,,,0,,,0,0,0,,,24.196950513603156,529.2331494713766,2.2401945583395753,0.1971998443301442,11465.251374026146,True,-3.83026943495679e-15,3.4999999995015085,1.07,-0.1395511481360404,False,0,1401,0.0
1401,78.525921123,-107.98389434814453,48.21694564819336,0.7875424019968227,8,,,,,,,,,,,,0.0,,lane_follow,LANE_KEEP,,,0,,,0,0,0,,,22.539121588612737,524.3650559206078,1.5623964763911495,0.19025826303752955,3944.652208934219,True,-4.954370247389761e-15,3.499999999501524,1.07,-0.13393378476639936,False,0,1402,0.0
1402,78.575921124,-107.99027252197266,48.17338180541992,0.9043878128150632,8,,,,,,,,,,,,0.0,,lane_follow,LANE_KEEP,,,0,,,0,0,0,,,18.287350826481074,487.9762327975342,0.18937615621336037,0.18290214744853078,867.7586776573208,True,1.6653345369377348e-15,3.4999999995015383,1.07,-0.12725961076358513,False,0,1403,0.0
1403,78.625921124,-107.99710083007812,48.12815856933594,0.9204151459377089,8,,,,,,,,,,,,0.0,,lane_follow,LANE_KEEP,,,0,,,0,0,0,,,17.878513511398527,493.55272356922023,0.13409305862730325,0.17667808403327967,836.3881160297432,True,-6.702971511174383e-15,3.499999999501524,1.07,-0.12012670234564879,False,0,1404,0.0
1404,78.675921125,-108.00430297851562,48.08134841918945,0.9764888024213088,8,,,,,,,,,,,,0.0,,lane_follow,LANE_KEEP,,,0,,,0,0,0,,,15.872878236275822,470.68142063685775,0.0,0.17049709814476627,589.3796566135359,True,-8.604228440844963e-16,3.4999999995015383,1.07,-0.1126340847122683,False,0,1405,0.0
1405,78.725921126,-108.01183319091797,48.03348159790039,0.9784266861861832,9,,,,,,,,,,,,0.0,,lane_follow,LANE_KEEP,,,0,,,0,0,0,,,16.24883450125689,493.13791654479354,0.0,0.16369026464575487,684.591220110279,True,-1.3877787807814457e-17,3.4999999995015383,1.07,-0.10477289133509035,False,0,1406,0.0
1406,78.775921126,-108.01988220214844,47.98237609863281,1.0884834508319217,9,,,,,,,,,,,,0.0,,lane_follow,LANE_KEEP,,,0,,,0,0,0,,,13.344271396599535,405.82697177190124,0.0,0.1542763614446333,364.3528283843123,True,5.773159728050814e-15,3.4999999995015383,1.07,-0.09641043543784597,False,0,1407,0.0
1407,78.825921127,-108.02870178222656,47.92732238769531,1.1146271063510242,9,,,,,,,,,,,,0.0,,lane_follow,LANE_KEEP,,,0,,,0,0,0,,,13.142317406844358,421.2519919200975,0.0,0.14790017374127506,382.1881538200977,True,-1.6237011735142914e-15,3.4999999995015525,1.07,-0.08721969688491513,False,0,1408,0.0
1408,78.875921128,-108.03799438476562,47.869300842285156,1.2380243579697494,9,,,,,,,,,,,,0.0,,lane_follow,LANE_KEEP,,,0,,,0,0,0,,,11.628236934356526,347.173425529039,0.0,0.1395260122024786,348.4733869716046,True,-2.581268532253489e-15,3.499999999501552,1.07,-0.07756190678318461,False,0,1409,0.0
1409,78.925921129,-108.04812622070312,47.805267333984375,1.300951655169503,9,,,,,,,,,,,,0.0,,lane_follow,LANE_KEEP,,,0,,,0,0,0,,,10.055324894191383,76.97415745496826,0.0,0.16502940466351643,333.96206125835744,True,3.0531133177191805e-16,3.499999999501537,1.07,-0.06703398175107464,False,0,1410,0.0
1410,78.975921129,-108.05843353271484,47.73983383178711,1.34742514277629,9,,,,,,,,,,,,0.0,,lane_follow,LANE_KEEP,,,0,,,0,0,0,,,11.091371854381746,402.9110243303279,0.0,0.12067273825861202,348.3740838819114,True,2.1094237467877974e-15,3.4999999995015667,1.07,-0.056275693705104185,False,0,1411,0.0
1411,79.02592113,-108.06925201416016,47.6707763671875,1.4400270775197705,9,,,,,,,,,,,,0.0,,lane_follow,LANE_KEEP,,,0,,,0,0,0,,,10.914139973917388,372.0617325499542,0.0,0.10476199596206943,428.9304236474857,True,1.1657341758564144e-15,3.499999999501537,1.07,-0.044956227562487155,False,0,1412,0.0
1412,79.075921131,-108.0806884765625,47.59782791137695,1.5054764415016997,9,,,,,,,,,,,,0.0,,lane_follow,LANE_KEEP,,,0,,,0,0,0,,,,,,,,True,5.4262150328554526e-15,3.4999999995015814,1.07,-0.03298382060015678,False,0,1413,0.0
1413,79.125921132,-108.09253692626953,47.522029876708984,1.5608672162258082,9,,,,,,,,,,,,0.0,,lane_follow,LANE_KEEP,,,0,,,0,0,0,,,,,,,,True,-6.328271240363392e-15,3.499999999501595,1.07,-0.020566317367292614,False,0,1414,0.0
1414,79.175921132,-108.1051025390625,47.442073822021484,1.662258851378591,9,,,,,,,,,,,,0.0,,lane_follow,LANE_KEEP,,,0,,,0,0,0,,,,,,,,True,-5.079270337660091e-15,3.499999999501595,1.07,-0.007411170751859902,False,0,1415,0.0
1415,79.225921133,-108.1183853149414,47.358001708984375,1.7303377875515027,9,,,,,,,,,,,,0.0,,lane_follow,LANE_KEEP,,,0,,,0,0,0,,,,,,,,True,-1.762479051592436e-15,3.499999999501595,1.07,0.006509803253650054,False,0,1416,0.0
1416,79.275921134,-108.13251495361328,47.269447326660156,1.8360558325133578,9,,,,,,,,,,,,0.0,,lane_follow,LANE_KEEP,,,0,,,0,0,0,,,11.330636491427256,315.9509634957534,0.0,0.06456701427029544,809.3950491283607,True,-7.355227538141662e-15,3.4999999995016093,1.07,0.01557796939359904,False,0,1417,0.0
1417,79.325921135,-108.14727020263672,47.17677307128906,1.905354980553105,9,,,,,,,,,,,,0.0,,lane_follow,LANE_KEEP,,,0,,,0,0,0,,,,,,,,True,-4.593547764386585e-15,3.4999999995016235,1.07,0.005234518117863379,False,0,1418,0.0
1418,79.375921135,-108.16261291503906,47.07953643798828,2.011218739621743,9,,,,,,,,,,,,0.0,,lane_follow,LANE_KEEP,,,0,,,0,0,0,,,,,,,,True,-6.38378239159465e-16,3.4999999995016235,1.07,-0.006157751739959888,False,0,1419,0.0
1419,79.425921136,-108.1786880493164,46.97810363769531,2.0834992756584754,9,,,,,,,,,,,,0.0,,lane_follow,LANE_KEEP,,,0,,,0,0,0,,,,,,,,True,-0.46365751934247496,3.499999999501665,1.07,-0.018377170942691062,False,0,1420,0.0
1420,79.475921137,-108.19540405273438,46.872127532958984,2.187448989958277,9,,,,,,,,,,,,0.0,,lane_follow,LANE_KEEP,,,0,,,0,0,0,,,,,,,,True,-0.012853920376096867,3.499999999501666,1.07,-0.03156184800634784,False,0,1421,0.0
1421,79.525921138,-108.21286010742188,46.761962890625,2.2604244012820986,9,,,,,,,,,,,,0.0,,lane_follow,LANE_KEEP,,,0,,,0,0,0,,,13.624098260684015,281.63522772043405,0.0,0.04964588904369186,1171.909629035486,True,-1.6237011735142914e-15,3.4999999995016506,1.07,-0.045604322333172215,False,0,1422,0.0
1422,79.575921138,-108.2308349609375,46.6473274230957,2.3610344207952125,9,,,,,,,,,,,,0.0,,lane_follow,LANE_KEEP,,,0,,,0,0,0,,,14.931040109312756,280.09365575638884,0.0,0.048763951067954996,1434.7937205572837,True,-5.828670879282072e-15,3.499999999501665,1.07,-0.0607311729582046,False,0,1423,0.0
1423,79.625921139,-108.24910736083984,46.52851486206055,2.433307759593355,9,,,,,,,,,,,,0.0,,lane_follow,LANE_KEEP,,,0,,,0,0,0,,,,,,,,True,-1.2906342661267445e-15,3.4999999995016946,1.07,-0.07706865349733824,False,0,1424,0.0
1424,79.67592114,-108.26766204833984,46.40533447265625,2.529735463080602,9,,,,,,,,,,,,0.0,,lane_follow,LANE_KEEP,,,0,,,0,0,0,,,,,,,,True,-6.661338147750939e-15,3.499999999501694,1.07,-0.09467505071548285,False,0,1425,0.0
1425,79.725921141,-108.28670501708984,46.27815628051758,2.6002325942214317,9,,,,,,,,,,,,0.0,,lane_follow,LANE_KEEP,,,0,,,0,0,0,,,,,,,,True,-0.46561805561034975,3.499999999501781,1.07,-0.11314563013972098,False,0,1426,0.0
1426,79.775921141,-108.30606079101562,46.14679718017578,2.692190204885323,9,,,,,,,,,,,,0.0,,lane_follow,LANE_KEEP,,,0,,,0,0,0,,,,,,,,True,-0.029052551110752445,3.499999999501723,1.07,-0.13265542726605414,False,0,1427,0.0
1427,79.825921142,-108.3258056640625,46.01195526123047,2.741265187630921,9,,,,,,,,,,,,0.0,,lane_follow,LANE_KEEP,,,0,,,0,0,0,,,17.294691706317934,283.39191009336685,0.0,0.03593478899367694,1342.9718106097632,True,1.3739009929736312e-15,3.4999999995017372,1.07,-0.1470781800482913,False,0,1428,0.0
1428,79.875921143,-108.3455810546875,45.87422180175781,2.7952864746734183,9,,,,,,,,,,,,0.0,,lane_follow,LANE_KEEP,,,0,,,0,0,0,,,,,,,,True,7.355227538141662e-16,3.4999999995017514,1.07,-0.1259611720145742,False,0,1429,0.0
1429,79.925921144,-108.36471557617188,45.73704528808594,2.7474077295016848,9,,,,,,,,,,,,0.0,,lane_follow,LANE_KEEP,,,0,,,0,0,0,,,,,,,,True,4.9404924595819466e-15,3.4999999995017954,1.07,-0.10439206782662444,False,0,1430,0.0
1430,79.975921144,-108.38307189941406,45.60337829589844,2.6641791441898017,9,,,,,,,,,,,,0.0,,lane_follow,LANE_KEEP,,,0,,,0,0,0,,,,,,,,True,-0.4664423289098767,3.4999999995018523,1.07,-0.08324794006476863,False,0,1431,0.0
1431,80.025921145,-108.40025329589844,45.47495651245117,2.545052965102572,9,,,,,,,,,,,,0.0,,lane_follow,LANE_KEEP,,,0,,,0,0,0,,,5.7894434691660805,595.2545793542344,0.0,0.028962772548975658,672.0793137482485,True,-0.032027023737623395,3.499999999501794,1.07,-0.06265166613702675,False,0,1432,0.0
1432,80.075921146,-108.41624450683594,45.35350036621094,2.3942825589424324,9,,,,,,,,,,,,0.0,,lane_follow,LANE_KEEP,,,0,,,0,0,0,,,,,,,,True,-6.036837696399289e-15,3.499999999501794,1.07,-0.043145484052906274,False,0,1433,0.0
1433,80.125921147,-108.43109893798828,45.23988342285156,2.227785761848565,9,,,,,,,,,,,,0.0,,lane_follow,LANE_KEEP,,,0,,,0,0,0,,,,,,,,True,-5.703770789011742e-15,3.4999999995018083,1.07,-0.02496992134741624,False,0,1434,0.0
1434,80.175921147,-108.44489288330078,45.133514404296875,2.0940008010907993,9,,,,,,,,,,,,0.0,,lane_follow,LANE_KEEP,,,0,,,0,0,0,,,,,,,,True,4.218847493575595e-15,3.4999999995018367,1.07,-0.008048527214011919,False,0,1435,0.0
1435,80.225921148,-108.4576644897461,45.034324645996094,1.9425907745120996,9,,,,,,,,,,,,0.0,,lane_follow,LANE_KEEP,,,0,,,0,0,0,,,,,,,,True,-0.46773975632904075,3.499999999501864,1.07,0.007666959539051638,False,0,1436,0.0
1436,80.275921149,-108.4696273803711,44.94092559814453,1.848283014741933,9,,,,,,,,,,,,0.0,,lane_follow,LANE_KEEP,,,0,,,0,0,0,,,15.626225304158135,1163.525854078971,47.924222110555185,0.08886413871238041,6943.836234186093,True,-0.0188159367023515,3.4999999995018505,1.07,0.01484534812213903,False,0,1437,0.0
1437,80.32592115,-108.47950744628906,44.86771774291992,1.0936249417816626,9,,,,,,,,,,,,0.0,,lane_follow,LANE_KEEP,,,0,,,0,0,0,,,37.13524848656221,1479.8838802703472,68.57753193676969,0.1262285269160017,12054.73388192984,True,-4.551914400963142e-15,3.499999999501865,1.07,0.004903331161613483,False,0,1438,0.0
1438,80.37592115,-108.48238372802734,44.84861755371094,0.007407852526516421,9,,,,,,,,,,,,0.0,,lane_follow,LANE_KEEP,,,0,,,0,0,0,,,49.62433175648608,1542.105544668942,44.2940009148601,0.13744734216595839,58387.996504941984,True,6.938893903907228e-17,3.4999999995018496,1.07,0.0022946154713675837,False,0,1439,0.0
1439,80.425921151,-108.48344421386719,44.84180450439453,0.25907080357135165,9,,,,,,,,,,,,0.0,,lane_follow,LANE_KEEP,,,0,,,0,0,0,,,41.19676475347786,1458.4215708994875,49.12499068489591,0.13508717131473433,17246.337636948403,True,1.942890293094024e-16,3.499999999501865,1.07,0.0006850649439943679,False,0,1440,0.0
1440,80.475921152,-108.48733520507812,44.8193359375,0.5678408751193146,9,,,,,,,,,,,,0.0,,lane_follow,LANE_KEEP,,,0,,,0,0,0,,,28.49099285995724,3.8069820140475064,0.0,0.16595875236126909,1452.684039379895,True,-0.46901034830713406,3.499999999501911,1.07,-0.005476225203366963,False,0,1441,0.0
1441,80.525921153,-108.49335479736328,44.78537368774414,0.7176611547034614,9,,,,,,,,,,,,0.0,,lane_follow,LANE_KEEP,,,0,,,0,0,0,,,22.571214719832795,1142.2215986555389,14.956541454232786,0.11367131459812384,1028.3009746540658,True,-0.004612332606023284,3.4999999995018807,1.07,-0.014213955067074874,False,0,1442,0.0
1442,80.575921153,-108.4999771118164,44.74924850463867,0.7302450895083783,9,,,,,,,,,,,,0.0,,lane_follow,LANE_KEEP,,,0,,,0,0,0,,,22.84171583810724,1172.0712764128755,16.517929951867863,0.10035359739406659,1148.6703272370478,True,-3.83026943495679e-15,3.4999999995018793,1.07,-0.02374117035908005,False,0,1443,0.0
1443,80.625921154,-108.50690460205078,44.71216583251953,0.7859370040665736,9,,,,,,,,,,,,0.0,,lane_follow,LANE_KEEP,,,0,,,0,0,0,,,20.95022446791417,1126.9498110639659,11.411402321103182,0.08915526821889602,908.6697646615559,True,3.83026943495679e-15,3.4999999995018793,1.07,-0.03427533930069945,False,0,1444,0.0
1444,80.675921155,-108.5147933959961,44.67129898071289,0.8749748817276841,9,,,,,,,,,,,,0.0,,lane_follow,LANE_KEEP,,,0,,,0,0,0,,,18.21474012733817,1039.3722679848968,5.263170842826326,0.07085178367544637,619.1971671430956,True,-1.2212453270876722e-15,3.499999999501878,1.07,-0.046006308266029444,False,0,1445,0.0
1445,80.725921156,-108.52355194091797,44.626277923583984,0.9334279957769304,9,,,,,,,,,,,,0.0,,lane_follow,LANE_KEEP,,,0,,,0,0,0,,,14.231166741783793,6.73601069015323,0.0,0.05965258459377321,283.0551642213954,True,-0.47127772277346364,3.4999999995019397,1.07,-0.059542177689326875,False,0,1446,0.0
1446,80.775921156,-108.53280639648438,44.57904052734375,1.0024467062257472,9,,,,,,,,,,,,0.0,,lane_follow,LANE_KEEP,,,0,,,0,0,0,,,15.934001641947413,984.5890514116627,2.4688061713208094,0.040903387974140434,515.2670346694315,True,-0.011478905637189007,3.499999999501894,1.07,-0.07279000502538588,False,0,1447,0.0
1447,80.825921157,-108.54273986816406,44.52712631225586,1.108698361401233,9,,,,,,,,,,,,0.0,,lane_follow,LANE_KEEP,,,0,,,0,0,0,,,14.308519422842068,906.7218726233897,0.5875830218347147,0.03784662457745912,521.2709547326457,True,-2.2343238370581275e-15,3.4999999995018936,1.07,-0.08764286640257576,False,0,1448,0.0
1448,80.875921158,-108.55362701416016,44.470550537109375,1.2122283063243653,9,,,,,,,,,,,,0.0,,lane_follow,LANE_KEEP,,,0,,,0,0,0,,,13.353331837118617,851.3641441670261,0.05400441390990628,0.03543738592585014,622.870821889284,True,-3.4416913763379853e-15,3.4999999995018936,1.07,-0.1032597545160093,False,0,1449,0.0
1449,80.925921159,-108.56503295898438,44.40974426269531,1.2366076560699668,9,,,,,,,,,,,,0.0,,lane_follow,LANE_KEEP,,,0,,,0,0,0,,,13.12276751801739,904.6386596319205,0.3550579381299486,0.02906984875362858,483.1456495306707,True,-6.0645932720149176e-15,3.4999999995018922,1.07,-0.11998170180405685,False,0,1450,0.0
1450,80.975921159,-108.57679748535156,44.34708786010742,1.305161101290319,9,,,,,,,,,,,,0.0,,lane_follow,LANE_KEEP,,,0,,,0,0,0,,,9.954870414998515,3.3026666495690566,0.0,0.028576611246877978,330.08049724324366,True,-0.4532209729708867,3.499999999501911,1.07,-0.13646152453135815,False,0,1451,0.0
1451,81.02592116,-108.58916473388672,44.28064727783203,1.3947119168659343,9,,,,,,,,,,,,0.0,,lane_follow,LANE_KEEP,,,0,,,0,0,0,,,12.239958705587194,836.8532269380472,0.057227073026104455,0.023156738516144148,559.638178612138,True,-0.05028018593156168,3.499999999501887,1.07,-0.1469392184255832,False,0,1452,0.0
1452,81.075921161,-108.60240936279297,44.20878982543945,1.500919147941434,9,,,,,,,,,,,,0.0,,lane_follow,LANE_KEEP,,,0,,,0,0,0,,,10.42547711587786,702.8795280666629,19.42040980766361,0.18833125063764034,1470.606409243802,True,-0.5227697376271254,3.4999999995021116,1.07,-0.12951858488952114,False,0,1453,0.0
1453,81.125921162,-108.61475372314453,44.132137298583984,1.5806339652202177,9,,,,,,,,,,,,0.0,,lane_follow,LANE_KEEP,,,0,,,0,0,0,,,,,,,,True,-0.9890431510955682,3.4999999995021116,1.07,-0.11552110280961822,False,0,1454,0.0
1454,81.175921162,-108.62566375732422,44.0512580871582,1.6723599009587309,9,,,,,,,,,,,,0.0,,lane_follow,LANE_KEEP,,,0,,,0,0,0,,,,,,,,True,-1.425793226376184,3.4999999995021116,1.07,-0.1068845982169769,False,0,1455,0.0
1455,81.225921163,-108.63589477539062,43.96638488769531,1.7368165449200252,9,,,,,,,,,,,,0.0,,lane_follow,LANE_KEEP,,,0,,,0,0,0,,,,,,,,True,-1.4033430679094778,3.4999999995021116,1.07,-0.10097179620074623,False,0,1456,0.0
1456,81.275921164,-108.64482116699219,43.877079010009766,1.8376339701358315,9,,,,,,,,,,,,0.0,,lane_follow,LANE_KEEP,,,0,,,0,0,0,,,10.383862031754546,161.40866121653644,0.0,0.009456501774422437,907.8715190375679,True,-0.9486835223834262,3.4999999995019677,1.07,-0.09944980195610639,False,0,1457,0.0
1457,81.325921164,-108.65312194824219,43.78367614746094,1.9058933554871194,9,,,,,,,,,,,,0.0,,lane_follow,LANE_KEEP,,,0,,,0,0,0,,,,,,,,True,-0.4851167615226466,3.4999999995019677,1.07,-0.10003726355047457,False,0,1458,0.0
1458,81.375921165,-108.66131591796875,43.68571853637695,2.0108434293619952,9,,,,,,,,,,,,0.0,,lane_follow,LANE_KEEP,,,0,,,0,0,0,,,,,,,,True,-0.035620659967289525,3.499999999501982,1.07,-0.10119451322199877,False,0,1459,0.0
1459,81.425921166,-108.66966247558594,43.58350372314453,2.0829593102332487,9,,,,,,,,,,,,0.0,,lane_follow,LANE_KEEP,,,0,,,0,0,0,,,,,,,,True,-6.161737786669619e-15,3.4999999995019677,1.07,-0.10212508431251419,False,0,1460,0.0
1460,81.475921167,-108.67825317382812,43.476707458496094,2.186649620805532,9,,,,,,,,,,,,0.0,,lane_follow,LANE_KEEP,,,0,,,0,0,0,,,497.8719460854468,243.35785167682167,0.0,0.0014838006021143284,1572.3497779561542,True,-2.192690473634684e-15,3.4999999995020534,1.07,-0.10265151232330036,False,0,1461,0.0
1461,81.525921167,-108.68740844726562,43.36567306518555,2.259951853430139,9,,,,,,,,,,,,0.0,,lane_follow,LANE_KEEP,,,0,,,0,0,0,,,,,,,,True,-9.43689570931383e-16,3.4999999995020663,1.07,-0.10171591419261747,False,0,1462,0.0
1462,81.575921168,-108.69733428955078,43.25014877319336,2.360625049480169,9,,,,,,,,,,,,0.0,,lane_follow,LANE_KEEP,,,0,,,0,0,0,,,,,,,,True,-3.1502578323738817e-15,3.499999999502082,1.07,-0.09888131305574874,False,0,1463,0.0
1463,81.625921169,-108.70752716064453,43.13046646118164,2.4326652382272065,9,,,,,,,,,,,,0.0,,lane_follow,LANE_KEEP,,,0,,,0,0,0,,,,,,,,True,-2.706168622523819e-15,3.4999999995021116,1.07,-0.09545274812354107,False,0,1464,0.0
1464,81.67592117,-108.71824645996094,43.00644302368164,2.5292103921971836,9,,,,,,,,,,,,0.0,,lane_follow,LANE_KEEP,,,0,,,0,0,0,,,,,,,,True,1.970645868709653e-15,3.499999999502096,1.07,-0.09076549770432071,False,0,1465,0.0
1465,81.72592117,-108.7292251586914,42.87839889526367,2.599628978080142,9,,,,,,,,,,,,0.0,,lane_follow,LANE_KEEP,,,0,,,0,0,0,,,433.1903873596585,146.85368901990967,0.0,0.00025094264762135713,1605.2453243021685,True,-6.314393452555578e-15,3.499999999502126,1.07,-0.08551520789010855,False,0,1466,0.0
1466,81.775921171,-108.7406005859375,42.74617004394531,2.6916733649591484,9,,,,,,,,,,,,0.0,,lane_follow,LANE_KEEP,,,0,,,0,0,0,,,,,,,,True,-6.647460359943125e-15,3.4999999995021245,1.07,-0.07931855786518568,False,0,1467,0.0
1467,81.825921172,-108.75251007080078,42.61009216308594,2.7600822271949568,9,,,,,,,,,,,,0.0,,lane_follow,LANE_KEEP,,,0,,,0,0,0,,,,,,,,True,5.537237335317968e-15,3.4999999995021542,1.07,-0.07174896364386316,False,0,1468,0.0
1468,81.875921173,-108.7646255493164,42.47001266479492,2.847389057664811,9,,,,,,,,,,,,0.0,,lane_follow,LANE_KEEP,,,0,,,0,0,0,,,,,,,,True,-2.0122792321330962e-15,3.499999999502153,1.07,-0.06372518011958114,False,0,1469,0.0
1469,81.925921173,-108.77711486816406,42.32624816894531,2.913265550469288,9,,,,,,,,,,,,0.0,,lane_follow,LANE_KEEP,,,0,,,0,0,0,,,,,,,,True,1.734723475976807e-15,3.499999999502197,1.07,-0.05480274380852021,False,0,1470,0.0
1470,81.975921174,-108.789794921875,42.17866134643555,2.996059400536512,8,,,,,,,,,,,,0.0,,lane_follow,LANE_KEEP,,,0,,,0,0,0,,,378.2259732836298,95.65293287266537,0.0,3.5757564223527576e-05,1561.8078249237303,True,4.926614671774132e-15,3.499999999502197,1.07,-0.045479482927044484,False,0,1471,0.0
1471,82.025921175,-108.80271911621094,42.02754211425781,3.059285859991083,8,,,,,,,,,,,,0.0,,lane_follow,LANE_KEEP,,,0,,,0,0,0,,,,,,,,True,-4.1772141301521515e-15,3.4999999995022093,1.07,-0.035527770888982596,False,0,1472,0.0
1472,82.075921176,-108.81598663330078,41.87279510498047,3.1377361875351166,8,,,,,,,,,,,,0.0,,lane_follow,LANE_KEEP,,,0,,,0,0,0,,,,,,,,True,-4.413136522884997e-15,3.4999999995022097,1.07,-0.02473557679890867,False,0,1473,0.0
1473,82.125921176,-108.82939910888672,41.71467590332031,3.1982588281690743,8,,,,,,,,,,,,0.0,,lane_follow,LANE_KEEP,,,0,,,0,0,0,,,,,,,,True,-6.564193633096238e-15,3.4999999995022395,1.07,-0.013614527653085545,False,0,1474,0.0
1474,82.175921177,-108.84302520751953,41.55311584472656,3.272446600867235,8,,,,,,,,,,,,0.0,,lane_follow,LANE_KEEP,,,0,,,0,0,0,,,,,,,,True,-1.3877787807814457e-17,3.499999999502253,1.07,-0.002006873460819486,False,0,1475,0.0
1475,82.225921178,-108.85675811767578,41.388343811035156,3.33040499215458,8,,,,,,,,,,,,0.0,,lane_follow,LANE_KEEP,,,0,,,0,0,0,,,346.2524347563852,72.02501945493385,0.0,4.1640771953117285e-06,1743.2595989954318,True,-5.3013149425851225e-15,3.499999999502266,1.07,0.009841240386007005,False,0,1476,0.0
1476,82.275921179,-108.87064361572266,41.220298767089844,3.400544676838091,8,,,,,,,,,,,,0.0,,lane_follow,LANE_KEEP,,,0,,,0,0,0,,,,,,,,True,-6.869504964868156e-15,3.499999999502295,1.07,0.022059068356074546,False,0,1477,0.0
1477,82.325921179,-108.88472747802734,41.0491943359375,3.456060119176996,8,,,,,,,,,,,,0.0,,lane_follow,LANE_KEEP,,,0,,,0,0,0,,,,,,,,True,-6.2450045135165055e-15,3.4999999995023092,1.07,0.03475271185367915,False,0,1478,0.0
1478,82.37592118,-108.89888763427734,40.87498092651367,3.522346328540064,8,,,,,,,,,,,,0.0,,lane_follow,LANE_KEEP,,,0,,,0,0,0,,,,,,,,True,2.3869795029440866e-15,3.4999999995023403,1.07,0.04761674872175306,False,0,1479,0.0
1479,82.425921181,-108.91313171386719,40.69784927368164,3.575505867509479,8,,,,,,,,,,,,0.0,,lane_follow,LANE_KEEP,,,0,,,0,0,0,,,,,,,,True,5.703770789011742e-15,3.499999999502339,1.07,0.060693055635176046,False,0,1480,0.0
1480,82.475921182,-108.92742919921875,40.517757415771484,3.6381853135775515,8,,,,,,,,,,,,0.0,,lane_follow,LANE_KEEP,,,0,,,0,0,0,,,318.1276093672305,57.477518364461275,0.0,6.016010440248038e-07,1703.9209574884765,True,-3.8719027983802334e-15,3.4999999995023514,1.07,0.07387468983608106,False,0,1481,0.0
1481,82.525921182,-108.94178771972656,40.33489227294922,3.6891330585325974,8,,,,,,,,,,,,0.0,,lane_follow,LANE_KEEP,,,0,,,0,0,0,,,,,,,,True,5.9119376061289586e-15,3.4999999995023674,1.07,0.08723310849557123,False,0,1482,0.0
1482,82.575921183,-108.95619201660156,40.14921951293945,3.748424408197843,8,,,,,,,,,,,,0.0,,lane_follow,LANE_KEEP,,,0,,,0,0,0,,,97.50055491361964,744.2978933400585,0.0,8.689891553818606e-07,5756.293412676182,True,-0.4679873099414118,3.4999999995025224,1.07,0.07094960197844694,False,0,1483,0.0
1483,82.625921184,-108.96775817871094,39.96135330200195,3.768173855715803,8,,,,,,,,,,,,0.0,,lane_follow,LANE_KEEP,,,0,,,0,0,0,,,,,,,,True,-0.9246889413014894,3.4999999995025224,1.07,0.049378630325559364,False,0,1484,0.0
1484,82.67592118499999,-108.97377014160156,39.77471160888672,3.710614791754294,8,,,,,,,,,,,,0.0,,lane_follow,LANE_KEEP,,,0,,,0,0,0,,,,,,,,True,-1.3552850645227423,3.4999999995025224,1.07,0.02459343496067748,False,0,1485,0.0
1485,82.725921185,-108.97583770751953,39.59306716918945,3.5893220785402407,8,,,,,,,,,,,,0.0,,lane_follow,LANE_KEEP,,,0,,,0,0,0,,,,,,,,True,-1.7147239104967433,3.4999999995025224,1.07,-0.00047368228248964583,False,0,1486,0.0
1486,82.775921186,-108.97352600097656,39.4185791015625,3.4418431624376695,8,,,,,,,,,,,,0.0,,lane_follow,LANE_KEEP,,,0,,,0,0,0,,,,,,,,True,-1.7904258058482134,3.4999999995025224,1.07,-0.02514062584482421,False,0,1487,0.0
1487,82.825921187,-108.96784973144531,39.25223922729492,3.275554752402509,8,,,,,,,,,,,,0.0,,lane_follow,LANE_KEEP,,,0,,,0,0,0,,,37.201359425405684,695.2690581845936,0.0,5.8624303549234033e-08,436.74645951697545,True,-1.7866143798794054,3.4999999995025224,1.07,-0.04828699609575757,False,0,1488,0.0
1488,82.875921188,-108.95883178710938,39.09530258178711,3.085276392981202,8,,,,,,,,,,,,0.0,,lane_follow,LANE_KEEP,,,0,,,0,0,0,,,,,,,,True,-1.7793560891873619,3.4999999995025224,1.07,-0.06994375747656387,False,0,1489,0.0
1489,82.925921188,-108.94649505615234,38.948692321777344,2.8815942265324193,8,,,,,,,,,,,,0.0,,lane_follow,LANE_KEEP,,,0,,,0,0,0,,,,,,,,True,-1.7686634729465225,3.4999999995025224,1.07,-0.09048186894668761,False,0,1490,0.0
1490,82.975921189,-108.93218231201172,38.81153106689453,2.7104946483455135,8,,,,,,,,,,,,0.0,,lane_follow,LANE_KEEP,,,0,,,0,0,0,,,,,,,,True,-1.7558890547027535,3.4999999995027355,1.07,-0.10893981092439739,False,0,1491,0.0
1491,83.02592119,-108.91612243652344,38.68380355834961,2.5202169972812833,8,,,,,,,,,,,,0.0,,lane_follow,LANE_KEEP,,,0,,,0,0,0,,,1025.8348081750305,227.10055537514572,0.0,2.8498300465797097e-08,12453.734289770331,True,-1.2471083353203352,3.4999999995025504,1.07,-0.1430676995753378,False,0,1492,0.0
1492,83.075921191,-108.90030670166016,38.56448745727539,2.361491254673625,8,,,,,,,,,,,,0.0,,lane_follow,LANE_KEEP,,,0,,,0,0,0,,,,,,,,True,-0.7240776604388551,3.4999999995025806,1.07,-0.13934227367456628,False,0,1493,0.0
1493,83.125921191,-108.88603210449219,38.45328140258789,2.1853832596384053,8,,,,,,,,,,,,0.0,,lane_follow,LANE_KEEP,,,0,,,0,0,0,,,,,,,,True,-0.2150429325049179,3.4999999995025948,1.07,-0.1498619486007072,False,0,1494,0.0
1494,83.175921192,-108.87247467041016,38.34988021850586,2.036502621804008,8,,,,,,,,,,,,0.0,,lane_follow,LANE_KEEP,,,0,,,0,0,0,,,,,,,,True,-4.718447854656915e-15,3.499999999502609,1.07,-0.14119615988637477,False,0,1495,0.0
1495,83.225921193,-108.86206817626953,38.263179779052734,1.4031821149627128,8,,,,,,,,,,,,0.0,,lane_follow,LANE_KEEP,,,0,,,0,0,0,,,1344.9952157802293,41.223916724054334,0.0,6.5476357961301445e-09,15930.228196286422,True,-1.797173521111972e-15,3.499999999502623,1.07,-0.13144162151738334,False,0,1496,0.0
1496,83.275921194,-108.85897064208984,38.23079299926758,0.17791181673963988,8,,,,,,,,,,,,0.0,,lane_follow,LANE_KEEP,,,0,,,0,0,0,,,1160.5910829842599,22.059391937413174,0.0,6.751588767026495e-09,79660.93630274668,True,6.38378239159465e-16,3.4999999995025934,1.07,-0.12609584363564993,False,0,1497,0.0
1497,83.325921194,-108.85808563232422,38.223575592041016,0.29736953149029627,8,,,,,,,,,,,,0.0,,lane_follow,LANE_KEEP,,,0,,,0,0,0,,,1125.092311151423,19.932550900499557,0.0,5.48854311201674e-09,33002.37038856282,True,-8.881784197001252e-16,3.4999999995025934,1.07,-0.12600654874986236,False,0,1498,0.0
1498,83.375921195,-108.85508728027344,38.19904327392578,0.6062606780895555,8,,,,,,,,,,,,0.0,,lane_follow,LANE_KEEP,,,0,,,0,0,0,,,1036.5185277450023,17.303654013826005,0.0,4.945896199711271e-09,10515.148958448623,True,-3.2959746043559335e-15,3.4999999995025934,1.07,-0.12563015808886643,False,0,1499,0.0
1499,83.425921196,-108.85096740722656,38.16371536254883,0.7367210496017728,8,,,,,,,,,,,,0.0,,lane_follow,LANE_KEEP,,,0,,,0,0,0,,,957.3564028889557,14.008182915432863,0.0,4.375670861881184e-09,5454.473471225908,True,5.009881398621019e-15,3.499999999502622,1.07,-0.12535751125571068,False,0,1500,0.0
1500,83.475921197,-108.84666442871094,38.125362396240234,0.7844483297377409,7,,,,,,,,,,,,0.0,,lane_follow,LANE_KEEP,,,0,,,0,0,0,,,925.9394740211856,11.057609030987196,0.0,3.639405788030596e-09,4969.642071225737,True,-2.3592239273284576e-15,3.499999999502593,1.07,-0.12485485474340638,False,0,1501,0.0
1501,83.525921197,-108.84220123291016,38.084346771240234,0.8948175729195273,7,,,,,,,,,,,,0.0,,lane_follow,LANE_KEEP,,,0,,,0,0,0,,,849.9954443817074,8.885977745592465,0.0,3.2070736812744264e-09,3732.6734788013955,True,4.447830992404533e-15,3.499999999502609,1.07,-0.1250546021262596,False,0,1502,0.0
1502,83.575921198,-108.83740997314453,38.03706359863281,0.9753055737555845,7,,,,,,,,,,,,0.0,,lane_follow,LANE_KEEP,,,0,,,0,0,0,,,812.4466837554263,6.909663981612807,0.0,2.703810975160417e-09,3261.3823599501193,True,-2.366162821232365e-15,3.4999999995026063,1.07,-0.12507041210126343,False,0,1503,0.0
1503,83.625921199,-108.83228302001953,37.985965728759766,1.0489923621218002,7,,,,,,,,,,,,0.0,,lane_follow,LANE_KEEP,,,0,,,0,0,0,,,785.3958441266716,5.372994806130771,0.0,2.2585673926057233e-09,2996.657958139706,True,-4.947431353485854e-15,3.4999999995026374,1.07,-0.12588364015319584,False,0,1504,0.0
1504,83.6759212,-108.82722473144531,37.93215560913086,1.1121731936371353,7,,,,,,,,,,,,0.0,,lane_follow,LANE_KEEP,,,0,,,0,0,0,,,768.362160458743,4.053447020889853,0.0,1.884469031361656e-09,2927.7330812632426,True,1.582067810090848e-15,3.499999999502636,1.07,-0.12613822862441157,False,0,1505,0.0
1505,83.7259212,-108.82170867919922,37.873443603515625,1.2174056369587698,7,,,,,,,,,,,,0.0,,lane_follow,LANE_KEEP,,,0,,,0,0,0,,,723.6012015642034,3.1408538747216523,0.0,1.6171413235284722e-09,2385.7540223659703,True,3.8163916471489756e-16,3.4999999995026503,1.07,-0.12740074615784355,False,0,1506,0.0
1506,83.775921201,-108.81596374511719,37.810699462890625,1.2929773124164485,7,,,,,,,,,,,,0.0,,lane_follow,LANE_KEEP,,,0,,,0,0,0,,,704.4989778002489,2.4233371274376463,0.0,1.359836292689391e-09,2320.1360415858708,True,1.7139067942650854e-15,3.4999999995026347,1.07,-0.1292773030363675,False,0,1507,0.0
1507,83.825921202,-108.81031036376953,37.745574951171875,1.343759000327277,7,,,,,,,,,,,,0.0,,lane_follow,LANE_KEEP,,,0,,,0,0,0,,,702.144238835724,1.8257690562273592,0.0,1.3926243525326953e-09,2541.9993769132816,True,-6.612765890423589e-15,3.4999999995026205,1.07,-0.13056925154387375,False,0,1508,0.0
1508,83.875921202,-108.80452728271484,37.6773567199707,1.3768484453396523,7,,,,,,,,,,,,0.0,,lane_follow,LANE_KEEP,,,0,,,0,0,0,,,709.8431234959755,1.4212525645647345,0.0,9.441038567146385e-10,2911.5079996878376,True,1.8388068845354155e-15,3.4999999995026645,1.07,-0.13207475110206487,False,0,1509,0.0
1509,83.925921203,-108.79847717285156,37.606388092041016,1.4590554470616306,7,,,,,,,,,,,,0.0,,lane_follow,LANE_KEEP,,,0,,,0,0,0,,,680.6967308539855,1.2009878568902899,0.0,9.851684493472734e-10,2621.792456587705,True,-1.8735013540549517e-16,3.4999999995026507,1.07,-0.134458149377621,False,0,1510,0.0
1510,83.975921204,-108.79222106933594,37.531944274902344,1.5219457950098072,7,,,,,,,,,,,,0.0,,lane_follow,LANE_KEEP,,,0,,,0,0,0,,,,,,,,True,-8.81239525796218e-16,3.499999999502663,1.07,-0.13728369489851552,False,0,1511,0.0
1511,84.025921205,-108.78561401367188,37.45205307006836,1.6549106318681468,7,,,,,,,,,,,,0.0,,lane_follow,LANE_KEEP,,,0,,,0,0,0,,,,,,,,True,5.8494875609937935e-15,3.4999999995026787,1.07,-0.14054160958520331,False,0,1512,0.0
1512,84.075921205,-108.77857971191406,37.36769104003906,1.7182057840014522,7,,,,,,,,,,,,0.0,,lane_follow,LANE_KEEP,,,0,,,0,0,0,,,,,,,,True,1.0477729794899915e-15,3.4999999995026787,1.07,-0.14429011832073577,False,0,1513,0.0
1513,84.125921206,-108.771240234375,37.2789306640625,1.8227496856549064,7,,,,,,,,,,,,0.0,,lane_follow,LANE_KEEP,,,0,,,0,0,0,,,,,,,,True,-3.608224830031759e-16,3.4999999995027085,1.07,-0.14827571756350819,False,0,1514,0.0
1514,84.175921207,-108.76354217529297,37.18608474731445,1.8910518489969768,7,,,,,,,,,,,,0.0,,lane_follow,LANE_KEEP,,,0,,,0,0,0,,,565.874066119197,0.9007578395387619,0.0,3.889191922586534e-10,1860.8112543354773,True,-3.184952301893418e-15,3.499999999502693,1.07,-0.14742253245145562,False,0,1515,0.0
1515,84.225921208,-108.7554931640625,37.08868408203125,1.9965998077382199,7,,,,,,,,,,,,0.0,,lane_follow,LANE_KEEP,,,0,,,0,0,0,,,,,,,,True,-5.169475958410885e-15,3.499999999502707,1.07,-0.14274228720478951,False,0,1516,0.0
1516,84.275921208,-108.74717712402344,36.9870491027832,2.0685615640202175,7,,,,,,,,,,,,0.0,,lane_follow,LANE_KEEP,,,0,,,0,0,0,,,,,,,,True,2.0122792321330962e-15,3.499999999502735,1.07,-0.13764567179367967,False,0,1517,0.0
1517,84.325921209,-108.73843383789062,36.8808479309082,2.1725255023991528,7,,,,,,,,,,,,0.0,,lane_follow,LANE_KEEP,,,0,,,0,0,0,,,,,,,,True,5.551115123125783e-17,3.4999999995027355,1.07,-0.13216705184498498,False,0,1518,0.0
1518,84.37592121,-108.72940063476562,36.770408630371094,2.2454569338163184,7,,,,,,,,,,,,0.0,,lane_follow,LANE_KEEP,,,0,,,0,0,0,,,,,,,,True,-3.3306690738754696e-16,3.4999999995027666,1.07,-0.12631079801497455,False,0,1519,0.0
1519,84.425921211,-108.71994018554688,36.655487060546875,2.346236190509136,7,,,,,,,,,,,,0.0,,lane_follow,LANE_KEEP,,,0,,,0,0,0,,,469.8432751456447,1.0313435908978474,0.0,2.2678363810246497e-10,1451.0269166516885,True,-2.4771851236948805e-15,3.4999999995027498,1.07,-0.12006151705721754,False,0,1520,0.0
1520,84.475921211,-108.71016693115234,36.536415100097656,2.4185179098349776,7,,,,,,,,,,,,0.0,,lane_follow,LANE_KEEP,,,0,,,0,0,0,,,51.187415287871055,0.7664214973477355,0.0,2.0621517198926432e-10,91.12441077562909,True,5.447031714567174e-15,3.499999999502751,1.07,-0.11342866493421075,False,0,1521,0.0
1521,84.525921212,-108.69999694824219,36.412994384765625,2.515280808867142,7,,,,,,,,,,,,0.0,,lane_follow,LANE_KEEP,,,0,,,0,0,0,,,,,,,,True,-7.424616477180734e-16,3.4999999995027355,1.07,-0.10638005004565762,False,0,1522,0.0
1522,84.575921213,-108.68946838378906,36.285552978515625,2.585947598971949,7,,,,,,,,,,,,0.0,,lane_follow,LANE_KEEP,,,0,,,0,0,0,,,,,,,,True,4.225786387479502e-15,3.4999999995027653,1.07,-0.0989810764594555,False,0,1523,0.0
1523,84.625921214,-108.67853546142578,36.1539306640625,2.6782858434736387,7,,,,,,,,,,,,0.0,,lane_follow,LANE_KEEP,,,0,,,0,0,0,,,,,,,,True,-7.029099524658022e-15,3.499999999502764,1.07,-0.09125385687940599,False,0,1524,0.0
1524,84.675921214,-108.66719818115234,36.01844787597656,2.7467817325718333,7,,,,,,,,,,,,0.0,,lane_follow,LANE_KEEP,,,0,,,0,0,0,,,,,,,,True,-7.216449660063518e-16,3.4999999995027795,1.07,-0.0831609393115896,False,0,1525,0.0
1525,84.725921215,-108.65544891357422,35.87895965576172,2.834562205941538,7,,,,,,,,,,,,0.0,,lane_follow,LANE_KEEP,,,0,,,0,0,0,,,36.01330040758626,0.4004924495028399,0.0,1.4426511595385377e-10,122.06958647974946,True,-1.9290125052862095e-15,3.499999999502808,1.07,-0.07473147531190713,False,0,1526,0.0
1526,84.775921216,-108.64331817626953,35.73576736450195,2.900583548247046,7,,,,,,,,,,,,0.0,,lane_follow,LANE_KEEP,,,0,,,0,0,0,,,,,,,,True,6.772360450213455e-15,3.499999999502821,1.07,-0.06593498357502323,False,0,1527,0.0
1527,84.825921217,-108.63082122802734,35.58876419067383,2.9838231030084743,7,,,,,,,,,,,,0.0,,lane_follow,LANE_KEEP,,,0,,,0,0,0,,,378.81507168570664,368.873603158545,0.0,1.202404716909677e-10,1631.2263474420383,True,-0.5078644167914977,3.499999999502919,1.07,-0.05677197330002767,False,0,1528,0.0
1528,84.875921217,-108.61720275878906,35.43831253051758,3.0468966075611674,7,,,,,,,,,,,,0.0,,lane_follow,LANE_KEEP,,,0,,,0,0,0,,,,,,,,True,-0.981612872005835,3.499999999502919,1.07,-0.047849103407310606,False,0,1529,0.0
1529,84.925921218,-108.60267639160156,35.284297943115234,3.12565817595643,7,,,,,,,,,,,,0.0,,lane_follow,LANE_KEEP,,,0,,,0,0,0,,,,,,,,True,-1.3769461785483013,3.499999999502919,1.07,-0.03886187863329846,False,0,1530,0.0
1530,84.975921219,-108.58689880371094,35.127017974853516,3.1860695047579677,7,,,,,,,,,,,,0.0,,lane_follow,LANE_KEEP,,,0,,,0,0,0,,,,,,,,True,-1.4519265754732453,3.499999999502919,1.07,-0.029951780728613236,False,0,1531,0.0
1531,85.02592122,-108.56963348388672,34.966453552246094,3.2601896749564667,7,,,,,,,,,,,,0.0,,lane_follow,LANE_KEEP,,,0,,,0,0,0,,,,,,,,True,-1.4364620907983867,3.499999999502919,1.07,-0.02118380920914817,False,0,1532,0.0
1532,85.07592122,-108.55127716064453,34.80277633666992,3.318386013995125,7,,,,,,,,,,,,0.0,,lane_follow,LANE_KEEP,,,0,,,0,0,0,,,346.62144338501525,256.2218974811383,0.0,7.859181552730678e-11,1806.88989579194,True,-1.4199415622236662,3.4999999995031787,1.07,-0.01205408676752881,False,0,1533,0.0
1533,85.125921221,-108.53167724609375,34.63594436645508,3.388631546046152,7,,,,,,,,,,,,0.0,,lane_follow,LANE_KEEP,,,0,,,0,0,0,,,1981.373687168852,1109.6440843421055,39934.40760620499,7.22357896318153e-11,44479.2983310553,True,-1.0207823512959335,3.499999999502994,1.07,-0.0024811567153469605,False,0,1534,0.0
1534,85.175921222,-108.50911712646484,34.466552734375,3.441565885599005,7,,,,,,,,,,,,0.0,,lane_follow,LANE_KEEP,,,0,,,0,0,0,,,1973.1899626584711,1012.8807140971976,30887.061321178735,6.596884487511798e-11,38358.48160536826,True,-0.6792809088289218,3.4999999995029927,1.07,0.006226675690630318,False,0,1535,0.0
1535,85.225921223,-108.48428344726562,34.294403076171875,3.5081575535544856,7,,,,,,,,,,,,0.0,,lane_follow,LANE_KEEP,,,0,,,0,0,0,,,1954.1365819504001,1047.796233859445,34676.06632756187,6.10528683409179e-11,32708.28062653474,True,-0.5777228874506553,3.4999999995030056,1.07,0.015009139025376733,False,0,1536,0.0
1536,85.275921223,-108.4582290649414,34.11945343017578,3.5620468549775426,7,,,,,,,,,,,,0.0,,lane_follow,LANE_KEEP,,,0,,,0,0,0,,,1943.8974584378354,958.9337907933773,26034.649455873696,5.606127801187373e-11,34345.19498024171,True,-0.5102172080957184,3.4999999995030366,1.07,0.025133222507534164,False,0,1537,0.0
1537,85.325921224,-108.43113708496094,33.941619873046875,3.625436553067278,7,,,,,,,,,,,,0.0,,lane_follow,LANE_KEEP,,,0,,,0,0,0,,,1926.149173660786,990.1932373084439,29496.99356559977,5.606127801187373e-11,44598.43785171002,True,-0.44254561129233133,3.499999999503048,1.07,0.036895018849627675,False,0,1538,0.0
1538,85.375921225,-108.40318298339844,33.761070251464844,3.6769781955014493,7,,,,,,,,,,,,0.0,,lane_follow,LANE_KEEP,,,0,,,0,0,0,,,1915.895626792652,901.1141090906752,21323.49574811551,4.8104410087804233e-11,37344.64194860621,True,-0.3748833113666815,3.4999999995030935,1.07,0.050295754779480145,False,0,1539,0.0
1539,85.425921226,-108.37451171875,33.57774353027344,3.7368880467756203,7,,,,,,,,,,,,0.0,,lane_follow,LANE_KEEP,,,0,,,0,0,0,,,1898.6074291281627,928.6797914215751,24590.399692411025,4.501289647739673e-11,32303.04809452314,True,-0.30733792277561495,3.4999999995031064,1.07,0.06542154139890224,False,0,1540,0.0
1540,85.475921226,-108.34532928466797,33.39176940917969,3.7862668693469326,7,,,,,,,,,,,,0.0,,lane_follow,LANE_KEEP,,,0,,,0,0,0,,,1888.8057284400911,838.64135417864,16627.80120999953,4.155449667989391e-11,33351.87720096363,True,-0.24005886952007788,3.4999999995031064,1.07,0.08224790480302482,False,0,1541,0.0
1541,85.525921227,-108.31705474853516,33.2028923034668,3.8429456499082253,7,,,,,,,,,,,,0.0,,lane_follow,LANE_KEEP,,,0,,,0,0,0,,,1872.8632596826094,828.7914896445504,17925.878054899207,3.909948233183888e-11,41684.956289365546,True,-0.17216797730850375,3.4999999995031206,1.07,0.10177413472146504,False,0,1542,0.0
1542,85.575921228,-108.28934478759766,33.0113410949707,3.890057905384667,7,,,,,,,,,,,,0.0,,lane_follow,LANE_KEEP,,,0,,,0,0,0,,,1863.2631545997388,1320.1629334497372,24553.008242764343,2.4107450270107224e-11,213104.8321053268,True,-0.1042599920951558,3.4999999995031645,1.07,0.12331903439726358,False,0,1543,0.0
1543,85.625921229,-108.26298522949219,32.81703567504883,3.942906516058773,7,,,,,,,,,,,,0.0,,lane_follow,LANE_KEEP,,,0,,,0,0,0,,,285.468354546057,1288.9037331523177,375.09253791127736,1.759344940855341e-10,4565.024292093597,True,-0.036034874031294795,3.4999999995031916,1.07,0.1470544065059042,False,0,1544,0.0
1544,85.675921229,-108.2337875366211,32.62081527709961,3.985503315189587,7,,,,,,,,,,,,0.0,,lane_follow,LANE_KEEP,,,0,,,0,0,0,,,,,,,,True,1.1102230246251565e-16,3.4999999995031916,1.07,0.16926569350889778,False,0,1545,0.0
1545,85.72592123,-108.20204162597656,32.42262268066406,4.035165143972413,7,,,,,,,,,,,,0.0,,lane_follow,LANE_KEEP,,,0,,,0,0,0,,,,,,,,True,-2.55351295663786e-15,3.4999999995031748,1.07,0.19042596723899177,False,0,1546,0.0
1546,85.775921231,-108.16604614257812,32.223121643066406,4.072659220025351,7,,,,,,,,,,,,0.0,,lane_follow,LANE_KEEP,,,0,,,0,0,0,,,,,,,,True,-1.1102230246251565e-16,3.49999999950322,1.07,0.20990411690285074,False,0,1547,0.0
1547,85.825921232,-108.12330627441406,32.02329635620117,4.109883459798145,7,,,,,,,,,,,,0.0,,lane_follow,LANE_KEEP,,,0,,,0,0,0,,,,,,,,True,-2.220446049250313e-16,3.4999999995032627,1.07,0.22637292188106475,False,0,1548,0.0
1548,85.875921232,-108.07527160644531,31.822818756103516,4.150429930789201,7,,,,,,,,,,,,0.0,,lane_follow,LANE_KEEP,,,0,,,0,0,0,,,282.57739209191635,185.3980825295864,0.0,4.464213756299963e-11,2289.54317245049,True,-5.551115123125783e-16,3.499999999503247,1.07,0.24248997243815454,False,0,1549,0.0
1549,85.925921233,-108.02588653564453,31.62018394470215,4.199620324906918,7,,,,,,,,,,,,0.0,,lane_follow,LANE_KEEP,,,0,,,0,0,0,,,,,,,,True,-3.3306690738754696e-16,3.4999999995033053,1.07,0.2627861577697178,False,0,1550,0.0
1550,85.975921234,-107.97705078125,31.414920806884766,4.242198889466669,7,,,,,,,,,,,,0.0,,lane_follow,LANE_KEEP,,,0,,,0,0,0,,,,,,,,True,1.1102230246251565e-16,3.4999999995033195,1.07,0.28859973320246224,False,0,1551,0.0
1551,86.025921235,-107.92742919921875,31.207582473754883,4.284862849999783,7,,,,,,,,,,,,0.0,,lane_follow,LANE_KEEP,,,0,,,0,0,0,,,,,,,,True,-4.218847493575595e-15,3.499999999503334,1.07,0.27340547601710774,False,0,1552,0.0
1552,86.075921235,-107.87825012207031,30.99798011779785,4.323852600027692,7,,,,,,,,,,,,0.0,,lane_follow,LANE_KEEP,,,0,,,0,0,0,,,,,,,,True,2.55351295663786e-15,3.499999999503331,1.07,0.27207107447646106,False,0,1553,0.0
1553,86.125921236,-107.82870483398438,30.786380767822266,4.364104775460189,7,,,,,,,,,,,,0.0,,lane_follow,LANE_KEEP,,,0,,,0,0,0,,,262.6260307191618,87.10486335044985,0.0,3.7932069968038767e-11,1981.5623239479542,True,-1.4432899320127035e-15,3.4999999995033764,1.07,0.25666297924103076,False,0,1554,0.0
1554,86.175921237,-107.77960968017578,30.572336196899414,4.40000941990023,7,,,,,,,,,,,,0.0,,lane_follow,LANE_KEEP,,,0,,,0,0,0,,,,,,,,True,-1.8318679906315083e-15,3.4999999995033906,1.07,0.26420195667996726,False,0,1555,0.0
1555,86.225921238,-107.73396301269531,30.3560848236084,4.438489921119373,7,,,,,,,,,,,,0.0,,lane_follow,LANE_KEEP,,,0,,,0,0,0,,,,,,,,True,4.440892098500626e-15,3.499999999503419,1.07,0.27775186963493137,False,0,1556,0.0
1556,86.275921238,-107.68817901611328,30.13798713684082,4.47424400617642,7,,,,,,,,,,,,0.0,,lane_follow,LANE_KEEP,,,0,,,0,0,0,,,,,,,,True,-4.440892098500626e-16,3.4999999995034616,1.07,0.29140776876638397,False,0,1557,0.0
1557,86.325921239,-107.64398193359375,29.917699813842773,4.509322999191107,7,,,,,,,,,,,,0.0,,lane_follow,LANE_KEEP,,,0,,,0,0,0,,,252.91700494532063,70.86888822740518,0.0,3.16625122453553e-11,1872.9693749307505,True,-3.941291737419306e-15,3.49999999950349,1.07,0.30467240361661296,False,0,1558,0.0
1558,86.37592124,-107.60221099853516,29.695234298706055,4.54162477385385,7,,,,,,,,,,,,0.0,,lane_follow,LANE_KEEP,,,0,,,0,0,0,,,,,,,,True,-1.1102230246251565e-16,3.499999999503476,1.07,0.29064810166581434,False,0,1559,0.0
1559,86.42592124,-107.56301879882812,29.470670700073242,4.574569604056118,7,,,,,,,,,,,,0.0,,lane_follow,LANE_KEEP,,,0,,,0,0,0,,,,,,,,True,-3.885780586188048e-16,3.4999999995035034,1.07,0.2809103645919929,False,0,1560,0.0
1560,86.475921241,-107.5255355834961,29.24416160583496,4.606995081698813,7,,,,,,,,,,,,0.0,,lane_follow,LANE_KEEP,,,0,,,0,0,0,,,,,,,,True,-1.1102230246251565e-16,3.499999999503547,1.07,0.2714403176864505,False,0,1561,0.0
1561,86.525921242,-107.49019622802734,29.015729904174805,4.638597130672361,7,,,,,,,,,,,,0.0,,lane_follow,LANE_KEEP,,,0,,,0,0,0,,,244.43997295970064,45.61173525022111,0.0,2.5704008336543598e-11,1855.550839345677,True,-5.551115123125783e-17,3.4999999995035442,1.07,0.2624370609441963,False,0,1562,0.0
1562,86.575921243,-107.45723724365234,28.78542709350586,4.668900325306534,8,,,,,,,,,,,,0.0,,lane_follow,LANE_KEEP,,,0,,,0,0,0,,,,,,,,True,-5.551115123125783e-17,3.4999999995035895,1.07,0.23979658633388304,False,0,1563,0.0
1563,86.625921243,-107.42665100097656,28.553287506103516,4.699380179369578,8,,,,,,,,,,,,0.0,,lane_follow,LANE_KEEP,,,0,,,0,0,0,,,,,,,,True,0.0,3.499999999503588,1.07,0.24116380852043054,False,0,1564,0.0
1564,86.675921244,-107.39810180664062,28.31938934326172,4.729263325346402,8,,,,,,,,,,,,0.0,,lane_follow,LANE_KEEP,,,0,,,0,0,0,,,,,,,,True,0.0,3.499999999503631,1.07,0.22824432556747612,False,0,1565,0.0
1565,86.725921245,-107.37176513671875,28.08409309387207,4.74255188733636,8,,,,,,,,,,,,0.0,,lane_follow,LANE_KEEP,,,0,,,0,0,0,,,241.71990570857798,18.972552857169255,0.0,2.0521426559345165e-11,1996.4056033367724,True,1.1102230246251565e-16,3.4999999995036606,1.07,0.24304100491931982,False,0,1566,0.0
1566,86.775921246,-107.34748077392578,27.84895896911621,4.736538088318339,8,,,,,,,,,,,,0.0,,lane_follow,LANE_KEEP,,,0,,,0,0,0,,,,,,,,True,-5.551115123125783e-17,3.4999999995036735,1.07,0.25926586017443765,False,0,1567,0.0
1567,86.82592124600001,-107.3258285522461,27.613361358642578,4.741028611917047,8,,,,,,,,,,,,0.0,,lane_follow,LANE_KEEP,,,0,,,0,0,0,,,,,,,,True,0.0,3.499999999503703,1.07,0.27808317762291657,False,0,1568,0.0
1568,86.875921247,-107.30601501464844,27.377445220947266,4.7306856009921745,8,,,,,,,,,,,,0.0,,lane_follow,LANE_KEEP,,,0,,,0,0,0,,,,,,,,True,0.0,3.4999999995037316,1.07,0.29122753035138815,False,0,1569,0.0
1569,86.925921248,-107.28797912597656,27.141523361206055,4.738168909378395,8,,,,,,,,,,,,0.0,,lane_follow,LANE_KEEP,,,0,,,0,0,0,,,265.0368206837876,9.321644528768633,0.0,1.6561696763926323e-11,2686.223888772053,True,5.551115123125783e-17,3.4999999995037463,1.07,0.3149922775267694,False,0,1570,0.0
1570,86.975921249,-107.2717056274414,26.905670166015625,4.728053460889299,8,,,,,,,,,,,,0.0,,lane_follow,LANE_KEEP,,,0,,,0,0,0,,,,,,,,True,-5.551115123125783e-17,3.49999999950379,1.07,0.34883526896644657,False,0,1571,0.0
1571,87.025921249,-107.2569580078125,26.66968536376953,4.736186749983801,8,,,,,,,,,,,,0.0,,lane_follow,LANE_KEEP,,,0,,,0,0,0,,,,,,,,True,5.551115123125783e-17,3.4999999995038027,1.07,0.3736651722073806,False,0,1572,0.0
1572,87.07592125,-107.24390411376953,26.43375587463379,4.725592761494188,8,,,,,,,,,,,,0.0,,lane_follow,LANE_KEEP,,,0,,,0,0,0,,,,,,,,True,-5.551115123125783e-17,3.499999999503847,1.07,0.422139255714843,False,0,1573,0.0
1573,87.125921251,-107.23233795166016,26.197710037231445,4.733733823805195,8,14.293817244717097,866191c69e845735861fd1373ea1dc43,closing_conflict,72.0095412054845,-2.2206290655679384,67.6631261626073,67.6631261626073,4.733733823805195,-103.32601928710938,-45.740081787109375,0.0,0.16558676184119928,,lane_follow,LANE_KEEP,,,0,,,0,0,0,,,275.58973270876476,7.5729275388796555,0.0,1.2964932890887873e-11,2837.841474485603,True,2.7755575615628914e-17,3.4999999995038595,1.07,0.4729072054827318,False,0,1574,0.0
1574,87.175921252,-107.22189331054688,25.961721420288086,4.723618819198932,8,14.173945572448721,866191c69e845735861fd1373ea1dc43,closing_conflict,71.29873109119735,-1.9341547949576707,66.95231604832016,66.95231604832016,4.723618819198932,-103.59957885742188,-45.27119827270508,0.0,0.1666303428023842,,lane_follow,LANE_KEEP,,,0,,,0,0,0,,,,,,,,True,0.0,3.499999999503874,1.07,0.525827961820789,False,0,1575,0.0
1575,87.225921252,-107.2122802734375,25.72421646118164,4.8232629721195055,8,13.73271065838461,866191c69e845735861fd1373ea1dc43,closing_conflict,70.58288986829456,-1.6906649657429917,66.23647482541736,66.23647482541736,4.8232629721195055,-103.86739349365234,-44.79964065551758,0.0,0.175612196750633,,lane_follow,LANE_KEEP,,,0,,,0,0,0,,,,,,,,True,-2.7755575615628914e-17,3.4999999995039026,1.07,0.5729488933948651,False,0,1576,0.0
1576,87.275921253,-107.20346069335938,25.476842880249023,5.023560314969887,8,13.03963555934514,866191c69e845735861fd1373ea1dc43,closing_conflict,69.85181076047361,-1.451822581150978,65.50539571759641,65.50539571759641,5.023560314969887,-104.12944030761719,-44.32239532470703,0.0,0.19262656122968266,,lane_follow,LANE_KEEP,,,0,,,0,0,0,,,,,,,,True,2.7755575615628914e-17,3.499999999503931,1.07,0.5738179828655389,False,0,1577,0.0
1577,87.325921254,-107.19542694091797,25.22161102294922,5.156632792615416,8,12.559446817648059,866191c69e845735861fd1373ea1dc43,closing_conflict,69.1108703598705,-1.2348027830646768,64.7644553169933,64.7644553169933,5.156632792615416,-104.38539123535156,-43.84314727783203,0.0,0.20528900943987083,,lane_follow,LANE_KEEP,,,0,,,0,0,0,,,162.59790191768482,7.961337738221935,0.0,8.521186229598768e-12,432.4623143173647,True,-8.326672684688674e-17,3.4999999995039737,1.07,0.7027686042338425,False,0,1578,0.0
1578,87.375921255,-107.18778228759766,24.96482276916504,5.110252061655681,8,12.527864016874377,866191c69e845735861fd1373ea1dc43,closing_conflict,68.3669579632515,-1.0396093774477086,64.0205429203743,64.0205429203743,5.110252061655681,-104.63809967041016,-43.362483978271484,0.0,0.20395544103817054,,lane_follow,LANE_KEEP,,,0,,,0,0,0,,,,,,,,True,-2.7755575615628914e-17,3.4999999995040016,1.07,0.6977171491528572,False,0,1579,0.0
1579,87.425921255,-107.18097686767578,24.711158752441406,5.057982481826012,8,12.50976631854451,866191c69e845735861fd1373ea1dc43,closing_conflict,67.62059393381242,-0.9401433576790312,63.27417889093522,63.27417889093522,5.057982481826012,-104.88307189941406,-42.87691879272461,0.0,0.20216134950211043,,lane_follow,LANE_KEEP,,,0,,,0,0,0,,,,,,,,True,0.07079088132294775,3.4999999995040176,1.07,0.7376208635058435,False,0,1580,0.0
1580,87.475921256,-107.17438507080078,24.45985221862793,5.014014869830548,8,12.470732085918694,866191c69e845735861fd1373ea1dc43,closing_conflict,66.87485115934645,-0.7881914180324103,62.52843611646925,62.52843611646925,5.014014869830548,-105.1243896484375,-42.38821792602539,0.0,0.2010312961294435,,lane_follow,LANE_KEEP,,,0,,,0,0,0,,,,,,,,True,0.04321894164442479,3.49999999950403,1.07,0.7660996862641802,False,0,1581,0.0
1581,87.525921257,-107.16880798339844,24.207008361816406,5.139149572600006,8,12.118423339540294,866191c69e845735861fd1373ea1dc43,closing_conflict,66.62480516886164,-0.4890264495980037,62.278390125984444,62.278390125984444,5.139149572600006,-105.1243896484375,-42.38821792602539,0.0,0.21203870456612375,,lane_follow,LANE_KEEP,,,0,,,0,0,0,,,197.8962217393577,4.1437971712130715,0.0,6.266083382553801e-12,1382.2159559588886,True,0.014769545854687854,3.499999999504059,1.07,0.7524127435751955,False,0,1582,0.0
1582,87.575921258,-107.16360473632812,23.95012855529785,5.122086266190662,8,11.914338581958354,866191c69e845735861fd1373ea1dc43,closing_conflict,65.37268506427161,-0.667101123151498,61.02627002139441,61.02627002139441,5.122086266190662,-105.59053802490234,-41.40703201293945,0.0,0.21495470482712883,,lane_follow,LANE_KEEP,,,0,,,0,0,0,,,,,,,,True,-4.801714581503802e-15,3.4999999995040874,1.07,0.7407771085573341,False,0,1583,0.0
1583,87.625921258,-107.15850067138672,23.69536590576172,5.083294238834168,8,11.856571113743263,866191c69e845735861fd1373ea1dc43,closing_conflict,64.61685467769594,-0.6776826224962207,60.27043963481874,60.27043963481874,5.083294238834168,-105.8132095336914,-40.91103744506836,0.0,0.21436611774469888,,lane_follow,LANE_KEEP,,,0,,,0,0,0,,,1.280735455230198,9.132111985816858,0.0,5.542498801953792e-12,15.02884473485522,True,-0.05642707350933203,3.4999999995041455,1.07,0.7312074357912667,False,0,1584,0.0
1584,87.675921259,-107.15326690673828,23.442312240600586,5.04938557939329,8,11.886379750745437,866191c69e845735861fd1373ea1dc43,closing_conflict,64.36532954748361,-0.5037080234407478,60.018914504606414,60.018914504606414,5.04938557939329,-105.8132095336914,-40.91103744506836,0.0,0.21240216471615866,,lane_follow,LANE_KEEP,,,0,,,0,0,0,,,,,,,,True,-0.038644764673184534,3.4999999995041287,1.07,0.6469963669257862,False,0,1585,0.0
1585,87.72592126,-107.14823913574219,23.19106101989746,5.011530296601273,8,11.724999288945387,866191c69e845735861fd1373ea1dc43,closing_conflict,63.10660420705538,-0.7881851815523897,58.760189164178186,58.760189164178186,5.011530296601273,-106.24661254882812,-39.914024353027344,0.0,0.21371132624827813,,lane_follow,LANE_KEEP,,,0,,,0,0,0,,,278.3824476612832,1.1887262128626517,0.0,4.365320614435458e-12,2830.964335296245,True,0.03797974868994737,3.4999999995041566,1.07,0.5062464898985156,False,0,1586,0.0
1586,87.775921261,-107.14307403564453,22.938764572143555,5.1099153142427305,8,11.351027721204307,866191c69e845735861fd1373ea1dc43,closing_conflict,62.34920542785285,-0.8735407147231559,58.002790384975654,58.002790384975654,5.1099153142427305,-106.45484161376953,-39.41276168823242,0.0,0.22508602039166659,,lane_follow,LANE_KEEP,,,0,,,0,0,0,,,,,,,,True,0.0073769581975677324,3.4999999995042166,1.07,0.531577740433912,False,0,1587,0.0
1587,87.825921261,-107.13819122314453,22.68474006652832,5.056570633785172,8,11.319473130037887,866191c69e845735861fd1373ea1dc43,closing_conflict,61.584130462147094,-1.0075094231024295,57.2377154192699,57.2377154192699,5.056570633785172,-106.65343475341797,-38.905723571777344,0.0,0.2233571552180648,,lane_follow,LANE_KEEP,,,0,,,0,0,0,,,2.0304799670031954,8.601173647115115,0.0,3.4535032681941522e-12,33.706404672546306,True,-0.04989513308977937,3.4999999995042295,1.07,0.6951958054415591,False,0,1588,0.0
1588,87.875921262,-107.13282775878906,22.43385887145996,4.994851767242602,8,11.306721282115651,866191c69e845735861fd1373ea1dc43,closing_conflict,60.821811820572094,-1.0959041485503893,56.4753967776949,56.4753967776949,4.994851767242602,-106.84741973876953,-38.39715576171875,0.0,0.2208797600389771,,lane_follow,LANE_KEEP,,,0,,,0,0,0,,,,,,,,True,-0.033332724983530126,3.4999999995042437,1.07,0.6984658319551508,False,0,1589,0.0
1589,87.925921263,-107.12773132324219,22.183156967163086,4.9826339058254625,8,11.284255015522648,866191c69e845735861fd1373ea1dc43,closing_conflict,60.57172668520138,-1.0577293069475115,56.22531164232418,56.22531164232418,4.9826339058254625,-106.84741973876953,-38.39715576171875,0.0,0.22077815057225042,,lane_follow,LANE_KEEP,,,0,,,0,0,0,,,288.5766417789465,0.5519523467964534,0.0,2.5962695030683178e-12,2958.0251309499727,True,0.04172556522197489,3.4999999995042734,1.07,0.8216952874644242,False,0,1590,0.0
1590,87.975921264,-107.12274169921875,21.933177947998047,4.996725951240877,8,10.995780912579876,866191c69e845735861fd1373ea1dc43,closing_conflict,59.28931888292416,-1.391044374801869,54.94290384004696,54.94290384004696,4.996725951240877,-107.22335052490234,-37.372371673583984,0.0,0.22721105444745188,,lane_follow,LANE_KEEP,,,0,,,0,0,0,,,,,,,,True,0.01000544840739211,3.4999999995043005,1.07,0.7165886737836243,False,0,1591,0.0
1591,88.025921264,-107.11778259277344,21.684844970703125,4.944723689486585,8,11.061289765579495,866191c69e845735861fd1373ea1dc43,closing_conflict,59.04143658301364,-1.3692145823553248,54.695021540136445,54.695021540136445,4.944723689486585,-107.22335052490234,-37.372371673583984,0.0,0.22351478870364508,,lane_follow,LANE_KEEP,,,0,,,0,0,0,,,,,,,,True,3.604755383079805e-15,3.4999999995043134,1.07,0.5994302021647181,False,0,1592,0.0
1592,88.075921265,-107.1129379272461,21.439252853393555,4.895036313844288,8,11.017793070231013,866191c69e845735861fd1373ea1dc43,closing_conflict,58.27891222007995,-1.5151979627084895,53.932497177202755,53.932497177202755,4.895036313844288,-107.39917755126953,-36.85865020751953,0.0,0.22214232390469335,,lane_follow,LANE_KEEP,,,0,,,0,0,0,,,,,,,,True,2.706168622523819e-16,3.4999999995043587,1.07,0.5043651498963179,False,0,1593,0.0
1593,88.175921267,-107.10335540771484,20.954120635986328,4.784477835733608,8,10.854057978164114,866191c69e845735861fd1373ea1dc43,closing_conflict,56.27741486717095,-1.9464050607407133,51.93099982429375,51.93099982429375,4.784477835733608,-107.88729095458984,-35.35148620605469,0.0,0.22040041822878065,,lane_follow,LANE_KEEP,,,0,,,0,0,0,,,,,,,,True,-4.3021142204224816e-16,3.4999999995044,1.07,0.42583886894009926,False,0,1594,0.0
1594,88.225921267,-107.09877014160156,20.718080520629883,4.692385693805383,8,10.91103857699799,866191c69e845735861fd1373ea1dc43,closing_conflict,55.545216366141204,-2.069683565445404,51.19880132326401,51.19880132326401,4.692385693805383,-108.03256225585938,-34.85783767700195,0.0,0.21502928711560026,,lane_follow,LANE_KEEP,,,0,,,0,0,0,,,,,,,,True,7.979727989493313e-16,3.4999999995044284,1.07,0.4960558066685151,False,0,1595,0.0
1595,88.275921268,-107.09441375732422,20.48540687561035,4.631682284355002,8,10.89832975711997,866191c69e845735861fd1373ea1dc43,closing_conflict,54.824015907988716,-2.181353303321705,50.47760086511152,50.47760086511152,4.631682284355002,-108.17057037353516,-34.37143325805664,0.0,0.21249505142423705,,lane_follow,LANE_KEEP,,,0,,,0,0,0,,,,,,,,True,2.327998904760875e-15,3.499999999504457,1.07,0.5300398416559066,False,0,1596,0.0
1596,88.325921269,-107.09020233154297,20.255224227905273,4.589788505104859,8,10.842610180829485,866191c69e845735861fd1373ea1dc43,closing_conflict,54.11170261618128,-2.283295262196049,49.765287573304086,49.765287573304086,4.589788505104859,-108.30013275146484,-33.89111328125,0.0,0.21165514707980257,,lane_follow,LANE_KEEP,,,0,,,0,0,0,,,46.963313994676945,13.527280962908305,0.0,7.110355630720906e-13,563.4687253970374,True,-0.04701172052451981,3.4999999995044853,1.07,0.6742248200661498,False,0,1597,0.0
1597,88.37592127,-107.08597564697266,20.027507781982422,4.525721316817346,8,10.84042194833451,866191c69e845735861fd1373ea1dc43,closing_conflict,53.407143737749315,-2.3881188536360183,49.06072869487212,49.06072869487212,4.525721316817346,-108.42640686035156,-33.416194915771484,0.0,0.20874285790659022,,lane_follow,LANE_KEEP,,,0,,,0,0,0,,,,,,,,True,-0.02704115751899494,3.4999999995044995,1.07,0.6298033281899922,False,0,1598,0.0
1598,88.42592127,-107.0816879272461,19.804399490356445,4.41695121877071,8,11.056892024397209,866191c69e845735861fd1373ea1dc43,closing_conflict,53.184167745854595,-2.3841642417057303,48.8377527029774,48.8377527029774,4.41695121877071,-108.42640686035156,-33.416194915771484,0.0,0.19973746732014008,,lane_follow,LANE_KEEP,,,0,,,0,0,0,,,498.6136848641583,3.802878970366591,0.0,4.753865522106104e-13,5478.78722826547,True,0.03248332620335392,3.4999999995045137,1.07,0.6281941449324557,False,0,1599,0.0
1599,88.475921271,-107.0775375366211,19.587711334228516,4.278924188120537,8,11.252650765819205,866191c69e845735861fd1373ea1dc43,closing_conflict,52.495654585214076,-2.492305627921971,48.14923954233688,48.14923954233688,4.278924188120537,-108.5458984375,-32.946556091308594,0.0,0.19012960933250056,,lane_follow,LANE_KEEP,,,0,,,0,0,0,,,,,,,,True,0.0005237904857807469,3.4999999995045576,1.07,0.6265690633741058,False,0,1600,0.0
1600,88.525921272,-107.07357025146484,19.37809944152832,4.137000848479486,8,,,,,,,,,,,,0.0,,lane_follow,LANE_KEEP,,,0,,,0,0,0,,,,,,,,True,-6.319597622983508e-15,3.4999999995045705,1.07,0.6252863528704925,False,0,1601,0.0
1601,88.575921273,-107.06985473632812,19.175687789916992,3.9920880759507016,8,,,,,,,,,,,,0.0,,lane_follow,LANE_KEEP,,,0,,,0,0,0,,,,,,,,True,5.02549390990481e-15,3.4999999995045847,1.07,0.5771626604386991,False,0,1602,0.0
1602,88.625921273,-107.06629943847656,18.98023796081543,3.856223548679873,8,,,,,,,,,,,,0.0,,lane_follow,LANE_KEEP,,,0,,,0,0,0,,,767.570084523547,12.560615169668123,0.0,2.390316166632719e-13,8570.526083531848,True,-2.465042059363043e-15,3.499999999504599,1.07,0.5060327253857256,False,0,1603,0.0
1603,88.675921274,-107.06306457519531,18.792369842529297,3.6906957930610846,8,,,,,,,,,,,,0.0,,lane_follow,LANE_KEEP,,,0,,,0,0,0,,,,,,,,True,-5.740199982007255e-15,3.4999999995046274,1.07,0.41875006584550156,False,0,1604,0.0
1604,88.725921275,-107.0599594116211,18.612485885620117,3.549413927414909,8,,,,,,,,,,,,0.0,,lane_follow,LANE_KEEP,,,0,,,0,0,0,,,,,,,,True,-1.3981871216373065e-15,3.4999999995046274,1.07,0.41983605905915355,False,0,1605,0.0
1605,88.775921276,-107.05707550048828,18.436403274536133,3.5027839717493614,8,,,,,,,,,,,,0.0,,lane_follow,LANE_KEEP,,,0,,,0,0,0,,,,,,,,True,-7.268491364342822e-16,3.4999999995046713,1.07,0.4207449100533095,False,0,1606,0.0
1606,88.825921276,-107.05421447753906,18.262237548828125,3.4696877018297165,8,,,,,,,,,,,,0.0,,lane_follow,LANE_KEEP,,,0,,,0,0,0,,,,,,,,True,-1.8578888427711604e-15,3.49999999950467,1.07,0.5347339666042955,False,0,1607,0.0
1607,88.875921277,-107.05155181884766,18.089679718017578,3.437462620396557,8,,,,,,,,,,,,0.0,,lane_follow,LANE_KEEP,,,0,,,0,0,0,,,140.90390824070016,27.82120347051275,0.0,8.94210145223472e-14,1794.4053599674196,True,-0.049479634384595336,3.499999999504728,1.07,0.6214265241105995,False,0,1608,0.0
1608,88.925921278,-107.04876708984375,17.919092178344727,3.393351678739426,8,,,,,,,,,,,,0.0,,lane_follow,LANE_KEEP,,,0,,,0,0,0,,,,,,,,True,-0.013177941177559244,3.4999999995047406,1.07,0.6213487985345472,False,0,1609,0.0
1609,88.975921278,-107.0460205078125,17.750534057617188,3.3560257379237894,8,,,,,,,,,,,,0.0,,lane_follow,LANE_KEEP,,,0,,,0,0,0,,,616.0223735163668,13.077943763735085,0.0,6.295433362747257e-14,7046.293339835425,True,0.032429468201900805,3.4999999995047406,1.07,0.6205636390827758,False,0,1610,0.0
1610,89.025921279,-107.04325103759766,17.583520889282227,3.3297042104787975,8,,,,,,,,,,,,0.0,,lane_follow,LANE_KEEP,,,0,,,0,0,0,,,,,,,,True,0.0006223274207606318,3.4999999995047406,1.07,0.620228261982138,False,0,1611,0.0
1611,89.07592128,-107.04066467285156,17.417375564575195,3.3182816439751472,8,,,,,,,,,,,,0.0,,lane_follow,LANE_KEEP,,,0,,,0,0,0,,,,,,,,True,-5.707240235963695e-15,3.499999999504769,1.07,0.6196803939828351,False,0,1612,0.0
1612,89.125921281,-107.03804779052734,17.251773834228516,3.3074092974845644,8,,,,,,,,,,,,0.0,,lane_follow,LANE_KEEP,,,0,,,0,0,0,,,,,,,,True,9.957312752106873e-16,3.4999999995047832,1.07,0.6196592031125092,False,0,1613,0.0
1613,89.175921281,-107.0356216430664,17.086307525634766,3.3086545181301785,8,,,,,,,,,,,,0.0,,lane_follow,LANE_KEEP,,,0,,,0,0,0,,,,,,,,True,-3.0513785942432037e-15,3.4999999995047975,1.07,0.6194510885573004,False,0,1614,0.0
1614,89.225921282,-107.0331802368164,16.920894622802734,3.3077171766438895,8,,,,,,,,,,,,0.0,,lane_follow,LANE_KEEP,,,0,,,0,0,0,,,495.7267694496285,13.26243656215293,0.0,3.2727702391391583e-12,5529.940650056605,True,-1.8995222061946038e-15,3.499999999504826,1.07,0.6197414032191046,False,0,1615,0.0
1615,89.275921283,-107.03101348876953,16.77006721496582,2.8366494170273246,8,,,,,,,,,,,,0.0,,lane_follow,LANE_KEEP,,,0,,,0,0,0,,,,,,,,True,-4.678549214709449e-15,3.4999999995048414,1.07,0.5992427883010283,False,0,1616,0.0
1616,89.325921284,-107.02916717529297,16.637432098388672,2.5643624450179616,8,,,,,,,,,,,,0.0,,lane_follow,LANE_KEEP,,,0,,,0,0,0,,,,,,,,True,1.35828848168984e-15,3.4999999995048543,1.07,0.5396145291938829,False,0,1617,0.0
1617,89.375921284,-107.02767944335938,16.514041900634766,2.4172336213722,8,,,,,,,,,,,,0.0,,lane_follow,LANE_KEEP,,,0,,,0,0,0,,,,,,,,True,-6.957975862142973e-15,3.499999999504884,1.07,0.49994563755355304,False,0,1618,0.0
1618,89.425921285,-107.02620697021484,16.395938873291016,2.3332212088516067,8,,,,,,,,,,,,0.0,,lane_follow,LANE_KEEP,,,0,,,0,0,0,,,,,,,,True,-2.3852447794681098e-15,3.499999999504884,1.07,0.4197504299338871,False,0,1619,0.0
1619,89.625921288,-107.02037048339844,15.954435348510742,2.0103717746764236,8,,,,,,,,,,,,0.0,,lane_follow,LANE_KEEP,,,0,,,0,0,0,,,,,,,,True,5.218048215738236e-15,3.499999999504911,1.07,0.43741853020400623,False,0,1620,0.0
1620,89.675921289,-107.01930236816406,15.857376098632812,1.9031514666824156,8,,,,,,,,,,,,0.0,,lane_follow,LANE_KEEP,,,0,,,0,0,0,,,,,,,,True,1.4502288259166107e-15,3.4999999995049396,1.07,0.4373552013350007,False,0,1621,0.0
1621,89.72592129,-107.01827239990234,15.764583587646484,1.8265448768575487,8,,,,,,,,,,,,0.0,,lane_follow,LANE_KEEP,,,0,,,0,0,0,,,1001.5044131038394,47.36310081097896,0.0,8.714911406689122e-13,11745.566617690183,True,-4.81385764583564e-15,3.4999999995049254,1.07,0.4362693233134868,False,0,1622,0.0
1622,89.77592129,-107.01738739013672,15.676130294799805,1.6958118440060554,8,,,,,,,,,,,,0.0,,lane_follow,LANE_KEEP,,,0,,,0,0,0,,,,,,,,True,-3.1346453210900904e-15,3.4999999995049538,1.07,0.43536361749723185,False,0,1623,0.0
1623,89.825921291,-107.015869140625,15.624435424804688,0.5548668132196914,8,,,,,,,,,,,,0.0,,lane_follow,LANE_KEEP,,,0,,,0,0,0,,,1049.6750625406767,49.850844057609315,0.0,1.5122166451062293e-12,54574.97043750629,True,-1.6601303665098044e-15,3.499999999504968,1.07,0.4316410302251762,False,0,1624,0.0
1624,89.875921292,-107.01508331298828,15.594200134277344,0.7371393780219851,8,,,,,,,,,,,,0.0,,lane_follow,LANE_KEEP,,,0,,,0,0,0,,,999.3152793078597,45.232186003244536,0.0,4.065352079528143e-12,18491.3753450899,True,-4.371503159461554e-15,3.499999999504955,1.07,0.430540758878878,False,0,1625,0.0
1625,89.925921293,-107.01480865478516,15.552765846252441,0.8616200554393827,8,,,,,,,,,,,,0.0,,lane_follow,LANE_KEEP,,,0,,,0,0,0,,,965.7238784932235,42.53200487489435,0.0,9.157353401996826e-12,7031.332580575377,True,4.189357194483989e-15,3.4999999995049538,1.07,0.43010011000166426,False,0,1626,0.0
1626,89.975921293,-107.01475524902344,15.507429122924805,0.9645732009254774,8,,,,,,,,,,,,0.0,,lane_follow,LANE_KEEP,,,0,,,0,0,0,,,883.4111492144079,37.19213669484457,0.0,3.934252422728474e-11,4985.725199420397,True,-6.234596172660645e-15,3.499999999504968,1.07,0.43009519197820956,False,0,1627,0.0
1627,90.025921294,-107.0145492553711,15.455463409423828,1.0649122102682245,8,,,,,,,,,,,,0.0,,lane_follow,LANE_KEEP,,,0,,,0,0,0,,,815.3552018227792,32.65679348563815,0.0,1.4828837249637157e-10,3866.4979409069933,True,-5.9657140338842396e-15,3.499999999504968,1.07,0.4295425322990095,False,0,1628,0.0
1628,90.075921295,-107.01427459716797,15.400552749633789,1.1121390642780768,8,,,,,,,,,,,,0.0,,lane_follow,LANE_KEEP,,,0,,,0,0,0,,,801.0496196829405,31.377377805115053,0.0,2.7067446774510267e-10,3777.821973722848,True,-4.3472170307978786e-15,3.499999999504968,1.07,0.42883600374552866,False,0,1629,0.0
1629,90.125921296,-107.01405334472656,15.3438081741333,1.1710371619212698,8,,,,,,,,,,,,0.0,,lane_follow,LANE_KEEP,,,0,,,0,0,0,,,778.9559942908982,29.69296466590093,0.0,5.519998637813221e-10,3553.038626957832,True,8.500145032286355e-16,3.499999999504968,1.07,0.4281344761162639,False,0,1630,0.0
1630,90.175921296,-107.01374053955078,15.282089233398438,1.2731515719300892,8,,,,,,,,,,,,0.0,,lane_follow,LANE_KEEP,,,0,,,0,0,0,,,728.8937417378054,26.406251868033056,0.0,1.6995559426963348e-09,2848.7430412953026,True,-5.221517662690189e-15,3.499999999504982,1.07,0.4272205461645232,False,0,1631,0.0
1631,90.225921297,-107.01322937011719,15.215846061706543,1.3492605827071391,8,,,,,,,,,,,,0.0,,lane_follow,LANE_KEEP,,,0,,,0,0,0,,,704.7687509514773,24.393154553955466,0.0,3.621430541179753e-09,2649.0293493545437,True,4.133846043252731e-15,3.499999999505012,1.07,0.42546788034302174,False,0,1632,0.0
1632,90.275921298,-107.01271057128906,15.144319534301758,1.484974017218979,8,,,,,,,,,,,,0.0,,lane_follow,LANE_KEEP,,,0,,,0,0,0,,,646.2206719655549,20.714586545137436,0.0,1.3348550979787503e-08,1853.867043293599,True,-1.7590096046404824e-15,3.4999999995050106,1.07,0.4234831242163207,False,0,1633,0.0
1633,90.325921299,-107.01228332519531,15.067672729492188,1.5467890861570166,8,,,,,,,,,,,,0.0,,lane_follow,LANE_KEEP,,,0,,,0,0,0,,,,,,,,True,-6.399394902878441e-15,3.499999999504997,1.07,0.4214936554984855,False,0,1634,0.0
1634,90.375921299,-107.01197814941406,14.989873886108398,1.5652160614780866,8,,,,,,,,,,,,0.0,,lane_follow,LANE_KEEP,,,0,,,0,0,0,,,,,,,,True,-4.100886297209172e-15,3.4999999995050106,1.07,0.41994663509760766,False,0,1635,0.0
1635,90.4259213,-107.01173400878906,14.908818244934082,1.6583945349627895,8,,,,,,,,,,,,0.0,,lane_follow,LANE_KEEP,,,0,,,0,0,0,,,,,,,,True,-5.479991460610734e-15,3.499999999505026,1.07,0.4183908577995742,False,0,1636,0.0
1636,90.475921301,-107.01152038574219,14.824349403381348,1.7107034110788306,8,,,,,,,,,,,,0.0,,lane_follow,LANE_KEEP,,,0,,,0,0,0,,,,,,,,True,-2.431214951581495e-15,3.499999999505025,1.07,0.4167615640662802,False,0,1637,0.0
1637,90.525921302,-107.0113525390625,14.735836029052734,1.8096421128379507,8,,,,,,,,,,,,0.0,,lane_follow,LANE_KEEP,,,0,,,0,0,0,,,590.313742779078,23.075796098341208,0.0,2.3243199572577842e-07,2125.08855666331,True,1.1466522176206695e-15,3.4999999995050532,1.07,0.4150276292798919,False,0,1638,0.0
1638,90.575921302,-107.01121520996094,14.643444061279297,1.873789761008399,8,,,,,,,,,,,,0.0,,lane_follow,LANE_KEEP,,,0,,,0,0,0,,,,,,,,True,6.434956734135966e-15,3.499999999505069,1.07,0.41319380525884297,False,0,1639,0.0
1639,90.625921303,-107.0111312866211,14.546646118164062,1.976830768705421,8,,,,,,,,,,,,0.0,,lane_follow,LANE_KEEP,,,0,,,0,0,0,,,,,,,,True,4.661201979949681e-15,3.4999999995050675,1.07,0.4112111234867809,False,0,1640,0.0
1640,90.675921304,-107.01106262207031,14.445709228515625,2.0468909058240543,8,,,,,,,,,,,,0.0,,lane_follow,LANE_KEEP,,,0,,,0,0,0,,,,,,,,True,5.944897352172518e-15,3.4999999995050675,1.07,0.409114236765865,False,0,1641,0.0
1641,90.725921305,-107.01106262207031,14.340249061584473,2.1500665655572697,8,,,,,,,,,,,,0.0,,lane_follow,LANE_KEEP,,,0,,,0,0,0,,,,,,,,True,5.2154461305242705e-15,3.499999999505082,1.07,0.4068181294895946,False,0,1642,0.0
1642,90.775921305,-107.01112365722656,14.230582237243652,2.222271942652275,8,,,,,,,,,,,,0.0,,lane_follow,LANE_KEEP,,,0,,,0,0,0,,,501.29928335755176,15.751049292720813,0.0,7.298637642291001e-06,1761.783085588208,True,-5.035902250760671e-15,3.499999999505097,1.07,0.40436005607001013,False,0,1643,0.0
1643,90.825921306,-107.01124572753906,14.116426467895508,2.323062261861212,8,,,,,,,,,,,,0.0,,lane_follow,LANE_KEEP,,,0,,,0,0,0,,,,,,,,True,3.836774647991703e-15,3.4999999995051256,1.07,0.4017407903221101,False,0,1644,0.0
1644,90.875921307,-107.01143646240234,13.998111724853516,2.3951896322090027,8,,,,,,,,,,,,0.0,,lane_follow,LANE_KEEP,,,0,,,0,0,0,,,,,,,,True,-2.1350109180584553e-15,3.4999999995051243,1.07,0.39895806154502245,False,0,1645,0.0
1645,90.925921308,-107.0116958618164,13.875423431396484,2.4923252959671327,8,,,,,,,,,,,,0.0,,lane_follow,LANE_KEEP,,,0,,,0,0,0,,,,,,,,True,-2.815889882379352e-15,3.4999999995051247,1.07,0.3960046216006151,False,0,1646,0.0
1646,90.975921308,-107.01203918457031,13.748688697814941,2.563126941425771,8,,,,,,,,,,,,0.0,,lane_follow,LANE_KEEP,,,0,,,0,0,0,,,,,,,,True,-4.826000710167477e-15,3.499999999505154,1.07,0.3928650176069576,False,0,1647,0.0
1647,91.025921309,-107.01246643066406,13.617734909057617,2.656009420579005,8,,,,,,,,,,,,0.0,,lane_follow,LANE_KEEP,,,0,,,0,0,0,,,422.3376548123364,14.212251727670584,0.0,0.00022023891831764365,1502.3854239004474,True,-4.0267268686111635e-15,3.4999999995051683,1.07,0.38953995799429186,False,0,1648,0.0
1648,91.07592131,-107.01301574707031,13.482876777648926,2.724775302490841,8,,,,,,,,,,,,0.0,,lane_follow,LANE_KEEP,,,0,,,0,0,0,,,,,,,,True,6.608429081733647e-15,3.4999999995051656,1.07,0.3859974680988937,False,0,1649,0.0
1649,91.125921311,-107.01365661621094,13.343978881835938,2.8131584037240596,8,,,,,,,,,,,,0.0,,lane_follow,LANE_KEEP,,,0,,,0,0,0,,,,,,,,True,5.561957144850638e-16,3.4999999995051954,1.07,0.3822458029871628,False,0,1650,0.0
1650,91.175921311,-107.01441955566406,13.201339721679688,2.8795112746216436,8,,,,,,,,,,,,0.0,,lane_follow,LANE_KEEP,,,0,,,0,0,0,,,,,,,,True,-2.355537639942007e-15,3.4999999995052127,1.07,0.37828253138127443,False,0,1651,0.0
1651,91.225921312,-107.01531219482422,13.05484390258789,2.9633609112008017,8,,,,,,,,,,,,0.0,,lane_follow,LANE_KEEP,,,0,,,0,0,0,,,,,,,,True,-5.122773949831072e-15,3.4999999995052242,1.07,0.37407021119176564,False,0,1652,0.0
1652,91.275921313,-107.0163345336914,12.904772758483887,3.027120589075204,8,,,,,,,,,,,,0.0,,lane_follow,LANE_KEEP,,,0,,,0,0,0,,,378.1864402968149,10.215122612456364,0.0,0.0031042985003671246,1664.5625248892964,True,-6.352015267940825e-15,3.4999999995052082,1.07,0.36963542994668275,False,0,1653,0.0
1653,91.325921314,-107.0174789428711,12.751035690307617,3.106523120021864,8,,,,,,,,,,,,0.0,,lane_follow,LANE_KEEP,,,0,,,0,0,0,,,,,,,,True,4.939191416974964e-15,3.4999999995052384,1.07,0.3650004226779492,False,0,1654,0.0
1654,91.375921314,-107.01878356933594,12.593890190124512,3.1676519762386466,8,,,,,,,,,,,,0.0,,lane_follow,LANE_KEEP,,,0,,,0,0,0,,,,,,,,True,2.3809079707781677e-15,3.499999999505282,1.07,0.36012834764854007,False,0,1655,0.0
1655,91.425921315,-107.02022552490234,12.433259010314941,3.2427609785183886,8,,,,,,,,,,,,0.0,,lane_follow,LANE_KEEP,,,0,,,0,0,0,,,,,,,,True,-5.269656239148546e-15,3.4999999995052806,1.07,0.35504094210733517,False,0,1656,0.0
1656,91.475921316,-107.02181243896484,12.269379615783691,3.3012989215715276,8,,,,,,,,,,,,0.0,,lane_follow,LANE_KEEP,,,0,,,0,0,0,,,,,,,,True,-5.015952930786938e-15,3.499999999505295,1.07,0.3497284202011103,False,0,1657,0.0
1657,91.525921316,-107.02357482910156,12.102190017700195,3.3723148436511114,7,,,,,,,,,,,,0.0,,lane_follow,LANE_KEEP,,,0,,,0,0,0,,,339.5772688351075,9.952152496570433,0.0,0.03744424779027646,1691.7216151046432,True,-1.6332421526321639e-15,3.499999999505294,1.07,0.3441573521489064,False,0,1658,0.0
1658,91.575921317,-107.02550506591797,11.93191146850586,3.4283570662640552,7,,,,,,,,,,,,0.0,,lane_follow,LANE_KEEP,,,0,,,0,0,0,,,,,,,,True,-5.5250942709861306e-15,3.499999999505369,1.07,0.33834340330537815,False,0,1659,0.0
1659,91.625921318,-107.02763366699219,11.758490562438965,3.4954940832638863,7,,,,,,,,,,,,0.0,,lane_follow,LANE_KEEP,,,0,,,0,0,0,,,,,,,,True,-4.0288952729561345e-15,3.4999999995053517,1.07,0.33223802810250647,False,0,1660,0.0
1660,91.675921319,-107.0299301147461,11.58212947845459,3.5491620153551127,7,,,,,,,,,,,,0.0,,lane_follow,LANE_KEEP,,,0,,,0,0,0,,,,,,,,True,-2.7000970903579002e-15,3.499999999505382,1.07,0.32589090141062316,False,0,1661,0.0
1661,91.725921319,-107.0324478149414,11.402783393859863,3.61264061275925,7,,,,,,,,,,,,0.0,,lane_follow,LANE_KEEP,,,0,,,0,0,0,,,,,,,,True,6.179085021429387e-15,3.49999999950538,1.07,0.31923070447218327,False,0,1662,0.0
1662,91.77592132,-107.03516387939453,11.220635414123535,3.664064478484931,7,,,,,,,,,,,,0.0,,lane_follow,LANE_KEEP,,,0,,,0,0,0,,,317.3563660592031,10.165525825688857,0.0,0.24133339206153387,1771.900855333832,True,-6.935424456955275e-15,3.499999999505409,1.07,0.3122976439326558,False,0,1663,0.0
1663,91.825921321,-107.03810119628906,11.035654067993164,3.7240978367228688,7,,,,,,,,,,,,0.0,,lane_follow,LANE_KEEP,,,0,,,0,0,0,,,,,,,,True,-6.630113125183357e-15,3.499999999505423,1.07,0.3050636892908044,False,0,1664,0.0
1664,91.875921322,-107.04124450683594,10.848005294799805,3.7734119382172837,7,,,,,,,,,,,,0.0,,lane_follow,LANE_KEEP,,,0,,,0,0,0,,,,,,,,True,-4.6351811278100286e-15,3.4999999995054667,1.07,0.29753859304463404,False,0,1665,0.0
1665,91.925921322,-107.04462432861328,10.657662391662598,3.830204198371558,7,,,,,,,,,,,,0.0,,lane_follow,LANE_KEEP,,,0,,,0,0,0,,,,,,,,True,6.553785292240377e-15,3.499999999505481,1.07,0.28970356138171083,False,0,1666,0.0
1666,91.975921323,-107.04824829101562,10.464774131774902,3.8775509126995527,7,,,,,,,,,,,,0.0,,lane_follow,LANE_KEEP,,,0,,,0,0,0,,,299.98880634081104,10.927006369645914,0.0,0.9028156729163558,1782.7499432646102,True,-5.332539965152705e-15,3.499999999505495,1.07,0.28154043090829306,False,0,1667,0.0
1667,92.025921324,-107.0521469116211,10.269322395324707,3.9312871999708747,7,,,,,,,,,,,,0.0,,lane_follow,LANE_KEEP,,,0,,,0,0,0,,,,,,,,True,6.598888102615774e-15,3.499999999505494,1.07,0.273009208131345,False,0,1668,0.0
1668,92.075921325,-107.05631256103516,10.071447372436523,3.976656361788717,7,,,,,,,,,,,,0.0,,lane_follow,LANE_KEEP,,,0,,,0,0,0,,,,,,,,True,-6.2085753205209926e-15,3.499999999505538,1.07,0.2641220902848326,False,0,1669,0.0
1669,92.125921325,-107.06072998046875,9.8711519241333,4.027109870368958,7,,,,,,,,,,,,0.0,,lane_follow,LANE_KEEP,,,0,,,0,0,0,,,,,,,,True,5.783568068906675e-15,3.499999999505551,1.07,0.25491121797134897,False,0,1670,0.0
1670,92.175921326,-107.06544494628906,9.668567657470703,4.070112091071245,7,,,,,,,,,,,,0.0,,lane_follow,LANE_KEEP,,,0,,,0,0,0,,,285.308840837443,9.747287828445199,0.0,2.063445039454006,1792.546003901852,True,-4.2500725161431774e-16,3.4999999995055666,1.07,0.24531690389900054,False,0,1671,0.0
1671,92.225921327,-107.07041931152344,9.463699340820312,4.1176119918035,7,,,,,,,,,,,,0.0,,lane_follow,LANE_KEEP,,,0,,,0,0,0,,,,,,,,True,5.5701970813615276e-15,3.4999999995055795,1.07,0.23541832626157447,False,0,1672,0.0
1672,92.275921328,-107.07565307617188,9.256660461425781,4.158718777164115,7,,,,,,,,,,,,0.0,,lane_follow,LANE_KEEP,,,0,,,0,0,0,,,,,,,,True,-5.783568068906675e-15,3.499999999505608,1.07,0.2252373840999399,False,0,1673,0.0
1673,92.325921328,-107.08116149902344,9.047451972961426,4.203673808326853,7,,,,,,,,,,,,0.0,,lane_follow,LANE_KEEP,,,0,,,0,0,0,,,,,,,,True,2.1718737919229625e-15,3.499999999505652,1.07,0.2147466130514656,False,0,1674,0.0
1674,92.375921329,-107.08695220947266,8.836170196533203,4.243114326167759,7,,,,,,,,,,,,0.0,,lane_follow,LANE_KEEP,,,0,,,0,0,0,,,272.3193128825257,11.061233349545345,0.0,4.698058604432504,1815.0691968172098,True,5.988265439071938e-15,3.499999999505666,1.07,0.20394012882209092,False,0,1675,0.0
1675,92.42592133,-107.09302520751953,8.622824668884277,4.285743011559052,7,4.261285734561017,866191c69e845735861fd1373ea1dc43,closing_conflict,22.609190600028356,-2.4813924149985307,18.26277555715116,18.26277555715116,4.285743011559052,-110.08230590820312,-13.924836158752441,0.0,0.5028697062954116,,lane_follow,LANE_KEEP,,,0,,,0,0,0,,,,,,,,True,4.6455894686658894e-15,3.499999999505679,1.07,0.192822235859104,False,0,1676,0.0
1676,92.475921331,-107.09938049316406,8.407502174377441,4.3236411143467794,7,4.160514928391212,866191c69e845735861fd1373ea1dc43,closing_conflict,22.33498844412299,-2.45716487244115,17.98857340124579,17.98857340124579,4.3236411143467794,-110.08292388916016,-13.863282203674316,0.0,0.5196040861243401,,lane_follow,LANE_KEEP,,,0,,,0,0,0,,,,,,,,True,-3.712308238590367e-15,3.499999999505693,1.07,0.1813842893169121,False,0,1677,0.0
1677,92.525921331,-107.10603332519531,8.190210342407227,4.364092139783857,7,4.059248393052101,866191c69e845735861fd1373ea1dc43,closing_conflict,22.061349048426123,-2.433063479603351,17.714934005548926,17.714934005548926,4.364092139783857,-110.08353424072266,-13.804275512695312,0.0,0.5375492846475634,,lane_follow,LANE_KEEP,,,0,,,0,0,0,,,,,,,,True,-3.434752482434078e-15,3.4999999995057367,1.07,0.16961018444956646,False,0,1678,0.0
1678,92.575921332,-107.11298370361328,7.971029281616211,4.400533116683578,7,3.963541943972451,866191c69e845735861fd1373ea1dc43,closing_conflict,21.788112626692374,-2.409023718453776,17.441697583815177,17.441697583815177,4.400533116683578,-110.08409881591797,-13.747573852539062,0.0,0.5551263464457188,,lane_follow,LANE_KEEP,,,0,,,0,0,0,,,258.63929855074554,12.99550082793903,0.0,8.45474998122843,1811.8893792651088,True,-5.839079220137933e-15,3.4999999995057514,1.07,0.15749700250087564,False,0,1679,0.0
1679,92.625921333,-107.12025451660156,7.749972343444824,4.4389292043368505,7,3.8677661984662275,866191c69e845735861fd1373ea1dc43,closing_conflict,21.515155376795853,-2.385066457771326,17.168740333918656,17.168740333918656,4.4389292043368505,-110.08466339111328,-13.693038940429688,0.0,0.5738362890312656,,lane_follow,LANE_KEEP,,,0,,,0,0,0,,,,,,,,True,-2.220446049250313e-15,3.4999999995057656,1.07,0.1450207629070285,False,0,1680,0.0
1680,92.675921334,-107.12782287597656,7.527108669281006,4.473983014113139,7,3.7764553858110785,866191c69e845735861fd1373ea1dc43,closing_conflict,21.242212292552043,-2.361157774558179,16.895797249674846,16.895797249674846,4.473983014113139,-110.0851821899414,-13.640335083007812,0.0,0.5923521605634235,,lane_follow,LANE_KEEP,,,0,,,0,0,0,,,,,,,,True,-4.53109771925142e-15,3.499999999505778,1.07,0.13220228530368985,False,0,1681,0.0
1681,92.725921334,-107.13571166992188,7.302457809448242,4.510435834627232,7,3.685593127204529,866191c69e845735861fd1373ea1dc43,closing_conflict,20.97004635567635,-2.337348762041679,16.62363131279915,16.62363131279915,4.510435834627232,-110.08570098876953,-13.590210914611816,0.0,0.6119009449706043,,lane_follow,LANE_KEEP,,,0,,,0,0,0,,,,,,,,True,-6.286637876939949e-15,3.499999999505807,1.07,0.11902375183079386,False,0,1682,0.0
1682,92.775921335,-107.1439208984375,7.07607889175415,4.544161636773469,7,3.6089852247779737,866191c69e845735861fd1373ea1dc43,closing_conflict,20.74622724899554,-2.3116356533015083,16.399812206118344,16.399812206118344,4.544161636773469,-110.08570098876953,-13.590210914611816,0.0,0.629562238932833,,lane_follow,LANE_KEEP,,,0,,,0,0,0,,,219.12407558883436,10.477144632614646,0.0,7.854453360476227,1551.3023776633745,True,5.856426454897701e-15,3.499999999505821,1.07,0.10548106403077143,False,0,1683,0.0
1683,92.825921336,-107.15242767333984,6.847993850708008,4.578779670697621,7,3.5115263289799747,866191c69e845735861fd1373ea1dc43,closing_conflict,20.424920411130152,-2.29055319624133,16.078505368252955,16.078505368252955,4.578779670697621,-110.086669921875,-13.494430541992188,0.0,0.6519643086412029,,lane_follow,LANE_KEEP,,,0,,,0,0,0,,,,,,,,True,4.416605969836951e-15,3.499999999505865,1.07,0.09166520889810706,False,0,1684,0.0
1684,92.875921337,-107.16120147705078,6.6182541847229,4.6112397527997135,7,3.4278403394310595,866191c69e845735861fd1373ea1dc43,closing_conflict,20.153008682312162,-2.2684399478500987,15.806593639434965,15.806593639434965,4.6112397527997135,-110.08712005615234,-13.449844360351562,0.0,0.6726158887500971,,lane_follow,LANE_KEEP,,,0,,,0,0,0,,,,,,,,True,-1.1830814106161824e-15,3.499999999505878,1.07,0.07764109757039842,False,0,1685,0.0
1685,92.925921337,-107.17028045654297,6.386885643005371,4.644108796373614,7,3.3451949358219233,866191c69e845735861fd1373ea1dc43,closing_conflict,19.88186426991226,-2.246802321830913,15.535449227035063,15.535449227035063,4.644108796373614,-110.08753967285156,-13.407715797424316,0.0,0.6941462135199221,,lane_follow,LANE_KEEP,,,0,,,0,0,0,,,,,,,,True,-4.170275236248244e-15,3.4999999995059077,1.07,0.06332282862511832,False,0,1686,0.0
1686,92.975921338,-107.17962646484375,6.15393590927124,4.675344627980631,7,3.273498806412729,866191c69e845735861fd1373ea1dc43,closing_conflict,19.651150102139958,-2.2240675310197293,15.304735059262761,15.304735059262761,4.675344627980631,-110.08753967285156,-13.407715797424316,0.0,0.7141204112892465,,lane_follow,LANE_KEEP,,,0,,,0,0,0,,,156.83139527530275,7.772711287488212,0.0,9.301885496603697,1084.1085737878439,True,5.422745585903499e-15,3.499999999505906,1.07,0.04877043407346707,False,0,1687,0.0
1687,93.025921339,-107.18925476074219,5.919431686401367,4.706559801243279,7,3.1853093982015026,866191c69e845735861fd1373ea1dc43,closing_conflict,19.33826421097481,-2.2059088524442725,14.991849168097612,14.991849168097612,4.706559801243279,-110.0883560180664,-13.327118873596191,0.0,0.7387916231780669,,lane_follow,LANE_KEEP,,,0,,,0,0,0,,,,,,,,True,1.3773704399255848e-15,3.4999999995059503,1.07,0.033992497740198996,False,0,1688,0.0
1688,93.07592134,-107.19915008544922,5.683413982391357,4.7365705313097015,7,3.107738901733711,866191c69e845735861fd1373ea1dc43,closing_conflict,19.06643954383387,-2.186739882689172,14.720024500956672,14.720024500956672,4.7365705313097015,-110.08873748779297,-13.289230346679688,0.0,0.7620605657488336,,lane_follow,LANE_KEEP,,,0,,,0,0,0,,,,,,,,True,2.3800406090401793e-15,3.4999999995059787,1.07,0.01900143657260092,False,0,1689,0.0
1689,93.12592134,-107.20927429199219,5.446506023406982,4.740568168687336,7,3.0480825970966716,866191c69e845735861fd1373ea1dc43,closing_conflict,18.796058378203504,-2.168100687062187,14.449643335326307,14.449643335326307,4.740568168687336,-110.0890884399414,-13.253738403320312,0.0,0.7776311857826249,,lane_follow,LANE_KEEP,,,0,,,0,0,0,,,,,,,,True,-5.641320743876577e-15,3.499999999505993,1.07,0.0038094371053555565,False,0,1690,0.0
1690,93.175921341,-107.2196044921875,5.2096428871154785,4.744584045766396,7,2.995980830585233,866191c69e845735861fd1373ea1dc43,closing_conflict,18.561097893093848,-2.148495242121542,14.21468285021665,14.21468285021665,4.744584045766396,-110.0890884399414,-13.253738403320312,0.0,0.7918248336788577,,lane_follow,LANE_KEEP,,,0,,,0,0,0,,,105.42498717080083,3.945021914265484,0.0,5.7959251371415395,872.6236658226738,True,-5.224987109642143e-15,3.499999999506021,1.07,-0.011531701581933257,False,0,1691,0.0
1691,93.225921342,-107.23005676269531,4.972923278808594,4.735482122434058,7,2.9380702223160564,866191c69e845735861fd1373ea1dc43,closing_conflict,18.25959405511074,-2.1339967913332134,13.913179012233542,13.913179012233542,4.735482122434058,-110.08975982666016,-13.187165260314941,0.0,0.8058830736014739,,lane_follow,LANE_KEEP,,,0,,,0,0,0,,,,,,,,True,-5.8494875609937935e-15,3.4999999995060356,1.07,-0.026803248459072865,False,0,1692,0.0
1692,93.275921343,-107.24058532714844,4.73618745803833,4.742815361829115,7,2.877284108405149,866191c69e845735861fd1373ea1dc43,closing_conflict,17.992842312567927,-2.12009474040689,13.64642726969073,13.64642726969073,4.742815361829115,-110.090087890625,-13.155640602111816,0.0,0.8241826637790755,,lane_follow,LANE_KEEP,,,0,,,0,0,0,,,,,,,,True,3.594347042223944e-15,3.4999999995060485,1.07,-0.041898429085380856,False,0,1693,0.0
1693,93.325921343,-107.25120544433594,4.499611854553223,4.732483681561342,7,2.827520181380463,866191c69e845735861fd1373ea1dc43,closing_conflict,17.727608160545604,-2.1073138999824823,13.381193117668406,13.381193117668406,4.732483681561342,-110.09038543701172,-13.125595092773438,0.0,0.8368611677337047,,lane_follow,LANE_KEEP,,,0,,,0,0,0,,,,,,,,True,4.579669976578771e-16,3.499999999506062,1.07,-0.05696355492898361,False,0,1694,0.0
1694,93.375921344,-107.26193237304688,4.263012409210205,4.740159700756517,7,2.7672783784355945,866191c69e845735861fd1373ea1dc43,closing_conflict,17.463756493112445,-2.0960230319021758,13.117341450235248,13.117341450235248,4.740159700756517,-110.09068298339844,-13.097122192382812,0.0,0.8564660024258631,,lane_follow,LANE_KEEP,,,0,,,0,0,0,,,65.4156760391414,2.267696911748436,0.0,3.5987690363198146,597.376010032685,True,-3.066991105526995e-15,3.499999999506091,1.07,-0.07196230693062242,False,0,1695,0.0
1695,93.425921345,-107.27261352539062,4.026569366455078,4.729710141950588,7,2.717841011440069,866191c69e845735861fd1373ea1dc43,closing_conflict,17.201015238894534,-2.0873264008471164,12.854600196017337,12.854600196017337,4.729710141950588,-110.09095764160156,-13.069886207580566,0.0,0.8701226675957242,,lane_follow,LANE_KEEP,,,0,,,0,0,0,,,,,,,,True,-3.95516952522712e-15,3.499999999506121,1.07,-0.08659743777464488,False,0,1696,0.0
1696,93.475921346,-107.28323364257812,3.7900948524475098,4.7374717005850036,7,2.6580021699796297,866191c69e845735861fd1373ea1dc43,closing_conflict,16.938625103249223,-2.0816265752684346,12.592210060372025,12.592210060372025,4.7374717005850036,-110.09121704101562,-13.043366432189941,0.0,0.891171526135607,,lane_follow,LANE_KEEP,,,0,,,0,0,0,,,,,,,,True,-4.760081218080359e-15,3.4999999995061635,1.07,-0.10079181161319303,False,0,1697,0.0
1697,93.525921346,-107.2938232421875,3.5537800788879395,4.726932690549969,7,2.6087713883491603,866191c69e845735861fd1373ea1dc43,closing_conflict,16.67790180063627,-2.077299840174591,12.331486757759073,12.331486757759073,4.726932690549969,-110.09146881103516,-13.018508911132812,0.0,0.9059691300779692,,lane_follow,LANE_KEEP,,,0,,,0,0,0,,,,,,,,True,7.015221736850208e-15,3.499999999506192,1.07,-0.11477817406195676,False,0,1698,0.0
1698,93.575921347,-107.3043441772461,3.3174350261688232,4.734776901437412,7,2.5494607914890683,866191c69e845735861fd1373ea1dc43,closing_conflict,16.41754310953998,-2.0749015880395483,12.071128066662784,12.071128066662784,4.734776901437412,-110.09171295166016,-12.994263648986816,0.0,0.9285839808252085,,lane_follow,LANE_KEEP,,,0,,,0,0,0,,,29.164653973359588,1.443877494512247,0.0,2.1145285720088056,248.42916402681482,True,-8.81239525796218e-16,3.499999999506206,1.07,-0.1284446032042453,False,0,1699,0.0
1699,93.625921348,-107.31477355957031,3.078368663787842,4.869824009976639,7,2.424971975650552,866191c69e845735861fd1373ea1dc43,closing_conflict,16.15560179342074,-2.075909662762911,11.809186750543542,11.809186750543542,4.869824009976639,-110.09194946289062,-12.971558570861816,0.0,1.004099028540361,,lane_follow,LANE_KEEP,,,0,,,0,0,0,,,,,,,,True,1.6861512186494565e-15,3.499999999506219,1.07,-0.14158257080513734,False,0,1700,0.0
1700,93.675921349,-107.32527160644531,2.8298919200897217,5.0263581848328185,7,2.2955030124477673,866191c69e845735861fd1373ea1dc43,closing_conflict,15.884435397802424,-2.0810686050777814,11.538020354925226,11.538020354925226,5.0263581848328185,-110.0921630859375,-12.949539184570312,0.0,1.094827181139931,,lane_follow,LANE_KEEP,,,0,,,0,0,0,,,,,,,,True,5.342948306008566e-15,3.4999999995062345,1.07,-0.14568497904960095,False,0,1701,0.0
1701,93.725921349,-107.33578491210938,2.5763978958129883,5.093035519057613,7,2.21143453349503,866191c69e845735861fd1373ea1dc43,closing_conflict,15.609329670037988,-2.08823965058633,11.262914627160791,11.262914627160791,5.093035519057613,-110.09236907958984,-12.928864479064941,0.0,1.1515230141152761,,lane_follow,LANE_KEEP,,,0,,,0,0,0,,,,,,,,True,6.0645932720149176e-15,3.499999999506277,1.07,-0.13318736412569696,False,0,1702,0.0
1702,93.77592135,-107.34597778320312,2.3233933448791504,5.04207285800967,7,2.1833975830866943,866191c69e845735861fd1373ea1dc43,closing_conflict,15.355264734802532,-2.095203762182135,11.008849691925334,11.008849691925334,5.04207285800967,-110.09236907958984,-12.928864479064941,0.0,1.1546391955975406,,lane_follow,LANE_KEEP,,,0,,,0,0,0,,,4.576615105176446,1.06601041380565,0.0,1.2668046428664483,133.58004199630568,True,7.494005416219807e-16,3.499999999506307,1.07,-0.12113668517160611,False,0,1703,0.0
1703,93.825921351,-107.35538482666016,2.0735390186309814,4.981728134021797,7,2.1517480492593317,866191c69e845735861fd1373ea1dc43,closing_conflict,15.065838837198928,-2.102147360666277,10.719423794321731,10.719423794321731,4.981728134021797,-110.0927734375,-12.889924049377441,0.0,1.1576002440751818,,lane_follow,LANE_KEEP,,,0,,,0,0,0,,,2.769343081598973,1.4365226150297132,0.0,1.1113773513500782,7.248218289661744,True,-6.356026815979021e-15,3.49999999950632,1.07,-0.10950927404535413,False,0,1704,0.0
1704,93.875921352,-107.36446380615234,1.8221416473388672,5.047370605718575,7,2.0698529573206357,866191c69e845735861fd1373ea1dc43,closing_conflict,14.793730017817039,-2.1227468121461346,10.447314974939841,10.447314974939841,5.047370605718575,-110.09295654296875,-12.871932983398438,0.0,1.2192582540385497,,lane_follow,LANE_KEEP,,,0,,,0,0,0,,,,,,,,True,-1.4432899320127035e-15,3.4999999995063322,1.07,-0.10053607854002208,False,0,1705,0.0
1705,93.925921352,-107.37252807617188,1.5730582475662231,5.000573885581938,7,2.035558633028922,866191c69e845735861fd1373ea1dc43,closing_conflict,14.525376385772493,-2.140370251590182,10.178961342895295,10.178961342895295,5.000573885581938,-110.09312438964844,-12.854904174804688,0.0,1.2283050471852675,,lane_follow,LANE_KEEP,,,0,,,0,0,0,,,,,,,,True,-6.83481049534862e-15,3.499999999506361,1.07,-0.09208128698275772,False,0,1706,0.0
1706,93.975921353,-107.38016510009766,1.3242803812026978,4.953676903909345,7,2.0005060125562886,866191c69e845735861fd1373ea1dc43,closing_conflict,14.256275473409064,-2.1678904884647263,9.909860430531866,9.909860430531866,4.953676903909345,-110.09329223632812,-12.838349342346191,0.0,1.238105977392048,,lane_follow,LANE_KEEP,,,0,,,0,0,0,,,,,,,,True,3.1710745140856034e-15,3.499999999506391,1.07,-0.09284554488922611,False,0,1707,0.0
1707,94.025921354,-107.38690948486328,1.0796860456466675,4.85119952811383,7,1.9882113757106268,866191c69e845735861fd1373ea1dc43,closing_conflict,13.99162513051514,-2.1985043817875547,9.645210087637942,9.645210087637942,4.85119952811383,-110.09345245361328,-12.822602272033691,0.0,1.2199908891427387,,lane_follow,LANE_KEEP,,,0,,,0,0,0,,,3.443144443168187,2.5710878714452146,0.0,1.5505822428078337,73.46412603227488,True,-6.925016116099414e-15,3.499999999506405,1.07,-0.10243221167134017,False,0,1708,0.0
1708,94.075921354,-107.39276885986328,0.8414732217788696,4.709264408166634,7,1.9933812364054577,866191c69e845735861fd1373ea1dc43,closing_conflict,13.733774351388618,-2.230882235367997,9.38735930851142,9.38735930851142,4.709264408166634,-110.09359741210938,-12.807662963867188,0.0,1.181225227307387,,lane_follow,LANE_KEEP,,,0,,,0,0,0,,,,,,,,True,-3.7990444123892075e-15,3.4999999995064477,1.07,-0.11106603926206624,False,0,1709,0.0
1709,94.125921355,-107.39788055419922,0.6108037233352661,4.554021317160068,7,2.0065426223810836,866191c69e845735861fd1373ea1dc43,closing_conflict,13.484252918990915,-2.262772584404717,9.137837876113718,9.137837876113718,4.554021317160068,-110.09375,-12.793580055236816,0.0,1.134793068027629,,lane_follow,LANE_KEEP,,,0,,,0,0,0,,,,,,,,True,4.7704895589362195e-15,3.4999999995064774,1.07,-0.11886331158855387,False,0,1710,0.0
1710,94.175921356,-107.40220642089844,0.3880106210708618,4.39504885962116,7,2.0273268608462236,866191c69e845735861fd1373ea1dc43,closing_conflict,13.25661565071874,-2.2936610658602903,8.910200607841542,8.910200607841542,4.39504885962116,-110.09375,-12.793580055236816,0.0,1.0839517160510144,,lane_follow,LANE_KEEP,,,0,,,0,0,0,,,,,,,,True,2.0539125955565396e-15,3.4999999995064917,1.07,-0.12578199302901924,False,0,1711,0.0
1711,94.225921357,-107.40576934814453,0.17312590777873993,4.236965495107317,7,2.044831126127077,866191c69e845735861fd1373ea1dc43,closing_conflict,13.01029396759906,-2.325440655489913,8.663878924721862,8.663878924721862,4.236965495107317,-110.09400939941406,-12.767074584960938,0.0,1.0360184371635999,,lane_follow,LANE_KEEP,,,0,,,0,0,0,,,29.741391699434413,11.381114488965565,0.0,1.030121605873512,1290.5588216937965,True,-4.544975507059235e-16,3.4999999995065187,1.07,-0.13184532944659452,False,0,1712,0.0
1712,94.275921357,-107.40880584716797,-0.033092156052589417,4.0504108275967265,7,2.083873238021964,866191c69e845735861fd1373ea1dc43,closing_conflict,12.786957769500411,-2.354745227622584,8.440542726623214,8.440542726623214,4.0504108275967265,-110.0941390991211,-12.754731178283691,0.0,0.9718467404095611,,lane_follow,LANE_KEEP,,,0,,,0,0,0,,,,,,,,True,-6.13398221105399e-15,3.499999999506533,1.07,-0.13727639600078242,False,0,1713,0.0
1713,94.325921358,-107.41130828857422,-0.2299528419971466,3.8653152728171714,7,2.1285564604339298,866191c69e845735861fd1373ea1dc43,closing_conflict,12.573956838446126,-2.381113420564746,8.227541795568929,8.227541795568929,3.8653152728171714,-110.09425354003906,-12.742981910705566,0.0,0.9079663482426921,,lane_follow,LANE_KEEP,,,0,,,0,0,0,,,,,,,,True,-4.354155924701786e-15,3.4999999995065614,1.07,-0.14205716884246086,False,0,1714,0.0
1714,94.375921359,-107.41348266601562,-0.41794130206108093,3.6928083881501785,7,2.1728416654150755,866191c69e845735861fd1373ea1dc43,closing_conflict,12.370302971044191,-2.4064759678584244,8.023887928166994,8.023887928166994,3.6928083881501785,-110.0943603515625,-12.731690406799316,0.0,0.8497647221443413,,lane_follow,LANE_KEEP,,,0,,,0,0,0,,,,,,,,True,-3.5561831257524545e-15,3.49999999950656,1.07,-0.1464057929699781,False,0,1715,0.0
1715,94.42592136,-107.41529083251953,-0.5976064801216125,3.5289763581576628,7,2.2187216062695496,866191c69e845735861fd1373ea1dc43,closing_conflict,12.176231136736032,-2.4276774400916543,7.829816093858835,7.829816093858835,3.5289763581576628,-110.094482421875,-12.720978736877441,0.0,0.7952724551348991,,lane_follow,LANE_KEEP,,,0,,,0,0,0,,,49.31075386182954,23.848875438026802,0.0,0.5294095963727612,2562.672207487315,True,4.583139423530724e-15,3.499999999506604,1.07,-0.14971875757821715,False,0,1716,0.0
1716,94.47592136,-107.41702270507812,-0.7686945199966431,3.3514244677883402,7,2.2811252551314336,866191c69e845735861fd1373ea1dc43,closing_conflict,11.991434037014605,-2.4475544771533797,7.645018994137407,7.645018994137407,3.3514244677883402,-110.09457397460938,-12.710877418518066,0.0,0.7345989573017194,,lane_follow,LANE_KEEP,,,0,,,0,0,0,,,,,,,,True,-6.678685382510707e-16,3.499999999506618,1.07,-0.1460198880836324,False,0,1717,0.0
1717,94.525921361,-107.41842651367188,-0.9310151934623718,3.1778900621885784,7,2.3507028222436235,866191c69e845735861fd1373ea1dc43,closing_conflict,11.816690180843853,-2.4629609848222724,7.470275137966656,7.470275137966656,3.1778900621885784,-110.09467315673828,-12.701233863830566,0.0,0.6759446647440206,,lane_follow,LANE_KEEP,,,0,,,0,0,0,,,,,,,,True,5.1295773184634186e-15,3.4999999995066324,1.07,-0.14276049232818586,False,0,1718,0.0
1718,94.575921362,-107.41983032226562,-1.0849281549453735,3.0132834094177934,7,2.424056479360688,866191c69e845735861fd1373ea1dc43,closing_conflict,11.650784215626464,-2.47835271129797,7.304369172749267,7.304369172749267,3.0132834094177934,-110.09477233886719,-12.692153930664062,0.0,0.6215373765161829,,lane_follow,LANE_KEEP,,,0,,,0,0,0,,,,,,,,True,-1.2091022627558345e-15,3.499999999506648,1.07,-0.13959534320800446,False,0,1719,0.0
1719,94.625921363,-107.42108154296875,-1.2309155464172363,2.8583546311160055,7,2.5006441266271215,866191c69e845735861fd1373ea1dc43,closing_conflict,11.49414276299487,-2.488434861876747,7.147727720117672,7.147727720117672,2.8583546311160055,-110.0948486328125,-12.683364868164062,0.0,0.5715236727769347,,lane_follow,LANE_KEEP,,,0,,,0,0,0,,,,,,,,True,6.2155142144249e-15,3.499999999506677,1.07,-0.13668553641722267,False,0,1720,0.0
1720,94.675921363,-107.42233276367188,-1.3692824840545654,2.707254760460028,7,2.585170204897334,866191c69e845735861fd1373ea1dc43,closing_conflict,11.345129386684931,-2.499907582521524,6.998714343807734,6.998714343807734,2.707254760460028,-110.0949478149414,-12.674972534179688,0.0,0.5236124792347169,,lane_follow,LANE_KEEP,,,0,,,0,0,0,,,53.6829917038311,42.84158896201356,0.0,0.31364976829969693,3881.3234392539703,True,-6.4965394175331426e-15,3.499999999506675,1.07,-0.1338574339328716,False,0,1721,0.0
1721,94.725921364,-107.42340850830078,-1.4998940229415894,2.5487827389127506,7,,,,,,,,,,,,0.0,,lane_follow,LANE_KEEP,,,0,,,0,0,0,,,443.0682937539163,45.90030481119879,0.0,0.36990481876954284,4673.687744525336,True,4.753142324176451e-16,3.4999999995067035,1.07,-0.13130396552404364,False,0,1722,0.0
1722,94.775921365,-107.42469787597656,-1.622651219367981,2.3934184713289297,7,,,,,,,,,,,,0.0,,lane_follow,LANE_KEEP,,,0,,,0,0,0,,,,,,,,True,2.7582103268031233e-16,3.4999999995066893,1.07,-0.12862302091847475,False,0,1723,0.0
1723,94.825921366,-107.42594146728516,-1.7379556894302368,2.248748317301802,7,,,,,,,,,,,,0.0,,lane_follow,LANE_KEEP,,,0,,,0,0,0,,,,,,,,True,-3.672409598642901e-15,3.499999999506725,1.07,-0.12608464444065834,False,0,1724,0.0
1724,94.875921366,-107.42731475830078,-1.846177339553833,2.1086912216261138,7,,,,,,,,,,,,0.0,,lane_follow,LANE_KEEP,,,0,,,0,0,0,,,,,,,,True,-1.2784912017949068e-15,3.499999999506725,1.07,-0.12348982802046068,False,0,1725,0.0
1725,94.925921367,-107.42853546142578,-1.9476850032806396,1.978436191478788,7,,,,,,,,,,,,0.0,,lane_follow,LANE_KEEP,,,0,,,0,0,0,,,,,,,,True,-5.2111093218343285e-15,3.4999999995067532,1.07,-0.1211338089130046,False,0,1726,0.0
1726,94.975921368,-107.42987823486328,-2.042833089828491,1.8529102727296167,7,,,,,,,,,,,,0.0,,lane_follow,LANE_KEEP,,,0,,,0,0,0,,,477.73379412985213,60.345084037530896,0.0,0.3497430868968269,5434.679568233344,True,1.2576745200831851e-15,3.4999999995067235,1.07,-0.12031363809214132,False,0,1727,0.0
1727,95.025921369,-107.43171691894531,-2.1096911430358887,0.8487400305131299,7,,,,,,,,,,,,0.0,,lane_follow,LANE_KEEP,,,0,,,0,0,0,,,211.2215790210411,13.153893822553178,0.0,2.240717080810184,63634.81990063826,True,-7.058589823749628e-15,3.4999999995067688,1.07,-0.1264268632939561,False,0,1728,0.0
1728,95.075921369,-107.43273162841797,-2.1389403343200684,0.6513345803784508,7,,,,,,,,,,,,0.0,,lane_follow,LANE_KEEP,,,0,,,0,0,0,,,229.2443892533771,14.80568353433091,0.0,2.0870124727207715,66177.14890774524,True,3.6012859361278515e-15,3.4999999995067546,1.07,-0.1291227540337577,False,0,1729,0.0
1729,95.12592137,-107.43328857421875,-2.1751506328582764,0.7293792778614532,7,,,,,,,,,,,,0.0,,lane_follow,LANE_KEEP,,,0,,,0,0,0,,,222.03294433164317,14.137992802986483,0.0,2.189421684037892,29034.391826091894,True,1.0581813203458523e-16,3.4999999995067532,1.07,-0.1300381063207173,False,0,1730,0.0
1730,95.175921371,-107.43378448486328,-2.2122550010681152,0.7437596451836137,7,,,,,,,,,,,,0.0,,lane_follow,LANE_KEEP,,,0,,,0,0,0,,,220.7148470248545,14.125707840749447,0.0,2.2386473888383147,17253.28863069999,True,4.163336342344337e-15,3.4999999995067674,1.07,-0.13081515112707662,False,0,1731,0.0
1731,95.225921372,-107.43429565429688,-2.249190092086792,0.7291679993848791,7,,,,,,,,,,,,0.0,,lane_follow,LANE_KEEP,,,0,,,0,0,0,,,222.0254357260885,13.346078639984517,0.0,2.3247221478624365,12948.486343874112,True,4.387115670745345e-15,3.4999999995067532,1.07,-0.13159468202874755,False,0,1732,0.0
1732,95.275921372,-107.43482971191406,-2.286231756210327,0.7433666543485977,7,,,,,,,,,,,,0.0,,lane_follow,LANE_KEEP,,,0,,,0,0,0,,,221.52765815368207,168.36477444763713,0.0,0.5553553912216079,8213.66416148649,True,-0.4628855488565248,3.499999999506925,1.07,-0.13238017138940136,False,0,1733,0.0
1733,95.325921373,-107.43513488769531,-2.3230831623077393,0.7287943523287995,7,,,,,,,,,,,,0.0,,lane_follow,LANE_KEEP,,,0,,,0,0,0,,,222.9215753722923,164.00215693937628,0.0,0.5474436853100182,7059.968778747399,True,-0.7200094454705354,3.499999999506925,1.07,-0.13334612785945085,False,0,1734,0.0
1734,95.375921374,-107.4351806640625,-2.360038995742798,0.7429283490497495,7,,,,,,,,,,,,0.0,,lane_follow,LANE_KEEP,,,0,,,0,0,0,,,221.69281193145147,158.952113974076,0.0,0.546086539236768,4884.692099361176,True,-0.7204694531938055,3.499999999506925,1.07,-0.1345097562193592,False,0,1735,0.0
1735,95.425921375,-107.43498992919922,-2.3968071937561035,0.7282612050577262,7,,,,,,,,,,,,0.0,,lane_follow,LANE_KEEP,,,0,,,0,0,0,,,223.09938451105455,155.10830977068548,0.0,0.5388434023002081,4739.7177213711075,True,-0.7206908613580222,3.499999999506925,1.07,-0.13582464407936454,False,0,1736,0.0
1736,95.475921375,-107.43455505371094,-2.433684825897217,0.7424190140682076,7,,,,,,,,,,,,0.0,,lane_follow,LANE_KEEP,,,0,,,0,0,0,,,221.87065667269061,150.45473137283855,0.0,0.5397056085009784,3568.931911721058,True,-0.7206693708707121,3.499999999506925,1.07,-0.1372859506959959,False,0,1737,0.0
1737,95.525921376,-107.43392181396484,-2.4703803062438965,0.7276876466798441,7,,,,,,,,,,,,0.0,,lane_follow,LANE_KEEP,,,0,,,0,0,0,,,223.2831239415803,147.03829698828983,0.0,0.5348510123797232,3746.0080063014398,True,-0.7204474868659666,3.499999999506925,1.07,-0.13885788422138398,False,0,1738,0.0
1738,95.575921377,-107.4330825805664,-2.507190465927124,0.7418727418956091,7,,,,,,,,,,,,0.0,,lane_follow,LANE_KEEP,,,0,,,0,0,0,,,222.05026662903558,142.72695994087638,0.0,0.5348948640954936,3002.991141282833,True,-0.7200209075789452,3.499999999506925,1.07,-0.14055692120054317,False,0,1739,0.0
1739,95.625921378,-107.43206024169922,-2.5439109802246094,0.7358157398105059,7,,,,,,,,,,,,0.0,,lane_follow,LANE_KEEP,,,0,,,0,0,0,,,222.6663070324073,139.3395608448766,0.0,0.5327626842395178,3041.5578226505004,True,-0.7194102295000256,3.499999999506925,1.07,-0.14230693424876004,False,0,1740,0.0
1740,95.675921378,-107.43085479736328,-2.579998016357422,0.7258716337089199,7,,,,,,,,,,,,0.0,,lane_follow,LANE_KEEP,,,0,,,0,0,0,,,223.63693624725585,136.25679873037757,0.0,0.5311068720817784,3178.6956399892924,True,-0.718609356862109,3.499999999506925,1.07,-0.1441041758736293,False,0,1741,0.0
1741,95.725921379,-107.4295654296875,-2.615169048309326,0.6827581321309496,7,,,,,,,,,,,,0.0,,lane_follow,LANE_KEEP,,,0,,,0,0,0,,,227.66214483929627,134.70239814290593,0.0,0.5235921121628947,4441.582936341683,True,-0.7177142987575247,3.499999999506925,1.07,-0.14589022254164993,False,0,1742,0.0
1742,95.77592138,-107.42808532714844,-2.650315761566162,0.6979168726383934,7,,,,,,,,,,,,0.0,,lane_follow,LANE_KEEP,,,0,,,0,0,0,,,226.31828461141583,130.96983918854983,0.0,0.5254098481968429,3382.6615424656443,True,-0.7166282451861407,3.499999999506925,1.07,-0.14772646249404606,False,0,1743,0.0
1743,95.825921381,-107.42645263671875,-2.686009168624878,0.7358371156648846,7,,,,,,,,,,,,0.0,,lane_follow,LANE_KEEP,,,0,,,0,0,0,,,217.29446637965552,124.6506655570974,0.0,0.5391072528127493,2497.468747572064,True,-0.7153957411459796,3.499999999506925,1.07,-0.14959864389291053,False,0,1744,0.0
1744,95.875921381,-107.42460632324219,-2.7227885723114014,0.7591170711504491,7,,,,,,,,,,,,0.0,,lane_follow,LANE_KEEP,,,0,,,0,0,0,,,209.69307828728915,118.94999893707504,0.0,0.5500334772453264,2284.875441735951,True,-0.713961800306409,3.499999999506925,1.07,-0.1484799446817696,False,0,1745,0.0
1745,95.925921382,-107.42265319824219,-2.7605981826782227,0.7652103792424954,7,,,,,,,,,,,,0.0,,lane_follow,LANE_KEEP,,,0,,,0,0,0,,,209.8211771101746,116.1342703064026,0.0,0.5520766662481981,2301.004857914767,True,-0.7124326021368899,3.499999999506925,1.07,-0.14645766390531975,False,0,1746,0.0
1746,95.975921383,-107.42044067382812,-2.800734519958496,0.8063018125761192,7,,,,,,,,,,,,0.0,,lane_follow,LANE_KEEP,,,0,,,0,0,0,,,197.46114749799636,108.82245629585442,0.0,0.5701261437087777,1957.123253948725,True,-0.7106701008979025,3.499999999506925,1.07,-0.14422651961155183,False,0,1747,0.0
1747,96.025921384,-107.41797637939453,-2.841996192932129,0.8528719222677311,7,,,,,,,,,,,,0.0,,lane_follow,LANE_KEEP,,,0,,,0,0,0,,,185.9141127661218,102.0495263804524,0.0,0.5882352355219863,1661.1130399018396,True,-0.708668459230962,3.499999999506925,1.07,-0.14242783923546706,False,0,1748,0.0
1748,96.075921384,-107.41536712646484,-2.8849918842315674,0.9083011286129231,7,,,,,,,,,,,,0.0,,lane_follow,LANE_KEEP,,,0,,,0,0,0,,,174.3855815187289,95.16013741530752,0.0,0.6064461293244332,1356.6577528877351,True,-0.7065413046120431,3.499999999506925,1.07,-0.1400660995858801,False,0,1749,0.0
1749,96.125921385,-107.41239166259766,-2.9324421882629395,0.9577146947719719,7,,,,,,,,,,,,0.0,,lane_follow,LANE_KEEP,,,0,,,0,0,0,,,166.68992021236932,89.65038885350876,0.0,0.6191159745798624,1187.5502325145865,True,-0.7040978933690958,3.499999999506925,1.07,-0.13767170169666984,False,0,1750,0.0
1750,96.175921386,-107.40898132324219,-2.9836602210998535,1.0461319466234127,7,,,,,,,,,,,,0.0,,lane_follow,LANE_KEEP,,,0,,,0,0,0,,,149.5989147104763,80.90459734196988,0.0,0.6437608152209306,794.1489406416256,True,-0.7012618660519231,3.499999999506925,1.07,-0.13545060871761158,False,0,1751,0.0
1751,96.225921387,-107.40522003173828,-3.039332151412964,1.1751417295776532,7,,,,,,,,,,,,0.0,,lane_follow,LANE_KEEP,,,0,,,0,0,0,,,126.89300392109216,70.06123145723375,0.0,0.6714999788054663,363.43624674440167,True,-0.6981248319239971,3.499999999506925,1.07,-0.13252055820511152,False,0,1752,0.0
1752,96.275921387,-107.40091705322266,-3.1005091667175293,1.245121889386402,7,,,,,,,,,,,,0.0,,lane_follow,LANE_KEEP,,,0,,,0,0,0,,,121.99639307514995,65.63002377640898,0.0,0.6808511562839659,336.0190150525741,True,-0.6945078507597726,3.499999999506925,1.07,-0.14106829481962987,False,0,1753,0.0
1753,96.325921388,-107.39627075195312,-3.164551258087158,1.3143877990453017,7,,,,,,,,,,,,0.0,,lane_follow,LANE_KEEP,,,0,,,0,0,0,,,117.38453645880998,61.42818594486217,0.0,0.6899473381574578,312.9770931263964,True,-0.6905796827601234,3.499999999506925,1.07,-0.14874383474045402,False,0,1754,0.0
1754,96.375921389,-107.3913345336914,-3.2319090366363525,1.3762899759077845,7,,,,,,,,,,,,0.0,,lane_follow,LANE_KEEP,,,0,,,0,0,0,,,114.40920261518158,57.75763647980469,0.0,0.6971995484775372,315.3669022945438,True,-0.6863987811865262,3.499999999506925,1.07,-0.14363216255857666,False,0,1755,0.0
1755,96.42592139,-107.38597106933594,-3.302726984024048,1.4524105820980766,7,,,,,,,,,,,,0.0,,lane_follow,LANE_KEEP,,,0,,,0,0,0,,,108.27626680365087,53.179309785622635,0.0,0.7066105835512642,266.2950940942438,True,-0.6818294450451016,3.499999999506925,1.07,-0.14822804477729598,False,0,1756,0.0
1756,96.47592139,-107.3802719116211,-3.377453327178955,1.5341125598601801,7,,,,,,,,,,,,0.0,,lane_follow,LANE_KEEP,,,0,,,0,0,0,,,,,,,,True,-0.6769682454494477,3.499999999506925,1.07,-0.14687259344095147,False,0,1757,0.0
1757,96.525921391,-107.37396240234375,-3.4563286304473877,1.6172146370100313,7,,,,,,,,,,,,0.0,,lane_follow,LANE_KEEP,,,0,,,0,0,0,,,623.5438580872601,384.57575064765086,0.0,1.905270084260935,2326.466958079057,True,-0.6715432378927721,3.4999999995070232,1.07,-0.1413995838592846,False,0,1758,0.0
1758,96.575921392,-107.36740112304688,-3.5392630100250244,1.6975701418687945,7,,,,,,,,,,,,0.0,,lane_follow,LANE_KEEP,,,0,,,0,0,0,,,,,,,,True,-0.6659119739246997,3.499999999507067,1.07,-0.13570869600407728,False,0,1759,0.0
1759,96.625921392,-107.3605728149414,-3.626225709915161,1.7785716140004828,7,,,,,,,,,,,,0.0,,lane_follow,LANE_KEEP,,,0,,,0,0,0,,,,,,,,True,-0.6600588509623955,3.499999999507067,1.07,-0.1297909545381509,False,0,1760,0.0
1760,96.675921393,-107.35335540771484,-3.7172601222991943,1.861044613708656,7,,,,,,,,,,,,0.0,,lane_follow,LANE_KEEP,,,0,,,0,0,0,,,,,,,,True,-0.6538622927445009,3.4999999995070956,1.07,-0.12351754865677952,False,0,1761,0.0
1761,96.725921394,-107.34581756591797,-3.8125152587890625,1.9466827738744965,7,,,,,,,,,,,,0.0,,lane_follow,LANE_KEEP,,,0,,,0,0,0,,,,,,,,True,-0.6473926297727568,3.4999999995069664,1.07,-0.11696680530522427,False,0,1762,0.0
1762,96.775921395,-107.3378677368164,-3.912057399749756,2.033095957724723,7,,,,,,,,,,,,0.0,,lane_follow,LANE_KEEP,,,0,,,0,0,0,,,534.0624469443798,259.3023746924663,0.0,1.2255586200349222,1817.6485945769714,True,-0.6405590579781335,3.4999999995070104,1.07,-0.11368950379987938,False,0,1763,0.0
1763,96.825921395,-107.3294677734375,-4.015955924987793,2.1209836150565056,7,,,,,,,,,,,,0.0,,lane_follow,LANE_KEEP,,,0,,,0,0,0,,,,,,,,True,-0.6333242104521377,3.499999999506995,1.07,-0.11417946247182428,False,0,1764,0.0
1764,96.875921396,-107.32058715820312,-4.124202251434326,2.208183563958067,7,,,,,,,,,,,,0.0,,lane_follow,LANE_KEEP,,,0,,,0,0,0,,,,,,,,True,-0.625657475334052,3.499999999507009,1.07,-0.11486298690978733,False,0,1765,0.0
1765,96.925921397,-107.311279296875,-4.2368011474609375,2.295522061739029,7,,,,,,,,,,,,0.0,,lane_follow,LANE_KEEP,,,0,,,0,0,0,,,,,,,,True,-0.6176123084784538,3.4999999995070246,1.07,-0.11631106528891774,False,0,1766,0.0
1766,96.975921398,-107.3017349243164,-4.353729248046875,2.381449543297139,7,,,,,,,,,,,,0.0,,lane_follow,LANE_KEEP,,,0,,,0,0,0,,,,,,,,True,-0.6093791708706856,3.499999999507009,1.07,-0.1182860390182646,False,0,1767,0.0
1767,97.025921398,-107.29167938232422,-4.47489595413208,2.466342685027987,7,,,,,,,,,,,,0.0,,lane_follow,LANE_KEEP,,,0,,,0,0,0,,,452.1791051249454,214.17985113507586,0.0,1.0212433154726415,1589.825397105232,True,-0.6006824060458117,3.4999999995070517,1.07,-0.1209559418956064,False,0,1768,0.0
1768,97.075921399,-107.28128814697266,-4.600247859954834,2.549538601054981,7,,,,,,,,,,,,0.0,,lane_follow,LANE_KEEP,,,0,,,0,0,0,,,,,,,,True,-0.5916968804347811,3.4999999995070517,1.07,-0.12407330960872329,False,0,1769,0.0
1769,97.1259214,-107.2706527709961,-4.729722499847412,2.631454204372307,7,,,,,,,,,,,,0.0,,lane_follow,LANE_KEEP,,,0,,,0,0,0,,,,,,,,True,-0.5825134408489006,3.499999999507066,1.07,-0.12810118423680703,False,0,1770,0.0
1770,97.175921401,-107.25959777832031,-4.863209247589111,2.711240673964156,7,,,,,,,,,,,,0.0,,lane_follow,LANE_KEEP,,,0,,,0,0,0,,,,,,,,True,-0.572955382239602,3.49999999950708,1.07,-0.13251523772016557,False,0,1771,0.0
1771,97.225921401,-107.24826049804688,-5.00063943862915,2.789649185277512,7,,,,,,,,,,,,0.0,,lane_follow,LANE_KEEP,,,0,,,0,0,0,,,,,,,,True,-0.5631592554270263,3.499999999507093,1.07,-0.1377652906060701,False,0,1772,0.0
1772,97.275921402,-107.23654174804688,-5.141907691955566,2.8659198725927024,7,,,,,,,,,,,,0.0,,lane_follow,LANE_KEEP,,,0,,,0,0,0,,,395.2640059561413,173.71700035641737,0.0,0.8891130070875282,1614.5522817499757,True,-0.5530247033081307,3.4999999995071227,1.07,-0.14340451478059876,False,0,1773,0.0
1773,97.325921403,-107.22455596923828,-5.286940097808838,2.940706178159801,7,,,,,,,,,,,,0.0,,lane_follow,LANE_KEEP,,,0,,,0,0,0,,,,,,,,True,-0.5426653311638062,3.4999999995071085,1.07,-0.14986958459566577,False,0,1774,0.0
1774,97.375921404,-107.2125473022461,-5.435667514801025,3.0134988684947905,7,,,,,,,,,,,,0.0,,lane_follow,LANE_KEEP,,,0,,,0,0,0,,,,,,,,True,-0.5323244892834501,3.499999999507137,1.07,-0.1430449598486306,False,0,1775,0.0
1775,97.425921404,-107.20021057128906,-5.5879716873168945,3.0846168048958025,7,,,,,,,,,,,,0.0,,lane_follow,LANE_KEEP,,,0,,,0,0,0,,,365.463078729782,191.0940380748583,0.0,0.9014036027589956,1811.113352143373,True,-0.5216956955376982,3.499999999507252,1.07,-0.13526392753346825,False,0,1776,0.0
1776,97.475921405,-107.18785858154297,-5.74378776550293,3.153907353763341,8,,,,,,,,,,,,0.0,,lane_follow,LANE_KEEP,,,0,,,0,0,0,,,,,,,,True,-0.5110910085608831,3.499999999507279,1.07,-0.12700373271304718,False,0,1777,0.0
1777,97.525921406,-107.17562866210938,-5.903041839599609,3.2215609907302123,8,,,,,,,,,,,,0.0,,lane_follow,LANE_KEEP,,,0,,,0,0,0,,,,,,,,True,-0.5006469203792145,3.4999999995072932,1.07,-0.1178517351016087,False,0,1778,0.0
1778,97.575921407,-107.16331481933594,-6.0656304359436035,3.2874783336576985,8,,,,,,,,,,,,0.0,,lane_follow,LANE_KEEP,,,0,,,0,0,0,,,,,,,,True,-0.4901562904602296,3.499999999507309,1.07,-0.10837683725469169,False,0,1779,0.0
1779,97.625921407,-107.15108489990234,-6.231482982635498,3.3517914198940097,8,,,,,,,,,,,,0.0,,lane_follow,LANE_KEEP,,,0,,,0,0,0,,,,,,,,True,-0.47978616390072565,3.499999999507336,1.07,-0.09822218850482342,False,0,1780,0.0
1780,97.675921408,-107.13882446289062,-6.400511264801025,3.414528130528602,8,,,,,,,,,,,,0.0,,lane_follow,LANE_KEEP,,,0,,,0,0,0,,,331.68619618866256,180.4098582654149,0.0,0.8795799641918616,1936.1972623490724,True,-0.46942111818085025,3.4999999995073514,1.07,-0.08781246364597237,False,0,1781,0.0
1781,97.725921409,-107.1266860961914,-6.5726447105407715,3.4756857290514733,8,,,,,,,,,,,,0.0,,lane_follow,LANE_KEEP,,,0,,,0,0,0,,,,,,,,True,-0.4592129405718879,3.4999999995073785,1.07,-0.07686273978607269,False,0,1782,0.0
1782,97.77592141,-107.1148910522461,-6.747818946838379,3.535350712733221,8,,,,,,,,,,,,0.0,,lane_follow,LANE_KEEP,,,0,,,0,0,0,,,,,,,,True,-0.4493821480658563,3.49999999950738,1.07,-0.06555515774143048,False,0,1783,0.0
1783,97.82592141,-107.10317993164062,-6.9259467124938965,3.5935680963666754,8,,,,,,,,,,,,0.0,,lane_follow,LANE_KEEP,,,0,,,0,0,0,,,,,,,,True,-0.4396683794409113,3.4999999995073927,1.07,-0.053890320769155536,False,0,1784,0.0
1784,97.875921411,-107.09178161621094,-7.106964588165283,3.6503899535150666,8,,,,,,,,,,,,0.0,,lane_follow,LANE_KEEP,,,0,,,0,0,0,,,,,,,,True,-0.4302997912960259,3.4999999995073914,1.07,-0.04206659887798611,False,0,1785,0.0
1785,97.925921412,-107.08056640625,-7.290798187255859,3.705804502804286,8,,,,,,,,,,,,0.0,,lane_follow,LANE_KEEP,,,0,,,0,0,0,,,306.9128186994802,162.78678169679347,0.0,0.8066013959607689,1978.151686316589,True,-0.42114585827767287,3.4999999995074353,1.07,-0.03002951796046957,False,0,1786,0.0
1786,97.975921413,-107.06963348388672,-7.477383136749268,3.759873229227969,8,,,,,,,,,,,,0.0,,lane_follow,LANE_KEEP,,,0,,,0,0,0,,,,,,,,True,-0.4123050347336034,3.4999999995074353,1.07,-0.01795968099155129,False,0,1787,0.0
1787,98.025921413,-107.05909729003906,-7.666646957397461,3.8123444682472174,8,,,,,,,,,,,,0.0,,lane_follow,LANE_KEEP,,,0,,,0,0,0,,,,,,,,True,-0.40389094198122777,3.499999999507478,1.07,-0.005657426011431127,False,0,1788,0.0
1788,98.075921414,-107.04887390136719,-7.858518600463867,3.8636299251057658,8,,,,,,,,,,,,0.0,,lane_follow,LANE_KEEP,,,0,,,0,0,0,,,,,,,,True,-0.3958188655731951,3.499999999507478,1.07,0.006503643639124729,False,0,1789,0.0
1789,98.125921415,-107.03903198242188,-8.052928924560547,3.9133984954209162,8,,,,,,,,,,,,0.0,,lane_follow,LANE_KEEP,,,0,,,0,0,0,,,290.6073149974784,152.7480739386301,0.0,0.7443222503426757,2000.3212657888832,True,-0.38815669074904413,3.4999999995075064,1.07,0.01873807180686274,False,0,1790,0.0
1790,98.175921416,-107.02962493896484,-8.249820709228516,3.962153278999251,8,,,,,,,,,,,,0.0,,lane_follow,LANE_KEEP,,,0,,,0,0,0,,,,,,,,True,-0.38095717853590727,3.499999999507535,1.07,0.03080438817311784,False,0,1791,0.0
1791,98.225921416,-107.0206298828125,-8.449129104614258,4.009548602542827,8,,,,,,,,,,,,0.0,,lane_follow,LANE_KEEP,,,0,,,0,0,0,,,,,,,,True,-0.3741967152936999,3.499999999507579,1.07,0.04279282982214219,False,0,1792,0.0
1792,98.275921417,-107.01203155517578,-8.650799751281738,4.056063906414244,8,,,,,,,,,,,,0.0,,lane_follow,LANE_KEEP,,,0,,,0,0,0,,,,,,,,True,-0.36785943388156983,3.4999999995075775,1.07,0.05445001002921926,False,0,1793,0.0
1793,98.325921418,-107.00384521484375,-8.854772567749023,4.101203133123761,8,,,,,,,,,,,,0.0,,lane_follow,LANE_KEEP,,,0,,,0,0,0,,,276.09525320311343,152.39715652828164,0.0,0.6835849700427228,2022.6985724615888,True,-0.3619599186830673,3.4999999995075917,1.07,0.06593277374417697,False,0,1794,0.0
1794,98.375921419,-106.99605560302734,-9.060995101928711,4.14549439484173,8,,,,,,,,,,,,0.0,,lane_follow,LANE_KEEP,,,0,,,0,0,0,,,,,,,,True,-0.35648232393740437,3.4999999995076214,1.07,0.07700635899929145,False,0,1795,0.0
1795,98.425921419,-106.98861694335938,-9.269404411315918,4.188413968926674,8,,,,,,,,,,,,0.0,,lane_follow,LANE_KEEP,,,0,,,0,0,0,,,,,,,,True,-0.351380170636719,3.499999999507633,1.07,0.08774032516419408,False,0,1796,0.0
1796,98.47592142,-106.98158264160156,-9.479949951171875,4.230511333905035,8,,,,,,,,,,,,0.0,,lane_follow,LANE_KEEP,,,0,,,0,0,0,,,,,,,,True,-0.34670629463734787,3.4999999995076627,1.07,0.09802122883923939,False,0,1797,0.0
1797,98.525921421,-106.97492218017578,-9.692578315734863,4.271356509108648,8,,,,,,,,,,,,0.0,,lane_follow,LANE_KEEP,,,0,,,0,0,0,,,263.35628940187024,157.99298581099717,0.0,0.6299439744379604,2039.5544551188489,True,-0.3424295816584959,3.4999999995076925,1.07,0.10795911314818687,False,0,1798,0.0
1798,98.575921422,-106.96857452392578,-9.907238960266113,4.311532137070906,8,,,,,,,,,,,,0.0,,lane_follow,LANE_KEEP,,,0,,,0,0,0,,,,,,,,True,-0.3384884338267915,3.499999999507708,1.07,0.11735444273107368,False,0,1799,0.0
1799,98.625921422,-106.96249389648438,-10.123885154724121,4.350534614123367,8,,,,,,,,,,,,0.0,,lane_follow,LANE_KEEP,,,0,,,0,0,0,,,,,,,,True,-0.33483655385842814,3.4999999995077196,1.07,0.12627792280663055,False,0,1800,0.0
1800,98.675921423,-106.95679473876953,-10.342470169067383,4.388850416327075,8,,,,,,,,,,,,0.0,,lane_follow,LANE_KEEP,,,0,,,0,0,0,,,,,,,,True,-0.33158785169015687,3.499999999507764,1.07,0.13468467416660804,False,0,1801,0.0
